name,lat,lng,address,google_maps_url,place_id,cid,google_name,status
TRẠM THU PHÍ BẮC BÌNH ĐỊNH,14.3971237,109.0178425,"92W9+R4W, AH1, Bồng Sơn, Gia Lai, Việt Nam","https://www.google.com/maps/place/Tr%E1%BA%A1m+Thu+ph%C3%AD+B%E1%BA%AFc+B%C3%ACnh+%C4%90%E1%BB%8Bnh/@14.3971237,109.0178425,17z/data=!3m1!4b1!4m6!3m5!1s0x3168cfc13d831721:0x6adeb85cc894a565!8m2!3d14.3971237!4d109.0178425!16s%2Fg%2F11f15ht1rt?entry=ttu&g_ep=EgoyMDI2MDYwMS4wIKXMDSoASAFQAw%3D%3D",,0x3168cfc13d831721:0x6adeb85cc894a565,Trạm Thu phí Bắc Bình Định,1
TRẠM THU PHÍ NAM BÌNH ĐỊNH,13.871314,109.1254223,"V4CG+G5F, AH1, An Nhơn Nam, Gia Lai, Việt Nam","https://www.google.com/maps/place/Tr%E1%BA%A1m+Thu+ph%C3%AD+Nam+B%C3%ACnh+%C4%90%E1%BB%8Bnh/@13.871314,109.1254223,17z/data=!3m1!4b1!4m6!3m5!1s0x316f158e2d78bc5b:0x343baadefce11542!8m2!3d13.871314!4d109.1254223!16s%2Fg%2F11cm1sqjy1?entry=ttu&g_ep=EgoyMDI2MDYwMS4wIKXMDSoASAFQAw%3D%3D",,0x316f158e2d78bc5b:0x343baadefce11542,Trạm Thu phí Nam Bình Định,1
TRẠM THU PHÍ ĐÔNG HƯNG,20.5588202,106.3680508,"H959+G6F, Unnamed, Road, Đông Hưng, Hưng Yên, Việt Nam","https://www.google.com/maps/place/Tr%E1%BA%A1m+Thu+ph%C3%AD+%C4%90%C3%B4ng+H%C6%B0ng/@20.5588202,106.3680508,17z/data=!3m1!4b1!4m6!3m5!1s0x3135f1b207fca00d:0x428ce67d76d2a404!8m2!3d20.5588202!4d106.3680508!16s%2Fg%2F11jn_wbm53?entry=ttu&g_ep=EgoyMDI2MDYwMS4wIKXMDSoASAFQAw%3D%3D",,0x3135f1b207fca00d:0x428ce67d76d2a404,Trạm Thu phí Đông Hưng,1
TRẠM THU PHÍ MỸ LỘC,20.4475087,106.1197479,"C4X9+2V5, Mỹ Lộc, Ninh Bình, Việt Nam","https://www.google.com/maps/place/Tr%E1%BA%A1m+Thu+ph%C3%AD+M%E1%BB%B9+L%E1%BB%99c/@20.4475087,106.1197479,17z/data=!3m1!4b1!4m6!3m5!1s0x3135ddc84cbe6d71:0xa282c51b7390d023!8m2!3d20.4475087!4d106.1197479!16s%2Fg%2F11c0xrzq1c?entry=ttu&g_ep=EgoyMDI2MDYwMS4wIKXMDSoASAFQAw%3D%3D",,0x3135ddc84cbe6d71:0xa282c51b7390d023,Trạm Thu phí Mỹ Lộc,1
TRẠM THU PHÍ CAI LẬY ( CAO TỐC TRUNG LƯƠNG- MỸ THUẬN),10.3175446,105.8801164,"8V9J+62, Thanh Hưng, Đồng Tháp, Việt Nam","https://www.google.com/maps/place/Tr%E1%BA%A1m+Thu+ph%C3%AD+Cao+T%E1%BB%91c+Trung+L%C6%B0%C6%A1ng+-+M%E1%BB%B9+Thu%E1%BA%ADn/@10.3175446,105.8801164,17z/data=!3m1!4b1!4m6!3m5!1s0x310a85de63ba9bdb:0x8d4e8510e00683ae!8m2!3d10.3175446!4d105.8801164!16s%2Fg%2F11rncst8dm?entry=ttu&g_ep=EgoyMDI2MDYwMS4wIKXMDSoASAFQAw%3D%3D",,0x310a85de63ba9bdb:0x8d4e8510e00683ae,Trạm Thu phí Cao Tốc Trung Lương - Mỹ Thuận,1
Trạm thu phí Thân Cửu Nghĩa,10.4310606,106.3155488,"C8J8+C6F, Đường Cao Tốc TPHCM - Trung Lương, Long Hưng, Đồng Tháp, Việt Nam","https://www.google.com/maps/place/Tr%E1%BA%A1m+thu+ph%C3%AD+Th%C3%A2n+C%E1%BB%ADu+Ngh%C4%A9a/@10.4310606,106.3155488,17z/data=!3m1!4b1!4m6!3m5!1s0x310abb00187a7501:0xb4370397affa4843!8m2!3d10.4310606!4d106.3155488!16s%2Fg%2F11ytk863p5?authuser=0&hl=vi&entry=ttu&g_ep=EgoyMDI2MDYwMS4wIKXMDSoASAFQAw%3D%3D",,0x310abb00187a7501:0xb4370397affa4843,Trạm thu phí Thân Cửu Nghĩa,1
TRẠM THU PHÍ CAI LẬY ( QUỐC LỘ 1A),10.4101123,106.0605441,"C366+26V, Bình Phú, Đồng Tháp, Việt Nam","https://www.google.com/maps/place/Tr%E1%BA%A1m+Thu+ph%C3%AD+Cai+L%E1%BA%ADy/@10.4101123,106.0605441,17z/data=!3m1!4b1!4m6!3m5!1s0x310a90ca7c470ed9:0x319f12b56fc96bc!8m2!3d10.4101123!4d106.0605441!16s%2Fg%2F11fy4htjk8?entry=ttu&g_ep=EgoyMDI2MDYwMS4wIKXMDSoASAFQAw%3D%3D",,0x310a90ca7c470ed9:0x319f12b56fc96bc,Trạm Thu phí Cai Lậy,1
TRẠM THU PHÍ CAM THỊNH ( KHÁNH HÒA),11.8724221,109.1085221,"V4C5+XC6, AH1, Nam Cam Ranh, Khánh Hòa, Việt Nam","https://www.google.com/maps/place/Tr%E1%BA%A1m+Thu+ph%C3%AD+Cam+Th%E1%BB%8Bnh/@11.8724221,109.1085221,17z/data=!3m1!4b1!4m6!3m5!1s0x3170ec11a54e6a3b:0xea4b65a46949a0b6!8m2!3d11.8724221!4d109.1085221!16s%2Fg%2F11c72r_xh5?entry=ttu&g_ep=EgoyMDI2MDYwMS4wIKXMDSoASAFQAw%3D%3D",,0x3170ec11a54e6a3b:0xea4b65a46949a0b6,Trạm Thu phí Cam Thịnh,1
TRẠM THU PHÍ CAM RANH KM52,11.8724221,109.1085221,"V4C5+XC6, AH1, Nam Cam Ranh, Khánh Hòa, Việt Nam","https://www.google.com/maps/place/Tr%E1%BA%A1m+Thu+ph%C3%AD+Cam+Th%E1%BB%8Bnh/@11.8724221,109.1085221,17z/data=!3m1!4b1!4m6!3m5!1s0x3170ec11a54e6a3b:0xea4b65a46949a0b6!8m2!3d11.8724221!4d109.1085221!16s%2Fg%2F11c72r_xh5?entry=ttu&g_ep=EgoyMDI2MDYwMS4wIKXMDSoASAFQAw%3D%3D",,0x3170ec11a54e6a3b:0xea4b65a46949a0b6,Trạm Thu phí Cam Thịnh,1
TRẠM THU PHÍ CAM LÂM KM30,12.057288,109.1246321,"1998 Bãi Giếng - Trung Hiệp, Cam Lâm, Khánh Hòa, Việt Nam","https://www.google.com/maps/place/Tr%E1%BA%A1m+Thu+ph%C3%AD+Cam+L%C3%A2m/@12.057288,109.1246321,17z/data=!3m1!4b1!4m6!3m5!1s0x3170f5005d14d789:0x93538b7077e7957f!8m2!3d12.057288!4d109.1246321!16s%2Fg%2F11vz7ttwy6?entry=ttu&g_ep=EgoyMDI2MDYwMS4wIKXMDSoASAFQAw%3D%3D",,0x3170f5005d14d789:0x93538b7077e7957f,Trạm Thu phí Cam Lâm,1
TRẠM THU PHÍ QUỐC LỘ 5 HƯNG YÊN,20.9493367,106.0125573,"W2X7+P2M, QL5, Như Quỳnh, Hưng Yên, Việt Nam",https://www.google.com/maps/place/Tr%E1%BA%A1m+Thu+ph%C3%AD+S%E1%BB%91+1+-+Qu%E1%BB%91c+l%E1%BB%99+5/data=!4m7!3m6!1s0x3135a5611a298687:0x7923b12f71f9f315!8m2!3d20.9493367!4d106.0125573!16s%2Fg%2F11mprbskjr!19sChIJh4YpGmGlNTERFfP5cS-xI3k?authuser=0&hl=vi&rclk=1,ChIJh4YpGmGlNTERFfP5cS-xI3k,0x3135a5611a298687:0x7923b12f71f9f315,Trạm Thu phí Số 1 - Quốc lộ 5,1
TRẠM THU PHÍ ĐẠI YÊN,20.986274,106.9033059,"QL18, Tuần Châu, Quảng Ninh, Việt Nam","https://www.google.com/maps/place/Tr%E1%BA%A1m+thu+ph%C3%AD+%C4%90%E1%BA%A1i+Y%C3%AAn,+QL18,+Tu%E1%BA%A7n+Ch%C3%A2u,+Qu%E1%BA%A3ng+Ninh,+Vi%E1%BB%87t+Nam/@20.986274,106.9033059,17z/data=!3m1!4b1!4m6!3m5!1s0x314a6005a11c24d9:0xd7b57461feb6c827!8m2!3d20.986274!4d106.9033059!16s%2Fg%2F11bbsz3fzf?entry=ttu&g_ep=EgoyMDI2MDYwMS4wIKXMDSoASAFQAw%3D%3D",,0x314a6005a11c24d9:0xd7b57461feb6c827,Trạm thu phí Đại Yên,1
TRẠM THU PHÍ CẦN THƠ - PHỤNG HIỆP,9.9728676,105.7404303,"119 QL1, Cái Răng, Cần Thơ, Việt Nam","https://www.google.com/maps/place/Tr%E1%BA%A1m+Thu+ph%C3%AD+C%E1%BA%A7n+Th%C6%A1+-+Ph%E1%BB%A5ng+Hi%E1%BB%87p/@9.9728676,105.7404303,17z/data=!3m1!4b1!4m6!3m5!1s0x31a089d108f418a7:0xa857b8801fb1de71!8m2!3d9.9728676!4d105.7404303!16s%2Fg%2F11gzngmf37?entry=ttu&g_ep=EgoyMDI2MDYwMS4wIKXMDSoASAFQAw%3D%3D",,0x31a089d108f418a7:0xa857b8801fb1de71,Trạm Thu phí Cần Thơ - Phụng Hiệp,1
TRẠM THU PHÍ CẨM PHẢ QL 18,21.0031012,107.3271867,"Trần Quốc Tảng, Cửa Ông, Quảng Ninh, Việt Nam","https://www.google.com/maps/place/Tr%E1%BA%A1m+Thu+Ph%C3%AD+C%E1%BA%A9m+Ph%E1%BA%A3/@21.0031012,107.3271867,17z/data=!3m1!4b1!4m6!3m5!1s0x314b01ad9579ffb9:0xa12f7d8f16a2a2ec!8m2!3d21.0031012!4d107.3271867!16s%2Fg%2F11fx9h1q9d?entry=ttu&g_ep=EgoyMDI2MDYwMS4wIKXMDSoASAFQAw%3D%3D",,0x314b01ad9579ffb9:0xa12f7d8f16a2a2ec,Trạm Thu Phí Cẩm Phả,1
TRẠM THU PHÍ HẠ LONG VÂN ĐỒN,21.0824258,107.3928713,"39JV+X4H, Unnamed, Road, Vân Đồn, Quảng Ninh, Việt Nam","https://www.google.com/maps/place/Tr%E1%BA%A1m+thu+ph%C3%AD+cao+t%E1%BB%91c+H%E1%BA%A1+Long+-+V%C3%A2n+%C4%90%E1%BB%93n/@21.0824258,107.3928713,17z/data=!3m1!4b1!4m6!3m5!1s0x314b055c6e77a297:0xe53f443500b290d2!8m2!3d21.0824258!4d107.3928713!16s%2Fg%2F11fmd7ct3t?entry=ttu&g_ep=EgoyMDI2MDYwMS4wIKXMDSoASAFQAw%3D%3D",,0x314b055c6e77a297:0xe53f443500b290d2,Trạm thu phí cao tốc Hạ Long - Vân Đồn,1
TRẠM THU PHÍ TIÊN YÊN - MÓNG CÁI,21.3086586,107.4760592,"Đông Ngũ, Quảng Ninh, Việt Nam","https://www.google.com/maps/place/Tr%E1%BA%A1m+Thu+ph%C3%AD+Ti%C3%AAn+Y%C3%AAn/@21.3086586,107.4760592,17z/data=!3m1!4b1!4m6!3m5!1s0x314b23dda3f5de9f:0xdd4c320f8170c6ef!8m2!3d21.3086586!4d107.4760592!16s%2Fg%2F11s7kpk60l?entry=ttu&g_ep=EgoyMDI2MDYwMS4wIKXMDSoASAFQAw%3D%3D",,0x314b23dda3f5de9f:0xdd4c320f8170c6ef,Trạm Thu phí Tiên Yên,1
TRẠM THU PHÍ DT741- BÌNH DƯƠNG,11.2218334,106.7252837,"6PCG+P43, ĐT741, Phước Hòa, Hồ Chí Minh, Việt Nam","https://www.google.com/maps/place/Tr%E1%BA%A1m+Thu+Ph%C3%AD+%C4%90T741/@11.2218334,106.7252837,17z/data=!3m1!4b1!4m6!3m5!1s0x3174c7ec066570e9:0x71f957b08d6184c7!8m2!3d11.2218334!4d106.7252837!16s%2Fg%2F11vf1p4v9b?entry=ttu&g_ep=EgoyMDI2MDYwMS4wIKXMDSoASAFQAw%3D%3D",,0x3174c7ec066570e9:0x71f957b08d6184c7,Trạm Thu Phí ĐT741,1
TRẠM THU PHÍ SUỐI GIỮA,11.0052367,106.6456296,"2J4W+37R, Đại lộ Bình Dương, Chánh Hiệp, Hồ Chí Minh, Việt Nam","https://www.google.com/maps/place/Tr%E1%BA%A1m+Thu+ph%C3%AD+Su%E1%BB%91i+Gi%E1%BB%AFa/@11.0052367,106.6456296,17z/data=!3m1!4b1!4m6!3m5!1s0x3174d128d66efa31:0x21f2d3b77828b988!8m2!3d11.0052367!4d106.6456296!16s%2Fg%2F1td67ckn?entry=ttu&g_ep=EgoyMDI2MDYwMS4wIKXMDSoASAFQAw%3D%3D",,0x3174d128d66efa31:0x21f2d3b77828b988,Trạm Thu phí Suối Giữa,1
TRẠM THU PHÍ VĨNH PHÚ,10.886868,106.6997385,"32 Đại lộ Bình Dương, Khu Phố, Lái Thiêu, Hồ Chí Minh, Việt Nam","https://www.google.com/maps/place/Tr%E1%BA%A1m+thu+ph%C3%AD+V%C4%A9nh+Ph%C3%BA,+32+%C4%90%E1%BA%A1i+l%E1%BB%99+B%C3%ACnh+D%C6%B0%C6%A1ng,+Khu+Ph%E1%BB%91,+L%C3%A1i+Thi%C3%AAu,+H%E1%BB%93+Ch%C3%AD+Minh,+Vi%E1%BB%87t+Nam/@10.886839,106.6996894,17z/data=!3m1!4b1!4m6!3m5!1s0x3174d7dd570203ff:0x4ea22707fe549840!8m2!3d10.886868!4d106.6997385!16s%2Fg%2F11bvtgt33s?entry=ttu&g_ep=EgoyMDI2MDYwMS4wIKXMDSoASAFQAw%3D%3D",,0x3174d7dd570203ff:0x4ea22707fe549840,Trạm thu phí Vĩnh Phú,1
TRẠM THU PHÍ QL 5 SỐ 2 ( TRẠM QUÁN TOAN),20.9085704,106.5726339,"QL5 chợ Hỗ, Hồng An, Hải Phòng, Việt Nam","https://www.google.com/maps/place/Tr%E1%BA%A1m+Thu+ph%C3%AD+S%E1%BB%91+2+-+Qu%E1%BB%91c+l%E1%BB%99+5/@20.9085704,106.5726339,17z/data=!3m1!4b1!4m6!3m5!1s0x314a78e66e0cd1e1:0x7e47aa60a24902c!8m2!3d20.9085704!4d106.5726339!16s%2Fg%2F1hc4yhvrv?entry=ttu&g_ep=EgoyMDI2MDYwMS4wIKXMDSoASAFQAw%3D%3D",,0x314a78e66e0cd1e1:0x7e47aa60a24902c,Trạm Thu phí Số 2 - Quốc lộ 5,1
TRẠM THU PHÍ PHẢ LẠI,21.116648,106.2765208,"478G+MJ2, Phù Lãng, Bắc Ninh, Việt Nam","https://www.google.com/maps/place/Tr%E1%BA%A1m+Thu+ph%C3%AD+Ph%E1%BA%A3+L%E1%BA%A1i/@21.116648,106.2765208,17z/data=!3m1!4b1!4m6!3m5!1s0x313577ca407fbdf9:0xd1e99dd9d6e61ae6!8m2!3d21.116648!4d106.2765208!16s%2Fg%2F11h6nswrsr?entry=ttu&g_ep=EgoyMDI2MDYwMS4wIKXMDSoASAFQAw%3D%3D",,0x313577ca407fbdf9:0xd1e99dd9d6e61ae6,Trạm Thu phí Phả Lại,1
TRẠM THU PHÍ TIÊN CỰU,20.7764367,106.5076222,"QGG5+H2H, QL10, Quyết Thắng, Hải Phòng, Việt Nam","https://www.google.com/maps/place/Tr%E1%BA%A1m+Thu+ph%C3%AD+Ti%C3%AAn+C%E1%BB%B1u/@20.7764367,106.5076222,17z/data=!3m1!4b1!4m6!3m5!1s0x31358996beaaaaab:0x6a486293c9c3760b!8m2!3d20.7764367!4d106.5076222!16s%2Fg%2F1tnkzw90?entry=ttu&g_ep=EgoyMDI2MDYwMS4wIKXMDSoASAFQAw%3D%3D",,0x31358996beaaaaab:0x6a486293c9c3760b,Trạm Thu phí Tiên Cựu,1
TRẠM THU PHÍ TRẢNG BOM- ĐỒNG NAI,10.9453765,107.0574443,"Trạm thu phí đường tránh Biên Hòa, QL1A, Hưng Thịnh, Đồng Nai 76000, Việt Nam","https://www.google.com/maps/place/Tr%E1%BA%A1m+Thu+ph%C3%AD+Tr%E1%BA%A3ng+Bom/@10.9453765,107.0574443,17z/data=!3m1!4b1!4m6!3m5!1s0x3174e481b1d33e3b:0xcb649026b77d9c51!8m2!3d10.9453765!4d107.0574443!16s%2Fg%2F11f126nh_4?entry=ttu&g_ep=EgoyMDI2MDYwMS4wIKXMDSoASAFQAw%3D%3D",,0x3174e481b1d33e3b:0xcb649026b77d9c51,Trạm Thu phí Trảng Bom,1
TRẠM THU PHÍ BOT 319,10.7687709,106.9228499,"Ngã 3, Bến Cam, Nhơn Trạch, Đồng Nai, Việt Nam","https://www.google.com/maps/place/Tr%E1%BA%A1m+Thu+ph%C3%AD+319+HLD/@10.7687709,106.9228499,17z/data=!3m1!4b1!4m6!3m5!1s0x317519e570d57dbb:0x3aa8452199f3b6a4!8m2!3d10.7687709!4d106.9228499!16s%2Fg%2F11shlyq3yg?entry=ttu&g_ep=EgoyMDI2MDYwMS4wIKXMDSoASAFQAw%3D%3D",,0x317519e570d57dbb:0x3aa8452199f3b6a4,Trạm Thu phí 319 HLD,1
TRẠM THU PHÍ HOÀNG MAI,19.3019039,105.7242358,"AH1, Hoàng Mai, Nghệ An, Việt Nam","https://www.google.com/maps/place/Tr%E1%BA%A1m+Thu+Ph%C3%AD+Ho%C3%A0ng+Mai,+AH1,+Ho%C3%A0ng+Mai,+Ngh%E1%BB%87+An,+Vi%E1%BB%87t+Nam/@19.3019039,105.7242358,17z/data=!3m1!4b1!4m6!3m5!1s0x31370b0631ba47d3:0x514cec1b205bf852!8m2!3d19.3019039!4d105.7242358!16s%2Fg%2F11bx1_g2qf?entry=ttu&g_ep=EgoyMDI2MDYwMS4wIKXMDSoASAFQAw%3D%3D",,0x31370b0631ba47d3:0x514cec1b205bf852,Trạm Thu Phí Hoàng Mai,1
TRẠM THU PHÍ TƯ NGHĨA,15.0633587,108.8391931,"3R7Q+8M, Tư Nghĩa, Quảng Ngãi, Việt Nam","https://www.google.com/maps/place/Tr%E1%BA%A1m+Thu+ph%C3%AD+T%C6%B0+Ngh%C4%A9a/@15.0633587,108.8391931,17z/data=!3m1!4b1!4m6!3m5!1s0x31685500638749d5:0x6128d340a90eed14!8m2!3d15.0633587!4d108.8391931!16s%2Fg%2F11vx4fnwwm?entry=ttu&g_ep=EgoyMDI2MDYwMS4wIKXMDSoASAFQAw%3D%3D",,0x31685500638749d5:0x6128d340a90eed14,Trạm Thu phí Tư Nghĩa,1
TRẠM THU PHÍ PHÚ BÀI,16.3702707,107.7249773,"9PCF+4X5, AH1, Phú Bài, Huế, Việt Nam","https://www.google.com/maps/place/Tr%E1%BA%A1m+Thu+ph%C3%AD+Ph%C3%BA+B%C3%A0i/@16.3702707,107.7249773,17z/data=!3m1!4b1!4m6!3m5!1s0x314199ae55bfffff:0x5afc509a542fd818!8m2!3d16.3702707!4d107.7249773!16s%2Fg%2F11c2k985mg?entry=ttu&g_ep=EgoyMDI2MDYwMS4wIKXMDSoASAFQAw%3D%3D",,0x314199ae55bfffff:0x5afc509a542fd818,Trạm Thu phí Phú Bài,1
TRẠM THU PHÍ QL279 ( BẮC GIANG LẠNG SƠN),21.6205522,106.5586596,"JHC5+6FF, ĐCT Bắc Giang - Lạng Sơn, Chi Lăng, Lạng Sơn, Việt Nam","https://www.google.com/maps/place/Tr%E1%BA%A1m+Thu+ph%C3%AD+Qu%E1%BB%91c+l%E1%BB%99+279/@21.6205522,106.5586596,17z/data=!3m1!4b1!4m6!3m5!1s0x314aa94675f122f7:0x34b7d4deee34ac21!8m2!3d21.6205522!4d106.5586596!16s%2Fg%2F11j8l2s317?entry=ttu&g_ep=EgoyMDI2MDYwMS4wIKXMDSoASAFQAw%3D%3D",,0x314aa94675f122f7:0x34b7d4deee34ac21,Trạm Thu phí Quốc lộ 279,1
TRẠM THU PHÍ TASCO QUẢNG BÌNH,17.8902161,106.4509095,"VFR2+39M, Phú Trạch, Quảng Trị, Việt Nam","https://www.google.com/maps/place/Tr%E1%BA%A1m+Thu+Ph%C3%AD+TASCO+Qu%E1%BA%A3ng+B%C3%ACnh/@17.8902161,106.4509095,17z/data=!3m1!4b1!4m6!3m5!1s0x31389ca4896368dd:0xbb5d35eb986ccd39!8m2!3d17.8902161!4d106.4509095!16s%2Fg%2F11bw6rr5bk?entry=ttu&g_ep=EgoyMDI2MDYwMS4wIKXMDSoASAFQAw%3D%3D",,0x31389ca4896368dd:0xbb5d35eb986ccd39,Trạm Thu Phí TASCO Quảng Bình,1
TRẠM THU PHÍ TAM KỲ,15.548535,108.5184763,"GGX9+C99, QL1A, Tam Xuân, Đà Nẵng, Việt Nam","https://www.google.com/maps/place/Tr%E1%BA%A1m+Thu+ph%C3%AD+Tam+K%E1%BB%B3/@15.548535,108.5184763,17z/data=!3m1!4b1!4m6!3m5!1s0x3169dca970099499:0x4fe99dcae8a46f55!8m2!3d15.548535!4d108.5184763!16s%2Fg%2F11b67hd57c?entry=ttu&g_ep=EgoyMDI2MDYwMS4wIKXMDSoASAFQAw%3D%3D",,0x3169dca970099499:0x4fe99dcae8a46f55,Trạm Thu phí Tam Kỳ,1
TRẠM THU PHÍ HÒA PHƯỚC,16.0046282,108.246048,"263W+VC3, Quảng Nam, Ngũ Hành Sơn, Đà Nẵng 550000, Việt Nam","https://www.google.com/maps/place/Tr%E1%BA%A1m+thu+ph%C3%AD+Ho%C3%A0+Ph%C6%B0%E1%BB%9Bc/@16.0046282,108.246048,17z/data=!3m1!4b1!4m6!3m5!1s0x314211002803bfd5:0x866ac438de653492!8m2!3d16.0046282!4d108.246048!16s%2Fg%2F11njrx82nx?entry=ttu&g_ep=EgoyMDI2MDYwMS4wIKXMDSoASAFQAw%3D%3D",,0x314211002803bfd5:0x866ac438de653492,Trạm thu phí Hoà Phước,1
TRẠM THU PHÍ TAM NÔNG,21.2433177,105.3260139,"68VG+8CC, Tam Nông, Phú Thọ, Việt Nam","https://www.google.com/maps/place/Tr%E1%BA%A1m+Thu+ph%C3%AD+Tam+N%C3%B4ng/@21.2433177,105.3260139,17z/data=!3m1!4b1!4m6!3m5!1s0x31348c0816a298f9:0xb237504939c3d56e!8m2!3d21.2433177!4d105.3260139!16s%2Fg%2F11g8pdhrsq?entry=ttu&g_ep=EgoyMDI2MDYwMS4wIKXMDSoASAFQAw%3D%3D",,0x31348c0816a298f9:0xb237504939c3d56e,Trạm Thu phí Tam Nông,1
TRẠM THU PHÍ PHÁP VÂN- CẦU GIẼ,20.9075135,105.8613805,"WV46+XF4, ĐCT Pháp Vân - Cầu Giẽ, Nam Phù, Hà Nội, Việt Nam","https://www.google.com/maps/place/Tr%E1%BA%A1m+thu+ph%C3%AD+Ph%C3%A1p+V%C3%A2n/@20.9075135,105.8613805,17z/data=!3m1!4b1!4m6!3m5!1s0x3135b3eca01742e5:0xa4130783e09443d5!8m2!3d20.9075135!4d105.8613805!16s%2Fg%2F11t4928m1f?entry=ttu&g_ep=EgoyMDI2MDYwMS4wIKXMDSoASAFQAw%3D%3D",,0x3135b3eca01742e5:0xa4130783e09443d5,Trạm thu phí Pháp Vân,1
TRẠM THU PHÍ CẦU HẠC TRÌ,21.2945151,105.4493861,"Trạm thu phí cầu Hạc Trì, Thanh Miếu, Phú Thọ, Việt Nam","https://www.google.com/maps/place/Tr%E1%BA%A1m+Thu+ph%C3%AD+C%E1%BA%A7u+H%E1%BA%A1c+Tr%C3%AC/@21.2945151,105.4493861,17z/data=!3m1!4b1!4m6!3m5!1s0x3134f3fb132c71c3:0x1919de4d7243a0bd!8m2!3d21.2945151!4d105.4493861!16s%2Fg%2F11p01q3gyj?entry=ttu&g_ep=EgoyMDI2MDYwMS4wIKXMDSoASAFQAw%3D%3D",,0x3134f3fb132c71c3:0x1919de4d7243a0bd,Trạm Thu phí Cầu Hạc Trì,1
TRẠM THU PHÍ BẠC LIÊU,9.3743521,105.7122771,"9PF6+PWR, Vĩnh Lợi, Cà Mau, Việt Nam","https://www.google.com/maps/place/Tr%E1%BA%A1m+Thu+ph%C3%AD+B%E1%BA%A1c+Li%C3%AAu/@9.3743521,105.7122771,17z/data=!3m1!4b1!4m6!3m5!1s0x31a10618864342cf:0xdba2f305ec5244bb!8m2!3d9.3743521!4d105.7122771!16s%2Fg%2F11c6rfwy2c?entry=ttu&g_ep=EgoyMDI2MDYwMS4wIKXMDSoASAFQAw%3D%3D",,0x31a10618864342cf:0xdba2f305ec5244bb,Trạm Thu phí Bạc Liêu,1
TRẠM THU PHÍ ĐẮC NÔNG,12.1883894,107.6376395,"5JQQ+932, QL14, Trường Xuân, Lâm Đồng, Việt Nam","https://www.google.com/maps/place/Tr%E1%BA%A1m+Thu+ph%C3%AD+%C4%90%E1%BA%AFk+Song/@12.1883894,107.6376395,17z/data=!3m1!4b1!4m6!3m5!1s0x3173b50e4072701b:0x71e0ee2bb31561b0!8m2!3d12.1883894!4d107.6376395!16s%2Fg%2F11g9jdd5jv?entry=ttu&g_ep=EgoyMDI2MDYwMS4wIKXMDSoASAFQAw%3D%3D",,0x3173b50e4072701b:0x71e0ee2bb31561b0,Trạm Thu phí Đắk Song,1
TRẠM THU PHÍ BẮC THĂNG LONG- NỘI BÀI,21.2031777,105.7795302,"6Q3H+7RC, Đ. Võ Văn Kiệt, Nội Bài, Hà Nội, Việt Nam","https://www.google.com/maps/place/Tr%E1%BA%A1m+Thu+ph%C3%AD+B%E1%BA%AFc+Th%C4%83ng+Long+-+N%E1%BB%99i+B%C3%A0i/@21.2031777,105.7795302,17z/data=!3m1!4b1!4m6!3m5!1s0x3134fd51f7b40205:0x440a3d15bb1842f3!8m2!3d21.2031777!4d105.7795302!16s%2Fg%2F11h40yh90n?entry=ttu&g_ep=EgoyMDI2MDYwMS4wIKXMDSoASAFQAw%3D%3D",,0x3134fd51f7b40205:0x440a3d15bb1842f3,Trạm Thu phí Bắc Thăng Long - Nội Bài,1
TRẠM THU PHÍ VẠN ĐIỂM ( PV-CG),20.9075135,105.8613805,"WV46+XF4, ĐCT Pháp Vân - Cầu Giẽ, Nam Phù, Hà Nội, Việt Nam","https://www.google.com/maps/place/Tr%E1%BA%A1m+thu+ph%C3%AD+Ph%C3%A1p+V%C3%A2n/@20.9075135,105.8613805,17z/data=!3m1!4b1!4m6!3m5!1s0x3135b3eca01742e5:0xa4130783e09443d5!8m2!3d20.9075135!4d105.8613805!16s%2Fg%2F11t4928m1f?entry=ttu&g_ep=EgoyMDI2MDYwMS4wIKXMDSoASAFQAw%3D%3D",,0x3135b3eca01742e5:0xa4130783e09443d5,Trạm thu phí Pháp Vân,1
TRẠM THU PHÍ AN SƯƠNG AN LẠC,10.7949827,106.5966321,"QHVV+VC8 Trạm thu phí An Sương-An Lạc, 562 QL1A, Bình Hưng Hòa, Hồ Chí Minh, Việt Nam","https://www.google.com/maps/place/Tr%E1%BA%A1m+thu+ph%C3%AD+An+S%C6%B0%C6%A1ng+-+An+L%E1%BA%A1c/@10.7949827,106.5966321,17z/data=!3m1!4b1!4m6!3m5!1s0x31752b882c626f87:0xc3fe29f53512493a!8m2!3d10.7949827!4d106.5966321!16s%2Fg%2F11gbh_x9_3?entry=ttu&g_ep=EgoyMDI2MDYwMS4wIKXMDSoASAFQAw%3D%3D",,0x31752b882c626f87:0xc3fe29f53512493a,Trạm thu phí An Sương - An Lạc,1
Trạm thu phí Hải Hà,21.4650905,107.7058191,"FP84+28P, Quảng Đức, Quảng Ninh, Việt Nam","https://www.google.com/maps/place/Tr%E1%BA%A1m+Thu+ph%C3%AD+H%E1%BA%A3i+H%C3%A0/@21.4650905,107.7058191,17z/data=!3m1!4b1!4m6!3m5!1s0x314b492f469c0df7:0xf8ffe4c1f81ae76f!8m2!3d21.4650905!4d107.7058191!16s%2Fg%2F11sbrbplmn?entry=ttu&g_ep=EgoyMDI2MDYwMS4wIKXMDSoASAFQAw%3D%3D",,0x314b492f469c0df7:0xf8ffe4c1f81ae76f,Trạm Thu phí Hải Hà,1
Trạm thu phí 104 – BGLS,21.3159083,106.2588803,"8785+9H6, Lạng Giang, Bắc Ninh, Việt Nam","https://www.google.com/maps/place/Tr%E1%BA%A1m+Thu+ph%C3%AD+Km+104+Cao+t%E1%BB%91c+B%E1%BA%AFc+Giang+-+L%E1%BA%A1ng+S%C6%A1n/@21.3159083,106.2588803,17z/data=!3m1!4b1!4m6!3m5!1s0x31356fbf1b2b51cf:0x1aa4222cc58fd58f!8m2!3d21.3159083!4d106.2588803!16s%2Fg%2F11j92yjk63?entry=ttu&g_ep=EgoyMDI2MDYwMS4wIKXMDSoASAFQAw%3D%3D",,0x31356fbf1b2b51cf:0x1aa4222cc58fd58f,Trạm Thu phí Km 104 Cao tốc Bắc Giang - Lạng Sơn,1
Trạm thu phí 279 BGLS,21.6205522,106.5586596,"JHC5+6FF, ĐCT Bắc Giang - Lạng Sơn, Chi Lăng, Lạng Sơn, Việt Nam","https://www.google.com/maps/place/Tr%E1%BA%A1m+Thu+ph%C3%AD+Qu%E1%BB%91c+l%E1%BB%99+279/@21.6205522,106.5586596,17z/data=!3m1!4b1!4m6!3m5!1s0x314aa94675f122f7:0x34b7d4deee34ac21!8m2!3d21.6205522!4d106.5586596!16s%2Fg%2F11j8l2s317?entry=ttu&g_ep=EgoyMDI2MDYwMS4wIKXMDSoASAFQAw%3D%3D",,0x314aa94675f122f7:0x34b7d4deee34ac21,Trạm Thu phí Quốc lộ 279,1
Trạm thu phí Sông Phan,10.8753228,107.9313434,"AH1, Hàm Thuận Nam, Lâm Đồng, Việt Nam","https://www.google.com/maps/place/Tr%E1%BA%A1m+Thu+ph%C3%AD+S%C3%B4ng+Phan/@10.8753228,107.9313434,17z/data=!3m1!4b1!4m6!3m5!1s0x31742c15db7d2153:0xa11541de968563f!8m2!3d10.8753228!4d107.9313434!16s%2Fg%2F11c59txqjd?entry=ttu&g_ep=EgoyMDI2MDYwMS4wIKXMDSoASAFQAw%3D%3D",,0x31742c15db7d2153:0xa11541de968563f,Trạm Thu phí Sông Phan,1
Trạm thu phí Ea Đar,12.8129567,108.511572,"RG76+5JP, Ea Đar, Ea Kar, Đắk Lắk, Việt Nam","https://www.google.com/maps/place/Tr%E1%BA%A1m+Thu+ph%C3%AD+Ea+%C4%90ar/@12.8129567,108.511572,17z/data=!3m1!4b1!4m6!3m5!1s0x3171df0024e23181:0xedbf03015eb4f5c!8m2!3d12.8129567!4d108.511572!16s%2Fg%2F11lmhftr8f?entry=ttu&g_ep=EgoyMDI2MDYwMS4wIKXMDSoASAFQAw%3D%3D",,0x3171df0024e23181:0xedbf03015eb4f5c,Trạm Thu phí Ea Đar,1
Trạm thu phí Km124+720 – QL19,14.05472,108.3294748,"Hra, Gia Lai, Việt Nam","https://www.google.com/maps/place/Tr%E1%BA%A1m+Thu+ph%C3%AD+Km+124%2B720+Qu%E1%BB%91c+l%E1%BB%99+19/@14.05472,108.3294748,17z/data=!3m1!4b1!4m6!3m5!1s0x316ebb0001f56dbb:0x56111d065d58e648!8m2!3d14.05472!4d108.3294748!16s%2Fg%2F11x0q_xdgw?entry=ttu&g_ep=EgoyMDI2MDYwMS4wIKXMDSoASAFQAw%3D%3D",,0x316ebb0001f56dbb:0x56111d065d58e648,Trạm Thu phí Km 124+720 Quốc lộ 19,1
Trạm thu phí Nam Cầu Giẽ,20.6651745,105.9166062,"Duy Hà, Ninh Bình, Việt Nam","https://www.google.com/maps/place/Tr%E1%BA%A1m+Thu+ph%C3%AD+Nam+C%E1%BA%A7u+Gi%E1%BA%BD/@20.6651745,105.9166062,17z/data=!3m1!4b1!4m6!3m5!1s0x3135c91b4d6f893d:0xcbf527d56e0a48c2!8m2!3d20.6651745!4d105.9166062!16s%2Fg%2F11b8_7fycf?entry=ttu&g_ep=EgoyMDI2MDYwMS4wIKXMDSoASAFQAw%3D%3D",,0x3135c91b4d6f893d:0xcbf527d56e0a48c2,Trạm Thu phí Nam Cầu Giẽ,1
Trạm thu phí Bắc Thăng Long – Nội Bài,21.2031777,105.7795302,"6Q3H+7RC, Đ. Võ Văn Kiệt, Nội Bài, Hà Nội, Việt Nam","https://www.google.com/maps/place/Tr%E1%BA%A1m+Thu+ph%C3%AD+B%E1%BA%AFc+Th%C4%83ng+Long+-+N%E1%BB%99i+B%C3%A0i/@21.2031777,105.7795302,17z/data=!3m1!4b1!4m6!3m5!1s0x3134fd51f7b40205:0x440a3d15bb1842f3!8m2!3d21.2031777!4d105.7795302!16s%2Fg%2F11h40yh90n?entry=ttu&g_ep=EgoyMDI2MDYwMS4wIKXMDSoASAFQAw%3D%3D",,0x3134fd51f7b40205:0x440a3d15bb1842f3,Trạm Thu phí Bắc Thăng Long - Nội Bài,1
Trạm thu phí Cầu Văn Lang (QL32 – QL32C),21.2855318,105.4040457,"Km7+180 đường Phú Hà (đường dẫn cầu Văn Lang, Cổ Đô, Hà Nội, Việt Nam","https://www.google.com/maps/place/Tr%E1%BA%A1m+Thu+ph%C3%AD+C%E1%BA%A7u+V%C4%83n+Lang/@21.2855318,105.4040457,17z/data=!3m1!4b1!4m6!3m5!1s0x31348d76680dd1b1:0x7c8d79fa31cadab1!8m2!3d21.2855318!4d105.4040457!16s%2Fg%2F11gmcc9sjt?entry=ttu&g_ep=EgoyMDI2MDYwMS4wIKXMDSoASAFQAw%3D%3D",,0x31348d76680dd1b1:0x7c8d79fa31cadab1,Trạm Thu phí Cầu Văn Lang,1
Trạm thu phí Hòa Lạc – Hòa Bình,20.9651479,105.3953827,"Hòa Bình, Việt Nam","https://www.google.com/maps/place/Tra%CC%A3m+thu+phi%CC%81+%C4%91%C6%B0%C6%A1%CC%80ng+H%C3%B2a+La%CC%A3c+-+H%C3%B2a+Bi%CC%80nh/@20.9651479,105.3953827,17z/data=!3m1!4b1!4m6!3m5!1s0x3134670e534e2239:0x2e82b38ed3a7312e!8m2!3d20.9651479!4d105.3979576!16s%2Fg%2F11h01t634c?authuser=0&hl=vi&entry=ttu&g_ep=EgoyMDI2MDYwMS4wIKXMDSoASAFQAw%3D%3D",,0x3134670e534e2239:0x2e82b38ed3a7312e,Trạm thu phí đường Hòa Lạc - Hòa Bình,1
Trạm thu phí Xuân Mai – Hòa Bình,20.8703058,105.5135751,"Trạm thu phí QL 6 Xuân Mai - Hòa Bình, QL6, Lương Sơn, Phú Thọ, Việt Nam","https://www.google.com/maps/place/Tr%E1%BA%A1m+thu+ph%C3%AD+Xu%C3%A2n+Mai+-+H%C3%B2a+B%C3%ACnh/@20.8703058,105.5135751,17z/data=!3m1!4b1!4m6!3m5!1s0x313445381aaa7d43:0x55caab985c2053a8!8m2!3d20.8703058!4d105.5135751!16s%2Fg%2F11vhcc0vy7?entry=ttu&g_ep=EgoyMDI2MDYwMS4wIKXMDSoASAFQAw%3D%3D",,0x313445381aaa7d43:0x55caab985c2053a8,Trạm thu phí Xuân Mai - Hòa Bình,1
Trạm thu phí Ninh Lộc,12.4443288,109.1205638,"C4VC+P6P, AH1, Nam Ninh Hòa, Khánh Hòa, Việt Nam","https://www.google.com/maps/place/Tr%E1%BA%A1m+Thu+ph%C3%AD+Ninh+L%E1%BB%99c/@12.4443288,109.1205638,17z/data=!3m1!4b1!4m6!3m5!1s0x317040ebc6892873:0x35e7b3cb040fb76b!8m2!3d12.4443288!4d109.1205638!16s%2Fg%2F11g8lv308h?entry=ttu&g_ep=EgoyMDI2MDYwMS4wIKXMDSoASAFQAw%3D%3D",,0x317040ebc6892873:0x35e7b3cb040fb76b,Trạm Thu phí Ninh Lộc,1
Trạm thu phí Liên Đầm,11.5664985,107.9987574,"QL20, Di Linh, Lâm Đồng, Việt Nam","https://www.google.com/maps/place/Tr%E1%BA%A1m+Thu+ph%C3%AD+Li%C3%AAn+%C4%90%E1%BA%A7m/@11.5664985,107.9987574,17z/data=!3m1!4b1!4m6!3m5!1s0x3173fe8a14074911:0xbce55b02c8db83c3!8m2!3d11.5664985!4d107.9987574!16s%2Fg%2F11cs0sdl_d?entry=ttu&g_ep=EgoyMDI2MDYwMS4wIKXMDSoASAFQAw%3D%3D",,0x3173fe8a14074911:0xbce55b02c8db83c3,Trạm Thu phí Liên Đầm,1
Trạm thu phí Cà Ná,11.3736884,108.8810717,"9VFJ+JJ5, Cà Ná, Khánh Hòa, Việt Nam","https://www.google.com/maps/place/Tr%E1%BA%A1m+Thu+ph%C3%AD+C%C3%A0+N%C3%A1/@11.3736884,108.8810717,17z/data=!3m1!4b1!4m6!3m5!1s0x31772b9e6ca9e32b:0xfb8ea3546b324b43!8m2!3d11.3736884!4d108.8810717!16s%2Fg%2F11qb5qnhpt?entry=ttu&g_ep=EgoyMDI2MDYwMS4wIKXMDSoASAFQAw%3D%3D",,0x31772b9e6ca9e32b:0xfb8ea3546b324b43,Trạm Thu phí Cà Ná,1
Trạm thu phí Hầm Đèo Cả,12.9032248,109.365703,"W938+77, Hòa Xuân, Đắk Lắk, Việt Nam","https://www.google.com/maps/place/Tr%E1%BA%A1m+Thu+ph%C3%AD+H%E1%BA%A7m+%C4%90%C3%A8o+C%E1%BA%A3/@12.9032248,109.365703,17z/data=!3m1!4b1!4m6!3m5!1s0x316fe5b33809e3b5:0xbe2959acacd59cb!8m2!3d12.9032248!4d109.365703!16s%2Fg%2F11rqncv7b2?entry=ttu&g_ep=EgoyMDI2MDYwMS4wIKXMDSoASAFQAw%3D%3D",,0x316fe5b33809e3b5:0xbe2959acacd59cb,Trạm Thu phí Hầm Đèo Cả,1
Trạm thu phí Hầm Cù Mông,13.7035521,109.1744789,"P53F+CQH, khu vực 8, Quy Nhơn Tây, Gia Lai, Việt Nam","https://www.google.com/maps/place/Tr%E1%BA%A1m+thu+ph%C3%AD+h%E1%BA%A7m+C%C3%B9+M%C3%B4ng/@13.7035521,109.1744789,17z/data=!3m1!4b1!4m6!3m5!1s0x316f13389e5dfb65:0x272d2caee5252b88!8m2!3d13.7035521!4d109.1744789!16s%2Fg%2F11fk3d3hxq?entry=ttu&g_ep=EgoyMDI2MDYwMS4wIKXMDSoASAFQAw%3D%3D",,0x316f13389e5dfb65:0x272d2caee5252b88,Trạm thu phí hầm Cù Mông,1
Trạm thu phí Cổ Chiên,10.0199467,106.2974383,"QL60, Nhị Long, Vĩnh Long, Việt Nam","https://www.google.com/maps/place/Tr%E1%BA%A1m+Thu+phi%CC%81+C%E1%BA%A7u+C%E1%BB%95+Chi%C3%AAn/@10.0199467,106.2974383,17z/data=!3m1!4b1!4m6!3m5!1s0x31a011d2e7cc7445:0x5736ca957fd86d!8m2!3d10.0199467!4d106.2974383!16s%2Fg%2F11c5gdl6p7?entry=ttu&g_ep=EgoyMDI2MDYwMS4wIKXMDSoASAFQAw%3D%3D",,0x31a011d2e7cc7445:0x5736ca957fd86d,Trạm Thu phí Cầu Cổ Chiên,1
Trạm thu phí Cai Chanh,11.9121874,107.3905139,"W96R+V6C, Quảng Tín, Lâm Đồng, Việt Nam","https://www.google.com/maps/place/Tr%E1%BA%A1m+Thu+ph%C3%AD+Cai+Chanh/@11.9121874,107.3905139,17z/data=!3m1!4b1!4m6!3m5!1s0x3173a3074e16a48d:0xb547db8093c4d94a!8m2!3d11.9121874!4d107.3905139!16s%2Fg%2F11gy7fgyqd?entry=ttu&g_ep=EgoyMDI2MDYwMS4wIKXMDSoASAFQAw%3D%3D",,0x3173a3074e16a48d:0xb547db8093c4d94a,Trạm Thu phí Cai Chanh,1
Trạm thu phí Đắk Song,12.1883894,107.6376395,"5JQQ+932, QL14, Trường Xuân, Lâm Đồng, Việt Nam","https://www.google.com/maps/place/Tr%E1%BA%A1m+Thu+ph%C3%AD+%C4%90%E1%BA%AFk+Song/@12.1883894,107.6376395,17z/data=!3m1!4b1!4m6!3m5!1s0x3173b50e4072701b:0x71e0ee2bb31561b0!8m2!3d12.1883894!4d107.6376395!16s%2Fg%2F11g9jdd5jv?entry=ttu&g_ep=EgoyMDI2MDYwMS4wIKXMDSoASAFQAw%3D%3D",,0x3173b50e4072701b:0x71e0ee2bb31561b0,Trạm Thu phí Đắk Song,1
Trạm thu phí Cầu Bạch Đằng,20.8628001,106.7848935,"VQ7M+4XC, Cao Tốc Hạ Long - Hải Phòng, Liên Hòa, Quảng Ninh, Việt Nam","https://www.google.com/maps/place/Tr%E1%BA%A1m+Thu+ph%C3%AD+C%E1%BA%A7u+B%E1%BA%A1ch+%C4%90%E1%BA%B1ng/@20.8628001,106.7848935,17z/data=!3m1!4b1!4m6!3m5!1s0x314a6516a7b83963:0xa757c3ce7aa9d178!8m2!3d20.8628001!4d106.7848935!16s%2Fg%2F11f9zs3z6j?entry=ttu&g_ep=EgoyMDI2MDYwMS4wIKXMDSoASAFQAw%3D%3D",,0x314a6516a7b83963:0xa757c3ce7aa9d178,Trạm Thu phí Cầu Bạch Đằng,1
Trạm thu phí Thuận Phú,11.577385,106.8944299,"ĐT741, Thuận Lợi, Đồng Nai, Việt Nam","https://www.google.com/maps/place/Tr%E1%BA%A1m+Thu+ph%C3%AD+Thu%E1%BA%ADn+Ph%C3%BA/@11.577385,106.8944299,17z/data=!3m1!4b1!4m6!3m5!1s0x31735fede04f5499:0xe17d0fd408be040f!8m2!3d11.577385!4d106.8944299!16s%2Fg%2F11dztsbsz7?entry=ttu&g_ep=EgoyMDI2MDYwMS4wIKXMDSoASAFQAw%3D%3D",,0x31735fede04f5499:0xe17d0fd408be040f,Trạm Thu phí Thuận Phú,1
Trạm thu phí Bù Nho,11.7275712,106.8751126,"PVHG+22H, ĐT741, Phú Riềng, Đồng Nai, Việt Nam","https://www.google.com/maps/place/Tr%E1%BA%A1m+Thu+ph%C3%AD+B%C3%B9+Nho/@11.7275712,106.8751126,17z/data=!3m1!4b1!4m6!3m5!1s0x31735d0004067931:0x7902a27e6cbe0b27!8m2!3d11.7275712!4d106.8751126!16s%2Fg%2F11x0r07bk1?entry=ttu&g_ep=EgoyMDI2MDYwMS4wIKXMDSoASAFQAw%3D%3D",,0x31735d0004067931:0x7902a27e6cbe0b27,Trạm Thu phí Bù Nho,1
Trạm thu phí Thanh Lương,11.7228358,106.5832213,"PHFM+47Q, QL13, An Lộc, Đồng Nai, Việt Nam","https://www.google.com/maps/place/Tr%E1%BA%A1m+Thu+ph%C3%AD+Thanh+L%C6%B0%C6%A1ng/@11.7228358,106.5832213,17z/data=!3m1!4b1!4m6!3m5!1s0x317352566b1731d1:0x952d7636d99090a2!8m2!3d11.7228358!4d106.5832213!16s%2Fg%2F11hcfs9kl4?entry=ttu&g_ep=EgoyMDI2MDYwMS4wIKXMDSoASAFQAw%3D%3D",,0x317352566b1731d1:0x952d7636d99090a2,Trạm Thu phí Thanh Lương,1
Trạm thu phí Tân Lập,11.3881366,106.8255669,"Xã An Bình, H.Phú Giáo, T.Bình Dương, ĐT741, Đồng Phú, Đồng Nai, Việt Nam","https://www.google.com/maps/place/Tr%E1%BA%A1m+thu+ph%C3%AD+T%C3%A2n+L%E1%BA%ADp,+X%C3%A3+An+B%C3%ACnh,+H.Ph%C3%BA+Gi%C3%A1o,+T.B%C3%ACnh+D%C6%B0%C6%A1ng,+%C4%90T741,+%C4%90%E1%BB%93ng+Ph%C3%BA,+%C4%90%E1%BB%93ng+Nai,+Vi%E1%BB%87t+Nam/@11.3881366,106.8255669,17z/data=!3m1!4b1!4m6!3m5!1s0x3174bcaeea80752f:0x90f2d4af4970423e!8m2!3d11.3881366!4d106.8255669!16s%2Fg%2F12vqky4jf?entry=ttu&g_ep=EgoyMDI2MDYwMS4wIKXMDSoASAFQAw%3D%3D",,0x3174bcaeea80752f:0x90f2d4af4970423e,Trạm thu phí Tân Lập,1
Trạm Thu phí Dầu Giây,10.9183029,107.1639825,"Trạm thu phí Dầu Giây, ĐCT Thành phố Hồ Chí Minh - Long Thành - Dầu Giây, Dầu Giây, Đồng Nai, Việt Nam",https://www.google.com/maps/place/Tr%E1%BA%A1m+Thu+ph%C3%AD+D%E1%BA%A7u+Gi%C3%A2y/data=!4m7!3m6!1s0x3174fc690874042f:0xbb3689f10ee85bca!8m2!3d10.9183029!4d107.1639825!16s%2Fg%2F11c1nch_b2!19sChIJLwR0CGn8dDERylvoDvGJNrs?authuser=0&hl=vi&rclk=1,ChIJLwR0CGn8dDERylvoDvGJNrs,0x3174fc690874042f:0xbb3689f10ee85bca,Trạm Thu phí Dầu Giây,1
Trạm Thu phí Quốc lộ 51,10.7652167,106.9565542,"QX84+3JM, Long Thành, Đồng Nai, Việt Nam",https://www.google.com/maps/place/Tr%E1%BA%A1m+Thu+ph%C3%AD+Qu%E1%BB%91c+l%E1%BB%99+51/data=!4m7!3m6!1s0x317518d709c08f45:0xd006f326c735ff2f!8m2!3d10.7652167!4d106.9565542!16s%2Fg%2F11g8yfsdks!19sChIJRY_ACdcYdTERL_81xybzBtA?authuser=0&hl=vi&rclk=1,ChIJRY_ACdcYdTERL_81xybzBtA,0x317518d709c08f45:0xd006f326c735ff2f,Trạm Thu phí Quốc lộ 51,1
Trạm thu phí BOT Thanh Nê,20.3915191,106.4301286,"kiến xương, Kiến Xương, Hưng Yên, Việt Nam",https://www.google.com/maps/place/Tr%E1%BA%A1m+thu+ph%C3%AD+BOT+Thanh+N%C3%AA/data=!4m7!3m6!1s0x3135fdf354a1c3cd:0xc78a788faffd3965!8m2!3d20.3915191!4d106.4301286!16s%2Fg%2F11t89zzh6d!19sChIJzcOhVPP9NTERZTn9r494isc?authuser=0&hl=vi&rclk=1,ChIJzcOhVPP9NTERZTn9r494isc,0x3135fdf354a1c3cd:0xc78a788faffd3965,Trạm thu phí BOT Thanh Nê,1
Trạm thu phí BOT Thanh Nê số 1,20.3909019,106.429265,"9CRH+9P6, QL39B, Kiến Xương, Hưng Yên, Việt Nam",https://www.google.com/maps/place/Tr%E1%BA%A1m+thu+ph%C3%AD+BOT+Thanh+N%C3%AA+s%E1%BB%91+1/data=!4m7!3m6!1s0x3135fd1395fa014d:0x76157f976340ff43!8m2!3d20.3909019!4d106.429265!16s%2Fg%2F11t8cl78zb!19sChIJTQH6lRP9NTERQ_9AY5d_FXY?authuser=0&hl=vi&rclk=1,ChIJTQH6lRP9NTERQ_9AY5d_FXY,0x3135fd1395fa014d:0x76157f976340ff43,Trạm thu phí BOT Thanh Nê số 1,1
Trạm Thu phí An Thái Trung ( cục vàng đứng 24/24),10.3172145,105.8853816,"8V8P+95Q, Thanh Hưng, Đồng Tháp, Việt Nam",https://www.google.com/maps/place/Tr%E1%BA%A1m+Thu+ph%C3%AD+An+Th%C3%A1i+Trung+%28+c%E1%BB%A5c+v%C3%A0ng+%C4%91%E1%BB%A9ng+24%2F24%29/data=!4m7!3m6!1s0x310a858a589777cf:0xc75ec9487e799422!8m2!3d10.3172145!4d105.8853816!16s%2Fg%2F11vzf3ycpk!19sChIJz3eXWIqFCjERIpR5fkjJXsc?authuser=0&hl=vi&rclk=1,ChIJz3eXWIqFCjERIpR5fkjJXsc,0x310a858a589777cf:0xc75ec9487e799422,Trạm Thu phí An Thái Trung ( cục vàng đứng 24/24),1
Trạm Thu phí Vạn Điểm,20.7738315,105.9072808,"QWF4+GWJ, Phú Xuyên, Hà Nội, Việt Nam",https://www.google.com/maps/place/Tr%E1%BA%A1m+Thu+ph%C3%AD+V%E1%BA%A1n+%C4%90i%E1%BB%83m/data=!4m7!3m6!1s0x3135b75f51b95cdf:0xc94579eb9f4867d8!8m2!3d20.7738315!4d105.9072808!16s%2Fg%2F11t6h80vl9!19sChIJ31y5UV-3NTER2GdIn-t5Rck?authuser=0&hl=vi&rclk=1,ChIJ31y5UV-3NTER2GdIn-t5Rck,0x3135b75f51b95cdf:0xc94579eb9f4867d8,Trạm Thu phí Vạn Điểm,1
Trạm thu phí cao tốc Hà Nội - Hải Phòng,20.770163,106.712798,"QPC7+347, CT04, Dương Kinh, Hải Phòng, Việt Nam",https://www.google.com/maps/place/Tr%E1%BA%A1m+thu+ph%C3%AD+cao+t%E1%BB%91c+H%C3%A0+N%E1%BB%99i+-+H%E1%BA%A3i+Ph%C3%B2ng/data=!4m7!3m6!1s0x314a71da5f51d149:0xa585c7cd43cd174a!8m2!3d20.770163!4d106.712798!16s%2Fg%2F11c5325vp1!19sChIJSdFRX9pxSjERShfNQ83HhaU?authuser=0&hl=vi&rclk=1,ChIJSdFRX9pxSjERShfNQ83HhaU,0x314a71da5f51d149:0xa585c7cd43cd174a,Trạm thu phí cao tốc Hà Nội - Hải Phòng,1
Trạm Thu phí Km 6 Cao tốc Hà Nội - Lào Cai,21.2527144,105.7396484,"Trạm thu phí Cao tốc Nội Bài - Lào Cai, ĐCT05, Kim Anh, Hà Nội, Việt Nam",https://www.google.com/maps/place/Tr%E1%BA%A1m+Thu+ph%C3%AD+Km+6+Cao+t%E1%BB%91c+H%C3%A0+N%E1%BB%99i+-+L%C3%A0o+Cai/data=!4m7!3m6!1s0x3134fd8b351ed795:0x637cd3668cdd4fbb!8m2!3d21.2527144!4d105.7396484!16s%2Fg%2F11h7t2ytcy!19sChIJldceNYv9NDERu0_djGbTfGM?authuser=0&hl=vi&rclk=1,ChIJldceNYv9NDERu0_djGbTfGM,0x3134fd8b351ed795:0x637cd3668cdd4fbb,Trạm Thu phí Km 6 Cao tốc Hà Nội - Lào Cai,1
Trạm Thu phí Bắc Thăng Long - Nội Bài,21.2031777,105.7795302,"6Q3H+7RC, Đ. Võ Văn Kiệt, Nội Bài, Hà Nội, Việt Nam",https://www.google.com/maps/place/Tr%E1%BA%A1m+Thu+ph%C3%AD+B%E1%BA%AFc+Th%C4%83ng+Long+-+N%E1%BB%99i+B%C3%A0i/data=!4m7!3m6!1s0x3134fd51f7b40205:0x440a3d15bb1842f3!8m2!3d21.2031777!4d105.7795302!16s%2Fg%2F11h40yh90n!19sChIJBQK091H9NDER80IYuxU9CkQ?authuser=0&hl=vi&rclk=1,ChIJBQK091H9NDER80IYuxU9CkQ,0x3134fd51f7b40205:0x440a3d15bb1842f3,Trạm Thu phí Bắc Thăng Long - Nội Bài,1
Trạm Thu phí Suối Dầu,12.1787627,109.0586434,"53H5+MHQ, Suối Dầu, Khánh Hòa, Việt Nam",https://www.google.com/maps/place/Tr%E1%BA%A1m+Thu+ph%C3%AD+Su%E1%BB%91i+D%E1%BA%A7u/data=!4m7!3m6!1s0x317059002e72d7cf:0xe3782ade3166f961!8m2!3d12.1787627!4d109.0586434!16s%2Fg%2F11vwyh2tsx!19sChIJz9dyLgBZcDERYflmMd4qeOM?authuser=0&hl=vi&rclk=1,ChIJz9dyLgBZcDERYflmMd4qeOM,0x317059002e72d7cf:0xe3782ade3166f961,Trạm Thu phí Suối Dầu,1
Trạm Thu phí Bình Giang,20.8509984,106.2025468,"V622+GR, Nguyễn Lương Bằng, Hải Phòng, Việt Nam",https://www.google.com/maps/place/Tr%E1%BA%A1m+Thu+ph%C3%AD+B%C3%ACnh+Giang/data=!4m7!3m6!1s0x313597001a8c5709:0xb7c1c9956ea6013d!8m2!3d20.8509984!4d106.2025468!16s%2Fg%2F11vpy_57c8!19sChIJCVeMGgCXNTERPQGmbpXJwbc?authuser=0&hl=vi&rclk=1,ChIJCVeMGgCXNTERPQGmbpXJwbc,0x313597001a8c5709:0xb7c1c9956ea6013d,Trạm Thu phí Bình Giang,1
Trạm Thu phí Cái Bè,10.4068739,106.0320194,"C24J+PRR, Hội Cư, Đồng Tháp, Việt Nam",https://www.google.com/maps/place/Tr%E1%BA%A1m+Thu+ph%C3%AD+C%C3%A1i+B%C3%A8/data=!4m7!3m6!1s0x310a9100560536b9:0x8a3a73450cb3e840!8m2!3d10.4068739!4d106.0320194!16s%2Fg%2F11y41q8l8p!19sChIJuTYFVgCRCjERQOizDEVzOoo?authuser=0&hl=vi&rclk=1,ChIJuTYFVgCRCjERQOizDEVzOoo,0x310a9100560536b9:0x8a3a73450cb3e840,Trạm Thu phí Cái Bè,1
Trạm Thu phí Cầu Yên Lệnh,20.6589395,106.0489839,"Trạm thu phí, QL38, Sơn Nam, Hưng Yên, Việt Nam",https://www.google.com/maps/place/Tr%E1%BA%A1m+Thu+ph%C3%AD+C%E1%BA%A7u+Y%C3%AAn+L%E1%BB%87nh/data=!4m7!3m6!1s0x3135c700037e47a5:0x32dc3f5499b24201!8m2!3d20.6589395!4d106.0489839!16s%2Fg%2F11x0pqc_4x!19sChIJpUd-AwDHNTERAUKymVQ_3DI?authuser=0&hl=vi&rclk=1,ChIJpUd-AwDHNTERAUKymVQ_3DI,0x3135c700037e47a5:0x32dc3f5499b24201,Trạm Thu phí Cầu Yên Lệnh,1
Trạm Thu phí Số 1 - Quốc lộ 5,20.9493367,106.0125573,"W2X7+P2M, QL5, Như Quỳnh, Hưng Yên, Việt Nam",https://www.google.com/maps/place/Tr%E1%BA%A1m+Thu+ph%C3%AD+S%E1%BB%91+1+-+Qu%E1%BB%91c+l%E1%BB%99+5/data=!4m7!3m6!1s0x3135a5611a298687:0x7923b12f71f9f315!8m2!3d20.9493367!4d106.0125573!16s%2Fg%2F11mprbskjr!19sChIJh4YpGmGlNTERFfP5cS-xI3k?authuser=0&hl=vi&rclk=1,ChIJh4YpGmGlNTERFfP5cS-xI3k,0x3135a5611a298687:0x7923b12f71f9f315,Trạm Thu phí Số 1 - Quốc lộ 5,1
Trạm Thu phí Yên Mỹ,20.8502087,106.0275494,"V22H+32M, Nút Giao Yên Mỹ, Yên Mỹ, Hưng Yên, Việt Nam",https://www.google.com/maps/place/Tr%E1%BA%A1m+Thu+ph%C3%AD+Y%C3%AAn+M%E1%BB%B9/data=!4m7!3m6!1s0x3135bba80cd543cb:0xfdefe4b416aeb45e!8m2!3d20.8502087!4d106.0275494!16s%2Fg%2F11dztry1tj!19sChIJy0PVDKi7NTERXrSuFrTk7_0?authuser=0&hl=vi&rclk=1,ChIJy0PVDKi7NTERXrSuFrTk7_0,0x3135bba80cd543cb:0xfdefe4b416aeb45e,Trạm Thu phí Yên Mỹ,1
Trạm thu phí QL10 (cao tốc HN - HP),20.7999695,106.5225158,"QGXF+P7C, An Quang, Hải Phòng, Việt Nam",https://www.google.com/maps/place/Tr%E1%BA%A1m+thu+ph%C3%AD+QL10+%28cao+t%E1%BB%91c+HN+-+HP%29/data=!4m7!3m6!1s0x313589004000cef3:0x4adc415ffc4ff45d!8m2!3d20.7999695!4d106.5225158!16s%2Fg%2F11xc_slfc7!19sChIJ884AQACJNTERXfRP_F9B3Eo?authuser=0&hl=vi&rclk=1,ChIJ884AQACJNTERXfRP_F9B3Eo,0x313589004000cef3:0x4adc415ffc4ff45d,Trạm thu phí QL10 (cao tốc HN - HP),1
Trạm Thu phí Dương Kinh,20.7761144,106.7239025,"QPGF+CHR, Dương Kinh, Hải Phòng, Việt Nam",https://www.google.com/maps/place/Tr%E1%BA%A1m+Thu+ph%C3%AD+D%C6%B0%C6%A1ng+Kinh/data=!4m7!3m6!1s0x314a6e29dc6eb3d7:0x47710169a3932e3d!8m2!3d20.7761144!4d106.7239025!16s%2Fg%2F11b5wkj957!19sChIJ17Nu3CluSjERPS6To2kBcUc?authuser=0&hl=vi&rclk=1,ChIJ17Nu3CluSjERPS6To2kBcUc,0x314a6e29dc6eb3d7:0x47710169a3932e3d,Trạm Thu phí Dương Kinh,1
Trạm thu phí QL 5B,20.8552617,106.120794,"V439+JWF, Đỗ Mỹ, Phạm Ngũ Lão, Hưng Yên, Việt Nam",https://www.google.com/maps/place/Tr%E1%BA%A1m+thu+ph%C3%AD+QL+5B/data=!4m7!3m6!1s0x3135bd00785b2e85:0x790d71c6faf24021!8m2!3d20.8552617!4d106.120794!16s%2Fg%2F11x141gp5b!19sChIJhS5beAC9NTERIUDy-sZxDXk?authuser=0&hl=vi&rclk=1,ChIJhS5beAC9NTERIUDy-sZxDXk,0x3135bd00785b2e85:0x790d71c6faf24021,Trạm thu phí QL 5B,1
Trạm Thu phí Quốc lộ 17B,20.9647965,106.5191627,"XG79+WM7, ĐT388, Phú Thái, Hải Phòng, Việt Nam",https://www.google.com/maps/place/Tr%E1%BA%A1m+Thu+ph%C3%AD+Qu%E1%BB%91c+l%E1%BB%99+17B/data=!4m7!3m6!1s0x313580bd850df097:0x301fe632558d0a1d!8m2!3d20.9647965!4d106.5191627!16s%2Fg%2F11b682ndvk!19sChIJl_ANhb2ANTERHQqNVTLmHzA?authuser=0&hl=vi&rclk=1,ChIJl_ANhb2ANTERHQqNVTLmHzA,0x313580bd850df097:0x301fe632558d0a1d,Trạm Thu phí Quốc lộ 17B,1
Trạm thu phí Pháp Vân,20.9075135,105.8613805,"WV46+XF4, ĐCT Pháp Vân - Cầu Giẽ, Nam Phù, Hà Nội, Việt Nam",https://www.google.com/maps/place/Tr%E1%BA%A1m+thu+ph%C3%AD+Ph%C3%A1p+V%C3%A2n/data=!4m7!3m6!1s0x3135b3eca01742e5:0xa4130783e09443d5!8m2!3d20.9075135!4d105.8613805!16s%2Fg%2F11t4928m1f!19sChIJ5UIXoOyzNTER1UOU4IMHE6Q?authuser=0&hl=vi&rclk=1,ChIJ5UIXoOyzNTER1UOU4IMHE6Q,0x3135b3eca01742e5:0xa4130783e09443d5,Trạm thu phí Pháp Vân,1
Trạm Thu Phí Bến Thủy,18.6486115,105.7045906,"JPX3+CRW, Nguyễn Du, Trường Vinh, Nghệ An, Việt Nam",https://www.google.com/maps/place/Tr%E1%BA%A1m+Thu+Ph%C3%AD+B%E1%BA%BFn+Th%E1%BB%A7y/data=!4m7!3m6!1s0x3139cc309e138d9d:0xa556f73630796640!8m2!3d18.6486115!4d105.7045906!16s%2Fg%2F11bccmh4x4!19sChIJnY0TnjDMOTERQGZ5MDb3VqU?authuser=0&hl=vi&rclk=1,ChIJnY0TnjDMOTERQGZ5MDb3VqU,0x3139cc309e138d9d:0xa556f73630796640,Trạm Thu Phí Bến Thủy,1
Trạm Thu phí Cầu Bến Thuỷ 2,18.6408002,105.6990692,"JMRX+8JG, AH1, Lam Thành, Nghệ An, Việt Nam",https://www.google.com/maps/place/Tr%E1%BA%A1m+Thu+ph%C3%AD+C%E1%BA%A7u+B%E1%BA%BFn+Thu%E1%BB%B7+2/data=!4m7!3m6!1s0x3139cc233b3e30d5:0x4de96a2f8b014877!8m2!3d18.6408002!4d105.6990692!16s%2Fg%2F11fzf13zck!19sChIJ1TA-OyPMOTERd0gBiy9q6U0?authuser=0&hl=vi&rclk=1,ChIJ1TA-OyPMOTERd0gBiy9q6U0,0x3139cc233b3e30d5:0x4de96a2f8b014877,Trạm Thu phí Cầu Bến Thuỷ 2,1
Trạm Thu phí Sân bay Pleiku,14.0072709,108.0048155,"2 vũ đức cường, Thống Nhất, Gia Lai 600000, Việt Nam",https://www.google.com/maps/place/Tr%E1%BA%A1m+Thu+ph%C3%AD+S%C3%A2n+bay+Pleiku/data=!4m7!3m6!1s0x316c1fc4ebe6a4a7:0xda540b2d470b5baf!8m2!3d14.0072709!4d108.0048155!16s%2Fg%2F11s23zhmc8!19sChIJp6Tm68QfbDERr1sLRy0LVNo?authuser=0&hl=vi&rclk=1,ChIJp6Tm68QfbDERr1sLRy0LVNo,0x316c1fc4ebe6a4a7:0xda540b2d470b5baf,Trạm Thu phí Sân bay Pleiku,1
Trạm Thu phí Km 124+720 Quốc lộ 19,14.05472,108.3294748,"Hra, Gia Lai, Việt Nam",https://www.google.com/maps/place/Tr%E1%BA%A1m+Thu+ph%C3%AD+Km+124%2B720+Qu%E1%BB%91c+l%E1%BB%99+19/data=!4m7!3m6!1s0x316ebb0001f56dbb:0x56111d065d58e648!8m2!3d14.05472!4d108.3294748!16s%2Fg%2F11x0q_xdgw!19sChIJu231AQC7bjERSOZYXQYdEVY?authuser=0&hl=vi&rclk=1,ChIJu231AQC7bjERSOZYXQYdEVY,0x316ebb0001f56dbb:0x56111d065d58e648,Trạm Thu phí Km 124+720 Quốc lộ 19,1
Trạm Thu phí Hà Nội - Bắc Giang,21.0903439,105.9605126,"3XR6+46J, AH1, Từ Sơn, Bắc Ninh, Việt Nam",https://www.google.com/maps/place/Tr%E1%BA%A1m+Thu+ph%C3%AD+H%C3%A0+N%E1%BB%99i+-+B%E1%BA%AFc+Giang/data=!4m7!3m6!1s0x313507f8f0c615c7:0xf85cec9539900094!8m2!3d21.0903439!4d105.9605126!16s%2Fg%2F11cs0bb15g!19sChIJxxXG8PgHNTERlACQOZXsXPg?authuser=0&hl=vi&rclk=1,ChIJxxXG8PgHNTERlACQOZXsXPg,0x313507f8f0c615c7:0xf85cec9539900094,Trạm Thu phí Hà Nội - Bắc Giang,1
Trạm Thu Phí Km45 - Cao Tốc Bắc - Nam phía Đông (Bắc Giang - Lạng Sơn),21.6867037,106.6276903,"MJPH+M3P, Nhân Lý, Lạng Sơn, Việt Nam",https://www.google.com/maps/place/Tr%E1%BA%A1m+Thu+Ph%C3%AD+Km45+-+Cao+T%E1%BB%91c+B%E1%BA%AFc+-+Nam+ph%C3%ADa+%C4%90%C3%B4ng+%28B%E1%BA%AFc+Giang+-+L%E1%BA%A1ng+S%C6%A1n%29/data=!4m7!3m6!1s0x314aabba0cd6197d:0x9f4119b084e2428f!8m2!3d21.6867037!4d106.6276903!16s%2Fg%2F11k06t238d!19sChIJfRnWDLqrSjERj0LihLAZQZ8?authuser=0&hl=vi&rclk=1,ChIJfRnWDLqrSjERj0LihLAZQZ8,0x314aabba0cd6197d:0x9f4119b084e2428f,Trạm Thu Phí Km45 - Cao Tốc Bắc - Nam phía Đông (Bắc Giang - Lạng Sơn),1
Trạm Thu phí Km 104 Cao tốc Bắc Giang - Lạng Sơn,21.3159083,106.2588803,"8785+9H6, Lạng Giang, Bắc Ninh, Việt Nam",https://www.google.com/maps/place/Tr%E1%BA%A1m+Thu+ph%C3%AD+Km+104+Cao+t%E1%BB%91c+B%E1%BA%AFc+Giang+-+L%E1%BA%A1ng+S%C6%A1n/data=!4m7!3m6!1s0x31356fbf1b2b51cf:0x1aa4222cc58fd58f!8m2!3d21.3159083!4d106.2588803!16s%2Fg%2F11j92yjk63!19sChIJz1ErG79vNTERj9WPxSwipBo?authuser=0&hl=vi&rclk=1,ChIJz1ErG79vNTERj9WPxSwipBo,0x31356fbf1b2b51cf:0x1aa4222cc58fd58f,Trạm Thu phí Km 104 Cao tốc Bắc Giang - Lạng Sơn,1
Trạm thu phí Vực Vòng,20.6453272,105.9384953,"JWWQ+49Q, Đồng Văn, Ninh Bình, Việt Nam",https://www.google.com/maps/place/Tr%E1%BA%A1m+thu+ph%C3%AD+V%E1%BB%B1c+V%C3%B2ng/data=!4m7!3m6!1s0x3135c8c4696d9405:0xab4b04822cdab6c!8m2!3d20.6453272!4d105.9384953!16s%2Fg%2F11c1pg6w5b!19sChIJBZRtacTINTERbKvNIkiwtAo?authuser=0&hl=vi&rclk=1,ChIJBZRtacTINTERbKvNIkiwtAo,0x3135c8c4696d9405:0xab4b04822cdab6c,Trạm thu phí Vực Vòng,1
Trạm Thu phí Cầu Rạch Miễu,10.3147072,106.3483764,"QL60, Phú Túc, Vĩnh Long, Việt Nam",https://www.google.com/maps/place/Tr%E1%BA%A1m+Thu+ph%C3%AD+C%E1%BA%A7u+R%E1%BA%A1ch+Mi%E1%BB%85u/data=!4m7!3m6!1s0x310aaf6246456bb5:0xd90563e44e30b839!8m2!3d10.3147072!4d106.3483764!16s%2Fg%2F12lsmn4x4!19sChIJtWtFRmKvCjERObgwTuRjBdk?authuser=0&hl=vi&rclk=1,ChIJtWtFRmKvCjERObgwTuRjBdk,0x310aaf6246456bb5:0xd90563e44e30b839,Trạm Thu phí Cầu Rạch Miễu,1
Trạm Thu phí An Hiệp,9.6596264,105.9312819,"MW5J+VG3, An Ninh, Cần Thơ, Việt Nam",https://www.google.com/maps/place/Tr%E1%BA%A1m+Thu+ph%C3%AD+An+Hi%E1%BB%87p/data=!4m7!3m6!1s0x31a051ad371bd7e9:0x703b5ac78f1e479e!8m2!3d9.6596264!4d105.9312819!16s%2Fg%2F11c208q_qg!19sChIJ6dcbN61RoDERnkcej8daO3A?authuser=0&hl=vi&rclk=1,ChIJ6dcbN61RoDERnkcej8daO3A,0x31a051ad371bd7e9:0x703b5ac78f1e479e,Trạm Thu phí An Hiệp,1
Trạm Thu phí Đông Hà,16.7850177,107.1498289,"Q4PX+2W4, QL1A, Ái Tử, Quảng Trị, Việt Nam",https://www.google.com/maps/place/Tr%E1%BA%A1m+Thu+ph%C3%AD+%C4%90%C3%B4ng+H%C3%A0/data=!4m7!3m6!1s0x3140e4fdc035c6b7:0x135f715620cbe283!8m2!3d16.7850177!4d107.1498289!16s%2Fg%2F11c533czsz!19sChIJt8Y1wP3kQDERg-LLIFZxXxM?authuser=0&hl=vi&rclk=1,ChIJt8Y1wP3kQDERg-LLIFZxXxM,0x3140e4fdc035c6b7:0x135f715620cbe283,Trạm Thu phí Đông Hà,1
Trạm Thu phí Thường Tín,20.8689045,105.8817321,"VV9J+HM9, Đ. Trần Trọng Liêu, Hồng Vân, Hà Nội, Việt Nam",https://www.google.com/maps/place/Tr%E1%BA%A1m+Thu+ph%C3%AD+Th%C6%B0%E1%BB%9Dng+T%C3%ADn/data=!4m7!3m6!1s0x3135b1817dc74dd9:0x9da1105d609dac71!8m2!3d20.8689045!4d105.8817321!16s%2Fg%2F11cr__70bj!19sChIJ2U3HfYGxNTERcaydYF0QoZ0?authuser=0&hl=vi&rclk=1,ChIJ2U3HfYGxNTERcaydYF0QoZ0,0x3135b1817dc74dd9:0x9da1105d609dac71,Trạm Thu phí Thường Tín,1
Trạm Thu phí Diên Thọ,12.254518,109.0237874,"723F+RG3, Diên Thọ, Khánh Hòa, Việt Nam",https://www.google.com/maps/place/Tr%E1%BA%A1m+Thu+ph%C3%AD+Di%C3%AAn+Th%E1%BB%8D/data=!4m7!3m6!1s0x31705114234629c3:0x6fabcbccb12e32e0!8m2!3d12.254518!4d109.0237874!16s%2Fg%2F11vlvbk772!19sChIJwylGIxRRcDER4DIusczLq28?authuser=0&hl=vi&rclk=1,ChIJwylGIxRRcDER4DIusczLq28,0x31705114234629c3:0x6fabcbccb12e32e0,Trạm Thu phí Diên Thọ,1
Trạm Thu phí Long Phước,10.7858859,106.8518264,"Trạm thu phí Long Phước, Long Phước, Hồ Chí Minh, Việt Nam",https://www.google.com/maps/place/Tr%E1%BA%A1m+Thu+ph%C3%AD+Long+Ph%C6%B0%E1%BB%9Bc/data=!4m7!3m6!1s0x3175216367000001:0x5dcbe27f3f59d8ca!8m2!3d10.7858859!4d106.8518264!16s%2Fg%2F11cr_fbnvw!19sChIJAQAAZ2MhdTERythZP3_iy10?authuser=0&hl=vi&rclk=1,ChIJAQAAZ2MhdTERythZP3_iy10,0x3175216367000001:0x5dcbe27f3f59d8ca,Trạm Thu phí Long Phước,1
Trạm Thu Phí Đầm Hà,21.3492254,107.5528941,"Quảng Tân, Quảng Ninh, Việt Nam",https://www.google.com/maps/place/Tr%E1%BA%A1m+Thu+Ph%C3%AD+%C4%90%E1%BA%A7m+H%C3%A0/data=!4m7!3m6!1s0x314b3d4c7f5ec381:0xd8fd9d40d531e3c1!8m2!3d21.3492254!4d107.5528941!16s%2Fg%2F11tg529wns!19sChIJgcNef0w9SzERweMx1UCd_dg?authuser=0&hl=vi&rclk=1,ChIJgcNef0w9SzERweMx1UCd_dg,0x314b3d4c7f5ec381:0xd8fd9d40d531e3c1,Trạm Thu Phí Đầm Hà,1
Trạm Thu phí Quốc lộ 37,21.3890365,106.3022951,"98Q2+JW7, Kép, Bắc Ninh, Việt Nam",https://www.google.com/maps/place/Tr%E1%BA%A1m+Thu+ph%C3%AD+Qu%E1%BB%91c+l%E1%BB%99+37/data=!4m7!3m6!1s0x31356921f21dcf31:0x46576420ad7fe478!8m2!3d21.3890365!4d106.3022951!16s%2Fg%2F11ft1v960g!19sChIJMc8d8iFpNTEReOR_rSBkV0Y?authuser=0&hl=vi&rclk=1,ChIJMc8d8iFpNTEReOR_rSBkV0Y,0x31356921f21dcf31:0x46576420ad7fe478,Trạm Thu phí Quốc lộ 37,1
Trạm Thu phí Tân Khai,11.569838,106.6173185,"QL13, Tân Khai, Đồng Nai, Việt Nam",https://www.google.com/maps/place/Tr%E1%BA%A1m+Thu+ph%C3%AD+T%C3%A2n+Khai/data=!4m7!3m6!1s0x3174aa1007de5f09:0xe6c7970884833633!8m2!3d11.569838!4d106.6173185!16s%2Fg%2F11b7vjkjnb!19sChIJCV_eBxCqdDERMzaDhAiXx-Y?authuser=0&hl=vi&rclk=1,ChIJCV_eBxCqdDERMzaDhAiXx-Y,0x3174aa1007de5f09:0xe6c7970884833633,Trạm Thu phí Tân Khai,1
Trạm Thu phí Cầu Hồ,21.0801386,106.0921654,"33JR+3V3, QL38, Tân Chi, Bắc Ninh, Việt Nam",https://www.google.com/maps/place/Tr%E1%BA%A1m+Thu+ph%C3%AD+C%E1%BA%A7u+H%E1%BB%93/data=!4m7!3m6!1s0x31350a743345856d:0xc86375b32c403a72!8m2!3d21.0801386!4d106.0921654!16s%2Fg%2F11gh03_18k!19sChIJbYVFM3QKNTERcjpALLN1Y8g?authuser=0&hl=vi&rclk=1,ChIJbYVFM3QKNTERcjpALLN1Y8g,0x31350a743345856d:0xc86375b32c403a72,Trạm Thu phí Cầu Hồ,1
Trạm Thu phí Cầu Móng Sến,22.4168543,103.9071458,"CW84+PVR, Tả Phìn, Lào Cai, Việt Nam",https://www.google.com/maps/place/Tr%E1%BA%A1m+Thu+ph%C3%AD+C%E1%BA%A7u+M%C3%B3ng+S%E1%BA%BFn/data=!4m7!3m6!1s0x36cd6b8affd9ab45:0x1b43a1aa9b0c714b!8m2!3d22.4168543!4d103.9071458!16s%2Fg%2F11vb6d6hnt!19sChIJRavZ_4przTYRS3EMm6qhQxs?authuser=0&hl=vi&rclk=1,ChIJRavZ_4przTYRS3EMm6qhQxs,0x36cd6b8affd9ab45:0x1b43a1aa9b0c714b,Trạm Thu phí Cầu Móng Sến,1
Trạm Thu phí Km 237 Cao tốc Hà Nội - Lào Cai,22.3651385,104.0808228,"938J+38, Gia Phú, Lào Cai, Việt Nam",https://www.google.com/maps/place/Tr%E1%BA%A1m+Thu+ph%C3%AD+Km+237+Cao+t%E1%BB%91c+H%C3%A0+N%E1%BB%99i+-+L%C3%A0o+Cai/data=!4m7!3m6!1s0x36cd3d002fa3c759:0x680d5c72b3e3213a!8m2!3d22.3651385!4d104.0808228!16s%2Fg%2F11x32wb3mq!19sChIJWcejLwA9zTYROiHjs3JcDWg?authuser=0&hl=vi&rclk=1,ChIJWcejLwA9zTYROiHjs3JcDWg,0x36cd3d002fa3c759:0x680d5c72b3e3213a,Trạm Thu phí Km 237 Cao tốc Hà Nội - Lào Cai,1
Trạm Thu phí Bến Lức,10.6560048,106.4735373,"Trạm thu phí, Bến Lức, Tây Ninh, Việt Nam",https://www.google.com/maps/place/Tr%E1%BA%A1m+Thu+ph%C3%AD+B%E1%BA%BFn+L%E1%BB%A9c/data=!4m7!3m6!1s0x310acc44f1408137:0x25a2bd0beb48c647!8m2!3d10.6560048!4d106.4735373!16s%2Fg%2F11cmfdvktc!19sChIJN4FA8UTMCjERR8ZI6wu9oiU?authuser=0&hl=vi&rclk=1,ChIJN4FA8UTMCjERR8ZI6wu9oiU,0x310acc44f1408137:0x25a2bd0beb48c647,Trạm Thu phí Bến Lức,1
Trạm thu phí cao tốc bến lức - Long Thành (quốc lộ 51),10.6755667,107.0197492,"M2G9+6VH, CT01, Phước Thái, Đồng Nai, Việt Nam",https://www.google.com/maps/place/Tr%E1%BA%A1m+thu+ph%C3%AD+cao+t%E1%BB%91c+b%E1%BA%BFn+l%E1%BB%A9c+-+Long+Th%C3%A0nh+%28qu%E1%BB%91c+l%E1%BB%99+51%29/data=!4m7!3m6!1s0x31751100626b3a0f:0xa28cbb051928033b!8m2!3d10.6755667!4d107.0197492!16s%2Fg%2F11wj4j65fs!19sChIJDzprYgARdTEROwMoGQW7jKI?authuser=0&hl=vi&rclk=1,ChIJDzprYgARdTEROwMoGQW7jKI,0x31751100626b3a0f:0xa28cbb051928033b,Trạm thu phí cao tốc bến lức - Long Thành (quốc lộ 51),1
