object_id,object_type,lat,lon,current_name,suggested_name,suggested_action,suggestion_reason,issue_count,issue_types,candidate_names,province,road,address,osm_id,osm_name,google_place_id,source_datasets,reviewed_name,review_status,review_note,ai_suggested_name,ai_confidence,ai_reason
vn-toll-gmaps-chiju33vcouzdterplbzmsffqdo,toll_station,10.768771,106.92285,Trạm thu phí 319 HLD,Trạm thu phí 319 HLD,keep,current name matches Google better than OSM,3,osm_placeholder_name;multiple_name_variants;source_name_conflict,Trạm thu phí 319 HLD | OSM toll 1223191092 | Trạm Thu phí 319 HLD | Trạm Thu phí 319 HLD | TRẠM THU PHÍ BOT 319 | Trạm Thu phí 319 HLD | Trạm thu phí 319 HLD,Đồng Nai,,"Ngã 3, Bến Cam, Nhơn Trạch, Đồng Nai, Việt Nam",vn-toll-osm-1223191092,OSM toll 1223191092,ChIJu33VcOUZdTERpLbzmSFFqDo,A_colleague;B_final,,,,,,
vn-toll-gmaps-chij29z21fwxbzersldvctwexyc,toll_station,13.3493,109.208309,Trạm thu phí An Dân,Trạm thu phí An Dân,keep,current name is acceptable by rules,1,multiple_name_variants,Trạm thu phí An Dân | Trạm Thu Phí An Dân (Thạch Bàn) | QL1A | Trạm thu phí An Dân,Đắk Lắk,QL1A,"86X5+P87 Trạm Thu phí An Dân, QL1A, Tuy An Bắc, Đắk Lắk, Việt Nam",vn-toll-osm-8436783101,Trạm Thu Phí An Dân (Thạch Bàn),ChIJ29z21fWXbzERSLDVctWeXyc,B_final,,,,,,
vn-toll-gmaps-chijzau1-ogfcjer9vtfj6wdmti,toll_station,10.317215,105.885382,Trạm thu phí An Hữu - cao tốc Mỹ Thuận - Cần Thơ,Trạm thu phí An Hữu - cao tốc Mỹ Thuận - Cần Thơ,keep,current name is acceptable by rules,1,multiple_name_variants,Trạm thu phí An Hữu - cao tốc Mỹ Thuận - Cần Thơ | Trạm Thu phí An Thái Trung | Cao Tốc 8V8P | Trạm thu phí An Hữu - cao tốc Mỹ Thuận - Cần Thơ | Trạm thu phí lối vào cao tốc | Trạm Thu phí An Thái Trung ( cục vàng đứng 24/24) | Trạm Thu phí An Thái Trung ( cục vàng đứng 24/24) | Trạm thu phí An Hữu - cao tốc Mỹ Thuận - Cần Thơ,Đồng Tháp,Cao Tốc 8V8P,"8V8P+95Q Trạm thu phí lối vào cao tốc, Thanh Hưng, Đồng Tháp, Việt Nam",vn-toll-osm-13594609049,Trạm Thu phí An Thái Trung,ChIJzau1-oGFCjER9VtFj6WDmtI,A_colleague;B_final,,,,,,
vn-toll-gmaps-chijs7u-3i-jcternihgdqa3bji,toll_station,12.830902,108.248057,Trạm thu phí BOT Quang Đức Quốc lộ 14,Trạm thu phí BOT Quang Đức Quốc lộ 14,keep,current name matches Google better than OSM,3,osm_placeholder_name;multiple_name_variants;source_name_conflict,Trạm thu phí BOT Quang Đức Quốc lộ 14 | OSM toll 13077408419 | QL14 | Trạm Thu Phí BOT Quang Đức QL14 | Trạm Thu Phí BOT Quang Đức QL14 | Trạm thu phí BOT Quang Đức Quốc lộ 14,Đắk Lắk,QL14,"R6JX+967 Trạm Thu Phí BOT Quang Đức QL14, Hùng Vương, Cư Bao, Đắk Lắk, Việt Nam",vn-toll-osm-13077408419,OSM toll 13077408419,ChIJs7U-3i_jcTERNihgdqa3bJI,B_final,,,,,,
vn-toll-gmaps-chijcvemggcxnterpqgmbpxjwbc,toll_station,20.850998,106.202547,Trạm thu phí Bình Giang,Trạm thu phí Bình Giang,keep,current name matches Google better than OSM,2,osm_placeholder_name;source_name_conflict,Trạm thu phí Bình Giang | OSM toll 11946078822 | Trạm Thu phí Bình Giang | Trạm Thu phí Bình Giang | Trạm Thu phí Bình Giang | Trạm Thu phí Bình Giang | Trạm thu phí Bình Giang,Hải Phòng,,"V622+GR Trạm Thu phí Bình Giang, Nguyễn Lương Bằng, Hải Phòng, Việt Nam",vn-toll-osm-11946078822,OSM toll 11946078822,ChIJCVeMGgCXNTERPQGmbpXJwbc,A_colleague;B_final,,,,,,
vn-toll-gmaps-chijbqk091h9nder80iyuxu9ckq,toll_station,21.203178,105.77953,Trạm thu phí Bắc Thăng Long - Nội Bài,Trạm thu phí Bắc Thăng Long - Nội Bài,keep,current name is acceptable by rules,2,osm_road_name_as_object_name;source_name_conflict,Trạm thu phí Bắc Thăng Long - Nội Bài | Đường Võ Văn Kiệt | Trạm Thu phí Bắc Thăng Long - Nội Bài | Trạm Thu phí Bắc Thăng Long - Nội Bài | Trạm thu phí Bắc Thăng Long - Nội Bài,Hà Nội,,"6Q3H+7RC Trạm Thu phí Bắc Thăng Long - Nội Bài, Đ. Võ Văn Kiệt, Nội Bài, Hà Nội, Việt Nam",vn-toll-osm-1337380557,Đường Võ Văn Kiệt,ChIJBQK091H9NDER80IYuxU9CkQ,A_colleague;B_final,,,,,,
vn-toll-gmaps-chijn4fa8utmcjerr8zi6wu9oiu,toll_station,10.656005,106.473537,Trạm thu phí Bến Lức,Trạm thu phí Bến Lức,keep,current name is acceptable by rules,3,osm_road_name_as_object_name;source_name_conflict;missing_road_context,Trạm thu phí Bến Lức | Đi Cao tốc Thành phố Hồ Chí Minh - Trung Lương | Trạm Thu phí Bến Lức | Trạm Thu phí Bến Lức | Trạm thu phí Bến Lức,Tây Ninh,,"Trạm thu phí, Bến Lức, Tây Ninh, Việt Nam",vn-toll-osm-472356996,Đi Cao tốc Thành phố Hồ Chí Minh - Trung Lương,ChIJN4FA8UTMCjERR8ZI6wu9oiU,A_colleague;B_final,,,,,,
final-ChIJ-cUWDQN3NjERssQ2fMiAUBw,toll_station,20.1664286,105.8628399,Trạm thu phí Cao Bồ,Trạm thu phí Cao Bồ,keep,current name is acceptable by rules,4,osm_road_name_as_object_name;source_name_conflict;missing_province_context;missing_road_context,Trạm thu phí Cao Bồ | Đường cao tốc Mai Sơn - Quốc lộ 45 | Trạm thu phí Cao Bồ,,,,vn-toll-osm-1483493038,Đường cao tốc Mai Sơn - Quốc lộ 45,ChIJ-cUWDQN3NjERssQ2fMiAUBw,B_final,,,,,,
vn-toll-gmaps-chijsdfrx9pxsjershfnq83hhau,toll_station,20.770163,106.712798,Trạm thu phí cao tốc Hà Nội - Hải Phòng - Dương Kính,Trạm thu phí cao tốc Hà Nội - Hải Phòng - Dương Kính,keep,current name matches Google better than OSM,3,osm_placeholder_name;multiple_name_variants;source_name_conflict,Trạm thu phí cao tốc Hà Nội - Hải Phòng - Dương Kính | OSM toll 8544582973 | Cao Tốc Hà Nội - Hải Phòng Qpc7 | Trạm thu phí cao tốc Hà Nội - Hải Phòng - Dương Kính | Trạm thu phí cao tốc Hà Nội - Hải Phòng | Trạm thu phí cao tốc Hà Nội - Hải Phòng | Trạm thu phí cao tốc Hà Nội - Hải Phòng | Trạm thu phí cao tốc Hà Nội - Hải Phòng - Dương Kính,Hà Nội,Cao Tốc Hà Nội - Hải Phòng Qpc7,"QPC7+347 Trạm thu phí cao tốc Hà Nội - Hải Phòng, CT04, Dương Kinh, Hải Phòng, Việt Nam",vn-toll-osm-8544582973,OSM toll 8544582973,ChIJSdFRX9pxSjERShfNQ83HhaU,A_colleague;B_final,,,,,,
vn-toll-gmaps-chijcwi7ozglnterebneqrz056u,toll_station,20.931708,105.971447,Trạm thu phí cao tốc Hà Nội - Hải Phòng - Văn Giang,Trạm thu phí cao tốc Hà Nội - Hải Phòng - Văn Giang,keep,current name matches Google better than OSM,3,osm_placeholder_name;multiple_name_variants;source_name_conflict,Trạm thu phí cao tốc Hà Nội - Hải Phòng - Văn Giang | OSM toll 1324667567 | Cao Tốc Hà Nội - Hải Phòng Wxjc | Trạm thu phí cao tốc Hà Nội - Hải Phòng - Văn Giang | Trạm Thu phí Cao tốc Hà Nội - Hải Phòng | Trạm thu phí cao tốc Hà Nội - Hải Phòng - Văn Giang,Hà Nội,Cao Tốc Hà Nội - Hải Phòng Wxjc,"WXJC+MHP Trạm Thu phí Cao tốc Hà Nội - Hải Phòng, CT04, Văn Giang, Hưng Yên, Việt Nam",vn-toll-osm-1324667567,OSM toll 1324667567,ChIJCwI7OZGlNTEREBNeQrZ056U,B_final,,,,,,
vn-toll-gmaps-chijl6j3blwfszer0pcyadvep-u,toll_station,21.082426,107.392871,Trạm thu phí cao tốc Hạ Long - Vân Đồn,Trạm thu phí cao tốc Hạ Long - Vân Đồn,keep,current name is acceptable by rules,1,multiple_name_variants,Trạm thu phí cao tốc Hạ Long - Vân Đồn | Trạm Thu phí Đoàn Kết | Cao Tốc Hạ Long - Vân Đồn 39Jv | TRẠM THU PHÍ HẠ LONG VÂN ĐỒN | Trạm thu phí cao tốc Hạ Long - Vân Đồn | Trạm thu phí cao tốc Hạ Long - Vân Đồn,Quảng Ninh,Cao Tốc Hạ Long - Vân Đồn 39Jv,"39JV+X4H Trạm thu phí cao tốc Hạ Long - Vân Đồn, Unnamed, Road, Vân Đồn, Quảng Ninh, Việt Nam",vn-toll-osm-1316305913,Trạm Thu phí Đoàn Kết,ChIJl6J3blwFSzER0pCyADVEP-U,A_colleague;B_final,,,,,,
vn-toll-gmaps-chijzt0yfhjfsjere2wnmcahp3w,toll_station,20.974346,106.965774,Trạm thu phí cao tốc Hạ Long - Vân Đồn,Trạm thu phí cao tốc Hạ Long - Vân Đồn,keep,current name is acceptable by rules,1,multiple_name_variants,Trạm thu phí cao tốc Hạ Long - Vân Đồn | Trạm Thu phí Việt Hưng | Cao Tốc Hạ Long - Vân Đồn Xxf8 | Trạm thu phí cao tốc Hạ Long - Vân Đồn,Quảng Ninh,Cao Tốc Hạ Long - Vân Đồn Xxf8,"XXF8+P8J Trạm Thu Phí Cao Tốc Hạ Long - Vân Đồn, Unnamed, Road, Việt Hưng, Quảng Ninh, Việt Nam",vn-toll-osm-6221327319,Trạm Thu phí Việt Hưng,ChIJzT0YfhJfSjERe2WNMCahP3w,B_final,,,,,,
vn-toll-gmaps-chij25u6y96fcjerromg4bcfto0,toll_station,10.317545,105.880116,Trạm thu phí cao tốc Trung Lương - Mỹ Thuận,Trạm thu phí cao tốc Trung Lương - Mỹ Thuận,keep,current name is acceptable by rules,1,multiple_name_variants,Trạm thu phí cao tốc Trung Lương - Mỹ Thuận | Trạm Thu phí An Thái Trung | Cao Tốc Trung Lương - Mỹ Thuận 8V9J | Trạm Thu phí Cao Tốc Trung Lương - Mỹ Thuận | Trạm Thu phí Cao Tốc Trung Lương - Mỹ Thuận | TRẠM THU PHÍ CAI LẬY ( CAO TỐC TRUNG LƯƠNG- MỸ THUẬN) | Trạm Thu phí Cao Tốc Trung Lương - Mỹ Thuận | Trạm thu phí cao tốc Trung Lương - Mỹ Thuận,Đồng Tháp,Cao Tốc Trung Lương - Mỹ Thuận 8V9J,"8V9J+62 Trạm Thu phí Cao Tốc Trung Lương - Mỹ Thuận, Thanh Hưng, Đồng Tháp, Việt Nam",vn-toll-osm-13594609044,Trạm Thu phí An Thái Trung,ChIJ25u6Y96FCjERroMG4BCFTo0,A_colleague;B_final,,,,,,
vn-toll-clean-079,toll_station,10.0199467,106.2974383,Trạm thu phí Cầu Cổ Chiên,Trạm thu phí Cầu Cổ Chiên,keep,current name is acceptable by rules,1,multiple_name_variants,Trạm thu phí Cầu Cổ Chiên | QL60 | Trạm thu phí Cổ Chiên | Trạm Thu phí Cầu Cổ Chiên | Trạm thu phí Cầu Cổ Chiên,Vĩnh Long,QL60,"QL60, Nhị Long, Vĩnh Long, Việt Nam",,,,A_colleague,,,,,,
vn-toll-gmaps-chijbyvfm3qkntercjpalln1y8g,toll_station,21.080139,106.092165,Trạm thu phí Cầu Hồ,Trạm thu phí Cầu Hồ,keep,current name is acceptable by rules,1,multiple_name_variants,Trạm thu phí Cầu Hồ | Trạm Thu Phí Bắc Ninh Hải Dương | QL38 | Trạm Thu phí Cầu Hồ | Trạm Thu phí Cầu Hồ | Trạm Thu phí Cầu Hồ | Trạm Thu phí Cầu Hồ | Trạm thu phí Cầu Hồ,Bắc Ninh,QL38,"33JR+3V3 Trạm Thu phí Cầu Hồ, QL38, Tân Chi, Bắc Ninh, Việt Nam",vn-toll-osm-6862997895,Trạm Thu Phí Bắc Ninh Hải Dương,ChIJbYVFM3QKNTERcjpALLN1Y8g,A_colleague;B_final,,,,,,
final-ChIJcYnshklhoDERkLnRXydRhaw,toll_station,9.9242626,105.8540449,Trạm thu phí Cầu Phú Hữu,Trạm thu phí Cầu Phú Hữu,keep,current name is acceptable by rules,1,missing_province_context,Trạm thu phí Cầu Phú Hữu | Trạm Thu phí Cầu Phú Hữu | Trạm thu phí Cầu Phú Hữu,,,,,Trạm Thu phí Cầu Phú Hữu,ChIJcYnshklhoDERkLnRXydRhaw,B_final,,,,,,
vn-toll-gmaps-chijcdgnmmhdnterei-tfxzxnhk,toll_station,20.590872,106.139251,Trạm thu phí Cầu Thái Hà,Trạm thu phí Cầu Thái Hà,keep,current name matches Google better than OSM,2,osm_placeholder_name;source_name_conflict,Trạm thu phí Cầu Thái Hà | OSM toll 13338380133 | Trạm Thu phí Cầu Thái Hà | Trạm Thu phí Cầu Thái Hà | Trạm thu phí Cầu Thái Hà,Hưng Yên,,"H4RQ+8PR Trạm Thu phí Cầu Thái Hà, Long Hưng, Hưng Yên, Việt Nam",vn-toll-osm-13338380133,OSM toll 13338380133,ChIJCdGNMMHDNTEREi-tFxzxNHk,B_final,,,,,,
vn-toll-gmaps-chijsdenahanndersdrkmfp5jxw,toll_station,21.285532,105.404046,Trạm thu phí Cầu Văn Lang,Trạm thu phí Cầu Văn Lang,keep,current name matches Google better than OSM,4,osm_placeholder_name;multiple_name_variants;source_name_conflict;missing_road_context,Trạm thu phí Cầu Văn Lang | OSM toll 6563222996 | Trạm Thu phí Cầu Văn Lang | Trạm Thu phí Cầu Văn Lang | Trạm thu phí Cầu Văn Lang (QL32 – QL32C) | Trạm Thu phí Cầu Văn Lang | Trạm thu phí Cầu Văn Lang,Hà Nội,,"Km7+180 đường Phú Hà (đường dẫn cầu Văn Lang, Cổ Đô, Hà Nội, Việt Nam",vn-toll-osm-6563222996,OSM toll 6563222996,ChIJsdENaHaNNDERsdrKMfp5jXw,A_colleague;B_final,,,,,,
vn-toll-gmaps-chijpud-awdhnteraukymvq-3di,toll_station,20.658939,106.048984,Trạm thu phí Cầu Yên Lệnh,Trạm thu phí Cầu Yên Lệnh,keep,current name matches Google better than OSM,3,osm_placeholder_name;multiple_name_variants;source_name_conflict,Trạm thu phí Cầu Yên Lệnh | OSM toll 10198957829 | QL38 | Trạm Thu phí Cầu Yên Lệnh | Trạm Thu phí Cầu Yên Lệnh | Trạm Thu phí Cầu Yên Lệnh | Trạm Thu phí Cầu Yên Lệnh | Trạm thu phí Cầu Yên Lệnh,Hưng Yên,QL38,"Trạm thu phí, QL38, Sơn Nam, Hưng Yên, Việt Nam",vn-toll-osm-10198957829,OSM toll 10198957829,ChIJpUd-AwDHNTERAUKymVQ_3DI,A_colleague;B_final,,,,,,
vn-toll-gmaps-chijuf95la0bszer7kkifo99l6e,toll_station,21.003101,107.327187,Trạm thu phí Cẩm Phả,Trạm thu phí Cẩm Phả,keep,current name matches Google better than OSM,4,osm_placeholder_name;multiple_name_variants;source_name_conflict;missing_road_context,Trạm thu phí Cẩm Phả | OSM toll 1381203335 | Trạm Thu Phí Cẩm Phả | Trạm Thu Phí Cẩm Phả | TRẠM THU PHÍ CẨM PHẢ QL 18 | Trạm Thu Phí Cẩm Phả | Trạm thu phí Cẩm Phả,Quảng Ninh,,"Trần Quốc Tảng, Cửa Ông, Quảng Ninh, Việt Nam",vn-toll-osm-1381203335,OSM toll 1381203335,ChIJuf95la0BSzER7KKiFo99L6E,A_colleague;B_final,,,,,,
vn-toll-gmaps-chij17nu3clusjerps6to2kbcuc,toll_station,20.776114,106.723902,Trạm thu phí Dương Kinh,Trạm thu phí Dương Kinh,keep,current name matches Google better than OSM,2,osm_placeholder_name;source_name_conflict,Trạm thu phí Dương Kinh | OSM toll 1329847084 | Trạm Thu phí Dương Kinh | Trạm Thu phí Dương Kinh | Trạm Thu phí Dương Kinh | Trạm Thu phí Dương Kinh | Trạm thu phí Dương Kinh,Hải Phòng,,"QPGF+CHR Trạm Thu phí Dương Kinh, Dương Kinh, Hải Phòng, Việt Nam",vn-toll-osm-1329847084,OSM toll 1329847084,ChIJ17Nu3CluSjERPS6To2kBcUc,A_colleague;B_final,,,,,,
vn-toll-gmaps-chijs-uxldfhmzerhgmov8hzfq0,toll_station,21.533157,104.972637,Trạm thu phí Hạ Hoà (IC11),Trạm thu phí Hạ Hoà (IC11),keep,current name matches Google better than OSM,1,source_name_conflict,Trạm thu phí Hạ Hoà (IC11) | IC11 | Trạm thu phí Hạ Hoà (IC11),Phú Thọ,,"GXMF+736 Trạm Thu phí Hạ Hoà (IC11), Văn Lang, Phú Thọ, Việt Nam",vn-toll-osm-6554530141,IC11,ChIJs-UXlDFhMzERHgmOv8HZfq0,B_final,,,,,,
vn-toll-gmaps-chijz1erg79vnterj9wpxswipbo,toll_station,21.315908,106.25888,Trạm thu phí Km 104 cao tốc Bắc Giang - Lạng Sơn,Trạm thu phí Km 104 cao tốc Bắc Giang - Lạng Sơn,keep,current name is acceptable by rules,1,multiple_name_variants,Trạm thu phí Km 104 cao tốc Bắc Giang - Lạng Sơn | Trạm Thu phí Km 104 | Cao Tốc Bắc Giang - Lạng Sơn 8785 | Trạm Thu phí Km 104 Cao tốc Bắc Giang - Lạng Sơn | Trạm Thu phí Km 104 Cao tốc Bắc Giang - Lạng Sơn | Trạm Thu phí Km 104 Cao tốc Bắc Giang - Lạng Sơn | Trạm Thu phí Km 104 Cao tốc Bắc Giang - Lạng Sơn | Trạm thu phí Km 104 cao tốc Bắc Giang - Lạng Sơn,Bắc Giang,Cao Tốc Bắc Giang - Lạng Sơn 8785,"8785+9H6 Trạm Thu phí Km 104 Cao tốc Bắc Giang - Lạng Sơn, Lạng Giang, Bắc Ninh, Việt Nam",vn-toll-osm-6837953448,Trạm Thu phí Km104,ChIJz1ErG79vNTERj9WPxSwipBo,A_colleague;B_final,,,,,,
vn-toll-gmaps-chijldcenyv9nderu0-djgbtfgm,toll_station,21.252714,105.739648,Trạm thu phí Km 6 cao tốc Hà Nội - Lào Cai,Trạm thu phí Km 6 cao tốc Hà Nội - Lào Cai,keep,current name is acceptable by rules,1,multiple_name_variants,Trạm thu phí Km 6 cao tốc Hà Nội - Lào Cai | Trạm thu phí Nội Bài | Cao Tốc Hà Nội - Lào Cai Trạm Thu Phí Cao Tốc Nội Bài - Lào Cai | Trạm Thu phí Km 6 Cao tốc Hà Nội - Lào Cai | Trạm Thu phí Km 6 Cao tốc Hà Nội - Lào Cai | Trạm Thu phí Km 6 Cao tốc Hà Nội - Lào Cai | Trạm Thu phí Km 6 Cao tốc Hà Nội - Lào Cai | Trạm thu phí Km 6 cao tốc Hà Nội - Lào Cai,Hà Nội,Cao Tốc Hà Nội - Lào Cai Trạm Thu Phí Cao Tốc Nội Bài - Lào Cai,"Trạm thu phí Cao tốc Nội Bài - Lào Cai, ĐCT05, Kim Anh, Hà Nội, Việt Nam",vn-toll-osm-1329842882,Trạm thu phí Nội Bài,ChIJldceNYv9NDERu0_djGbTfGM,A_colleague;B_final,,,,,,
vn-toll-gmaps-chijfrnwdlqrsjerj0lihlazqz8,toll_station,21.686704,106.62769,Trạm thu phí Km 45 - cao tốc Bắc - Nam phía Đông (Bắc Giang - Lạng Sơn),Trạm thu phí Km 45 - cao tốc Bắc - Nam phía Đông (Bắc Giang - Lạng Sơn),keep,current name matches Google better than OSM,2,multiple_name_variants;source_name_conflict,Trạm thu phí Km 45 - cao tốc Bắc - Nam phía Đông (Bắc Giang - Lạng Sơn) | Trạm Thu phí Km 45+100 | Cao Tốc Bắc - Nam Phía Đông | Trạm Thu Phí Km 45 - Cao Tốc Bắc - Nam phía Đông (Bắc Giang - Lạng Sơn) | Trạm Thu Phí Km 45 - Cao Tốc Bắc - Nam phía Đông (Bắc Giang - Lạng Sơn) | Trạm Thu Phí Km 45 - Cao Tốc Bắc - Nam phía Đông (Bắc Giang - Lạng Sơn) | Trạm Thu Phí Km 45 - Cao Tốc Bắc - Nam phía Đông (Bắc Giang - Lạng Sơn) | Trạm thu phí Km 45 - cao tốc Bắc - Nam phía Đông (Bắc Giang - Lạng Sơn),Bắc Giang,Cao Tốc Bắc - Nam Phía Đông,"MJPH+M3P Trạm Thu Phí Km45 - Cao Tốc Bắc - Nam phía Đông (Bắc Giang - Lạng Sơn), Nhân Lý, Lạng Sơn, Việt Nam",vn-toll-osm-6837952271,Trạm Thu phí Km45+100,ChIJfRnWDLqrSjERj0LihLAZQZ8,A_colleague;B_final,,,,,,
vn-toll-gmaps-chijw7x4ly4vbzerqhxh-n6qozq,toll_station,13.871314,109.125422,Trạm thu phí Nam Bình Định,Trạm thu phí Nam Bình Định,keep,current name matches Google better than OSM,2,osm_placeholder_name;source_name_conflict,Trạm thu phí Nam Bình Định | OSM toll 6950227536 | Trạm Thu phí Nam Bình Định | Trạm Thu phí Nam Bình Định | TRẠM THU PHÍ NAM BÌNH ĐỊNH | Trạm Thu phí Nam Bình Định | Trạm thu phí Nam Bình Định,Bình Định,,"V4CG+G5F Trạm Thu phí Nam Bình Định, AH1, An Nhơn Nam, Gia Lai, Việt Nam",vn-toll-osm-6950227536,OSM toll 6950227536,ChIJW7x4LY4VbzERQhXh_N6qOzQ,A_colleague;B_final,,,,,,
vn-toll-gmaps-chijheu4jpyeqjer0ieju1yy09k,toll_station,15.890553,108.173646,Trạm thu phí Phong Thử,Trạm thu phí Phong Thử,keep,current name matches Google better than OSM,2,osm_placeholder_name;source_name_conflict,Trạm thu phí Phong Thử | OSM toll 1374419135 | Trạm Thu phí Phong Thử | Trạm Thu phí Phong Thử | Trạm thu phí Phong Thử,Đà Nẵng,,"V5RF+6FC Trạm Thu phí Phong Thử, Điện Bàn Tây, Đà Nẵng, Việt Nam",vn-toll-osm-1374419135,OSM toll 1374419135,ChIJHeu4jPYEQjER0IEJu1YY09k,B_final,,,,,,
vn-toll-gmaps-chij5uixooyznter1uou4imhe6q,toll_station,20.907514,105.86138,Trạm thu phí Pháp Vân,Trạm thu phí Pháp Vân,keep,current name is acceptable by rules,3,osm_road_name_as_object_name;source_name_conflict;missing_road_context,Trạm thu phí Pháp Vân | Đường cao tốc Pháp Vân - Cầu Giẽ | Trạm thu phí Pháp Vân | Trạm thu phí Pháp Vân | Trạm thu phí Pháp Vân,Hà Nội,,"WV46+XF4 Trạm thu phí Pháp Vân, ĐCT Pháp Vân - Cầu Giẽ, Nam Phù, Hà Nội, Việt Nam",vn-toll-osm-1351999824,Đường cao tốc Pháp Vân - Cầu Giẽ,ChIJ5UIXoOyzNTER1UOU4IMHE6Q,A_colleague;B_final,,,,,,
vn-toll-gmaps-chij60njjc-tnderf1gktlbp6bm,toll_station,21.390527,105.330033,Trạm thu phí Phù Ninh (IC8),Trạm thu phí Phù Ninh (IC8),keep,current name matches Google better than OSM,2,osm_placeholder_name;source_name_conflict,Trạm thu phí Phù Ninh (IC8) | OSM toll 3992131737 | Trạm Thu phí Phù Ninh (IC8) | Trạm Thu phí Phù Ninh (IC8) | Trạm thu phí Phù Ninh (IC8),Phú Thọ,,"98RJ+627 Trạm Thu phí Phù Ninh (IC8), Phù Ninh, Phú Thọ, Việt Nam",vn-toll-osm-3992131737,OSM toll 3992131737,ChIJ60NjJc-TNDERf1GktLbp6bM,B_final,,,,,,
vn-toll-gmaps-chijg8s9mawqnderqdir-t0q-ia,toll_station,21.423543,105.230986,Trạm thu phí Phú Thọ (IC9),Trạm thu phí Phú Thọ (IC9),keep,current name matches Google better than OSM,2,osm_placeholder_name;source_name_conflict,Trạm thu phí Phú Thọ (IC9) | OSM toll 6877650786 | Trạm Thu phí Phú Thọ (IC9) | Trạm Thu phí Phú Thọ (IC9) | Trạm thu phí Phú Thọ (IC9),Phú Thọ,,"C6FJ+C99 Trạm Thu phí Phú Thọ (IC9), Nút giao IC9, Phú Thọ, Việt Nam",vn-toll-osm-6877650786,OSM toll 6877650786,ChIJg8S9MaWQNDERQdIR_T0Q-iA,B_final,,,,,,
vn-toll-gmaps-chij-b1-qmp3nter5hrm1tmd6de,toll_station,21.116648,106.276521,Trạm thu phí Phả Lại,Trạm thu phí Phả Lại,keep,current name matches Google better than OSM,2,osm_placeholder_name;source_name_conflict,Trạm thu phí Phả Lại | OSM toll 13602049340 | Trạm Thu phí Phả Lại | Trạm Thu phí Phả Lại | TRẠM THU PHÍ PHẢ LẠI | Trạm Thu phí Phả Lại | Trạm thu phí Phả Lại,Bắc Ninh,,"478G+MJ2 Trạm Thu phí Phả Lại, Phù Lãng, Bắc Ninh, Việt Nam",vn-toll-osm-13602049340,OSM toll 13602049340,ChIJ-b1_QMp3NTER5hrm1tmd6dE,A_colleague;B_final,,,,,,
vn-toll-gmaps-chijmzdscgvgsjer8vf1a48ywny,toll_station,20.986069,106.90282,Trạm thu phí quốc lộ 18 - Đại Yên,Trạm thu phí quốc lộ 18 - Đại Yên,keep,current name is acceptable by rules,1,multiple_name_variants,Trạm thu phí quốc lộ 18 - Đại Yên | Trạm Thu Phí Đại Yên | QL18 | TRẠM THU PHÍ ĐẠI YÊN | Trạm thu phí Đại Yên | Trạm thu phí quốc lộ 18 - Đại Yên,Quảng Ninh,QL18,"XWP3+C4G Trạm thu phí quốc lộ 18 - Đại Yên, Tuần Châu, Quảng Ninh, Việt Nam",vn-toll-osm-12788166743,Trạm Thu Phí Đại Yên,ChIJmZDSCgVgSjER8vf1A48ywnY,A_colleague;B_final,,,,,,
vn-toll-clean-022,toll_station,21.6205522,106.5586596,Trạm thu phí Quốc lộ 279,Trạm thu phí Quốc lộ 279,keep,current name is acceptable by rules,1,multiple_name_variants,Trạm thu phí Quốc lộ 279 | Quốc lộ 279 | Trạm thu phí 279 BGLS | Trạm Thu phí Quốc lộ 279 | Trạm thu phí Quốc lộ 279,Lạng Sơn,Quốc lộ 279,"JHC5+6FF, ĐCT Bắc Giang - Lạng Sơn, Chi Lăng, Lạng Sơn, Việt Nam",,,,A_colleague,,,,,,
vn-toll-gmaps-chijz9dylgbzcderyflmmd4qeom,toll_station,12.178763,109.058643,Trạm thu phí Suối Dầu,Trạm thu phí Suối Dầu,keep,current name is acceptable by rules,3,osm_road_name_as_object_name;source_name_conflict;missing_road_context,Trạm thu phí Suối Dầu | Đi Cao tốc Nha Trang - Cam Lâm | Trạm Thu phí Suối Dầu | Trạm Thu phí Suối Dầu | Trạm thu phí Suối Dầu,Khánh Hòa,,"53H5+MHQ Trạm Thu phí Suối Dầu, Suối Dầu, Khánh Hòa, Việt Nam",vn-toll-osm-1132445126,Đi Cao tốc Nha Trang - Cam Lâm,ChIJz9dyLgBZcDERYflmMd4qeOM,A_colleague;B_final,,,,,,
vn-toll-gmaps-chijm6tquru8djeran-pvwkiil0,toll_station,11.203574,108.32627,Trạm thu phí Sông Lũy,Trạm thu phí Sông Lũy,keep,current name matches Google better than OSM,2,osm_placeholder_name;source_name_conflict,Trạm thu phí Sông Lũy | OSM toll 10198616916 | Trạm Thu phí Sông Lũy | Trạm Thu phí Sông Lũy | Trạm thu phí Sông Lũy,Lâm Đồng,,"683G+CGC Trạm Thu phí Sông Lũy, Sông Lũy, Lâm Đồng, Việt Nam",vn-toll-osm-10198616916,OSM toll 10198616916,ChIJm6TQURu8djERaN-pVWKIIL0,B_final,,,,,,
vn-toll-gmaps-chijuyf92xusdderp1zo6r1ueqo,toll_station,10.875323,107.931343,Trạm thu phí Sông Phan,Trạm thu phí Sông Phan,keep,current name matches Google better than OSM,2,osm_placeholder_name;source_name_conflict,Trạm thu phí Sông Phan | OSM toll 1588276876 | Trạm Thu phí Sông Phan | Trạm Thu phí Sông Phan | Trạm thu phí Sông Phan | Trạm Thu phí Sông Phan | Trạm thu phí Sông Phan,Lâm Đồng,,"AH1, Hàm Thuận Nam, Lâm Đồng, Việt Nam",vn-toll-osm-1588276876,OSM toll 1588276876,ChIJUyF92xUsdDERP1Zo6R1UEQo,A_colleague;B_final,,,,,,
vn-toll-gmaps-chijh4ypgmglnterffp5cs-xi3k,toll_station,20.949337,106.012557,Trạm thu phí Số 1 - Quốc lộ 5,Trạm thu phí Số 1 - Quốc lộ 5,keep,current name is acceptable by rules,1,multiple_name_variants,Trạm thu phí Số 1 - Quốc lộ 5 | Trạm thu phí số 1 | QL5 | Trạm Thu phí Số 1 - Quốc lộ 5 | Trạm Thu phí Số 1 - Quốc lộ 5 | Trạm thu phí Số 1 - Quốc lộ 5,Hưng Yên,QL5,"W2X7+P2M Trạm Thu phí Số 1 - Quốc lộ 5, QL5, Như Quỳnh, Hưng Yên, Việt Nam",vn-toll-osm-481837637,Trạm thu phí số 1,ChIJh4YpGmGlNTERFfP5cS-xI3k,A_colleague;B_final,,,,,,
final-ChIJ4dEMbuZ4SjERLJAkCqZ65Ac,toll_station,20.9085704,106.5726339,Trạm thu phí Số 2 - Quốc lộ 5,Trạm thu phí Số 2 - Quốc lộ 5,keep,current name matches Google better than OSM,3,osm_placeholder_name;multiple_name_variants;source_name_conflict,Trạm thu phí Số 2 - Quốc lộ 5 | OSM toll 10185562123 | QL5 | TRẠM THU PHÍ QL 5 SỐ 2 ( TRẠM QUÁN TOAN) | Trạm Thu phí Số 2 - Quốc lộ 5 | Trạm thu phí Số 2 - Quốc lộ 5,Hải Phòng,QL5,"QL5 chợ Hỗ, Hồng An, Hải Phòng, Việt Nam",vn-toll-osm-10185562123,OSM toll 10185562123,ChIJ4dEMbuZ4SjERLJAkCqZ65Ac,A_colleague;B_final,,,,,,
vn-toll-gmaps-chijmzqjckncatervw-k6mqd6u8,toll_station,15.548535,108.518476,Trạm thu phí Tam Kỳ,Trạm thu phí Tam Kỳ,keep,current name matches Google better than OSM,3,osm_placeholder_name;multiple_name_variants;source_name_conflict,Trạm thu phí Tam Kỳ | OSM toll 6860284192 | QL1A | Trạm Thu phí Tam Kỳ | Trạm Thu phí Tam Kỳ | TRẠM THU PHÍ TAM KỲ | Trạm Thu phí Tam Kỳ | Trạm thu phí Tam Kỳ,Đà Nẵng,QL1A,"GGX9+C99 Trạm Thu phí Tam Kỳ, QL1A, Tam Xuân, Đà Nẵng, Việt Nam",vn-toll-osm-6860284192,OSM toll 6860284192,ChIJmZQJcKncaTERVW-k6Mqd6U8,A_colleague;B_final,,,,,,
vn-toll-gmaps-chij3whjiascoderoc1smos1xbs,toll_station,17.890216,106.450909,Trạm thu phí TASCO Quảng Bình,Trạm thu phí TASCO Quảng Bình,keep,current name matches Google better than OSM,2,osm_placeholder_name;source_name_conflict,Trạm thu phí TASCO Quảng Bình | OSM toll 668714123 | Trạm Thu Phí TASCO Quảng Bình | Trạm Thu Phí TASCO Quảng Bình | TRẠM THU PHÍ TASCO QUẢNG BÌNH | Trạm Thu Phí TASCO Quảng Bình | Trạm thu phí TASCO Quảng Bình,Quảng Bình,,"VFR2+39M Trạm Thu Phí TASCO Quảng Bình, Phú Trạch, Quảng Trị, Việt Nam",vn-toll-osm-668714123,OSM toll 668714123,ChIJ3WhjiaScODEROc1smOs1Xbs,A_colleague;B_final,,,,,,
vn-toll-gmaps-chijj9dxbz8nntery-h6eafxdse,toll_station,21.644094,105.785999,Trạm thu phí Thái Nguyên - Chợ Mới,Trạm thu phí Thái Nguyên - Chợ Mới,keep,current name matches Google better than OSM,2,osm_placeholder_name;source_name_conflict,Trạm thu phí Thái Nguyên - Chợ Mới | OSM toll 10001978675 | Trạm Thu phí Thái Nguyên - Chợ Mới | Trạm Thu phí Thái Nguyên - Chợ Mới | Trạm thu phí Thái Nguyên - Chợ Mới,Thái Nguyên,,"JQVP+J9Q Trạm Thu phí Thái Nguyên - Chợ Mới, Quan Triều, Thái Nguyên, Việt Nam",vn-toll-osm-10001978675,OSM toll 10001978675,ChIJJ9dxBz8nNTERy_H6eAFXDSE,B_final,,,,,,
vn-toll-gmaps-chijq6qqvpajnterc3bdyznisgo,toll_station,20.776437,106.507622,Trạm thu phí Tiên Cựu,Trạm thu phí Tiên Cựu,keep,current name matches Google better than OSM,3,osm_placeholder_name;multiple_name_variants;source_name_conflict,Trạm thu phí Tiên Cựu | OSM toll 6864061670 | QL10 | Trạm Thu phí Tiên Cựu | Trạm Thu phí Tiên Cựu | TRẠM THU PHÍ TIÊN CỰU | Trạm Thu phí Tiên Cựu | Trạm thu phí Tiên Cựu,Hải Phòng,QL10,"QGG5+H2H Trạm Thu phí Tiên Cựu, QL10, Quyết Thắng, Hải Phòng, Việt Nam",vn-toll-osm-6864061670,OSM toll 6864061670,ChIJq6qqvpaJNTERC3bDyZNiSGo,A_colleague;B_final,,,,,,
vn-toll-gmaps-chijoz7tsyhkdderuzx9tyaqzms,toll_station,10.945377,107.057444,Trạm thu phí Trảng Bom,Trạm thu phí Trảng Bom,keep,current name is acceptable by rules,1,multiple_name_variants,Trạm thu phí Trảng Bom | Trạm thu phí Trảng Bom | QL1A | TRẠM THU PHÍ TRẢNG BOM- ĐỒNG NAI | Trạm Thu phí Trảng Bom | Trạm thu phí Trảng Bom,Đồng Nai,QL1A,"Trạm thu phí đường tránh Biên Hòa, QL1A, Hưng Thịnh, Đồng Nai 76000, Việt Nam",vn-toll-osm-1093353487,Trạm thu phí Trảng Bom,ChIJOz7TsYHkdDERUZx9tyaQZMs,A_colleague;B_final,,,,,,
vn-toll-gmaps-chij1umhywbvaderfo0oqudtkge,toll_station,15.063359,108.839193,Trạm thu phí Tư Nghĩa,Trạm thu phí Tư Nghĩa,keep,current name matches Google better than OSM,2,osm_placeholder_name;source_name_conflict,Trạm thu phí Tư Nghĩa | OSM toll 6860315448 | Trạm Thu phí Tư Nghĩa | Trạm Thu phí Tư Nghĩa | TRẠM THU PHÍ TƯ NGHĨA | Trạm Thu phí Tư Nghĩa | Trạm thu phí Tư Nghĩa,Quảng Ngãi,,"3R7Q+8M Trạm Thu phí Tư Nghĩa, Tư Nghĩa, Quảng Ngãi, Việt Nam",vn-toll-osm-6860315448,OSM toll 6860315448,ChIJ1UmHYwBVaDERFO0OqUDTKGE,A_colleague;B_final,,,,,,
vn-toll-gmaps-chij180vwgctndertlpjgciqgh4,toll_station,21.365264,105.380222,Trạm thu phí Việt Trì (IC7),Trạm thu phí Việt Trì (IC7),keep,current name is acceptable by rules,1,multiple_name_variants,Trạm thu phí Việt Trì (IC7) | Trạm thu phí Việt Trì | CT05 | Trạm thu phí Việt Trì (IC7),Phú Thọ,CT05,"Trạm thu phí IC7 - TP Việt Trì, CT05, Vân Phú, Phú Thọ, Việt Nam",vn-toll-osm-4965039224,Trạm thu phí Việt Trì,ChIJ180VWgCTNDERTLPjgCIqGh4,B_final,,,,,,
vn-toll-gmaps-chij3dxy82ftnderbrdtq0yxuy8,toll_station,21.355073,105.463963,Trạm thu phí Văn Quán (IC6),Trạm thu phí Văn Quán (IC6),keep,current name matches Google better than OSM,2,osm_placeholder_name;source_name_conflict,Trạm thu phí Văn Quán (IC6) | OSM toll 6554465773 | Trạm Thu phí Văn Quán (IC6) | Trạm Thu phí Văn Quán (IC6) | Trạm thu phí Văn Quán (IC6),Phú Thọ,,"9F47+2HG Trạm Thu phí Văn Quán (IC6), Unnamed Road, Sơn Đông, Phú Thọ, Việt Nam",vn-toll-osm-6554465773,OSM toll 6554465773,ChIJ3dXY82ftNDERbRdtQ0yxuy8,B_final,,,,,,
vn-toll-gmaps-chijq32qgjhfnderqfmgxjirylu,toll_station,20.870306,105.513575,Trạm thu phí Xuân Mai - Hòa Bình,Trạm thu phí Xuân Mai - Hòa Bình,keep,current name is acceptable by rules,1,multiple_name_variants,Trạm thu phí Xuân Mai - Hòa Bình | Trạm Thu Phí Lương Sơn | QL6 | Trạm thu phí Xuân Mai - Hòa Bình | Trạm thu phí Xuân Mai - Hòa Bình | Trạm thu phí Xuân Mai – Hòa Bình | Trạm thu phí Xuân Mai - Hòa Bình | Trạm thu phí Xuân Mai - Hòa Bình,Hòa Bình,QL6,"Trạm thu phí QL 6 Xuân Mai - Hòa Bình, QL6, Lương Sơn, Phú Thọ, Việt Nam",vn-toll-osm-13892995819,Trạm Thu Phí Lương Sơn,ChIJQ32qGjhFNDERqFMgXJirylU,A_colleague;B_final,,,,,,
vn-toll-gmaps-chijy0pvdki7nterxrsufrtk7-0,toll_station,20.850209,106.027549,Trạm thu phí Yên Mỹ,Trạm thu phí Yên Mỹ,keep,current name matches Google better than OSM,2,osm_placeholder_name;source_name_conflict,Trạm thu phí Yên Mỹ | OSM toll 4686546644 | Trạm Thu phí Yên Mỹ | Trạm Thu phí Yên Mỹ | Trạm Thu phí Yên Mỹ | Trạm Thu phí Yên Mỹ | Trạm thu phí Yên Mỹ,Hưng Yên,,"V22H+32M Trạm Thu phí Yên Mỹ, Nút Giao Yên Mỹ, Yên Mỹ, Hưng Yên, Việt Nam",vn-toll-osm-4686546644,OSM toll 4686546644,ChIJy0PVDKi7NTERXrSuFrTk7_0,A_colleague;B_final,,,,,,
vn-toll-gmaps-chijizmkglgeoderl3wwuangeo8,toll_station,10.111717,105.648978,Trạm thu phí Ô Môn,Trạm thu phí Ô Môn,keep,current name matches Google better than OSM,2,osm_placeholder_name;source_name_conflict,Trạm thu phí Ô Môn | OSM toll 5003536551 | Trạm Thu phí Ô Môn | Trạm Thu phí Ô Môn | Trạm thu phí Ô Môn,Cần Thơ,,"Phước Thới, Cần Thơ, Việt Nam",vn-toll-osm-5003536551,OSM toll 5003536551,ChIJizMkGlGEoDERl3WwUanGeo8,B_final,,,,,,
vn-toll-gmaps-chijldpaqq0aqjermirp-ousmjs,toll_station,15.930527,108.228712,Trạm thu phí Điện Bàn,Trạm thu phí Điện Bàn,keep,current name matches Google better than OSM,3,osm_placeholder_name;multiple_name_variants;source_name_conflict,Trạm thu phí Điện Bàn | OSM toll 5589299568 | Nhà đất Trạm Thu phí Điện Bàn | Nhà đất Trạm Thu phí Điện Bàn | Trạm thu phí Điện Bàn,Đà Nẵng,,"W6JH+6F8 Nhà đất Trạm Thu phí Điện Bàn, AH1, Điện Bàn Bắc, Đà Nẵng, Việt Nam",vn-toll-osm-5589299568,OSM toll 5589299568,ChIJLdpAqq0aQjERmiRp-ouSmJs,B_final,,,,,,
vn-toll-clean-072,toll_station,11.2218334,106.7252837,Trạm thu phí ĐT741,Trạm thu phí ĐT741,keep,current name is acceptable by rules,1,multiple_name_variants,Trạm thu phí ĐT741 | ĐT741 | TRẠM THU PHÍ DT741- BÌNH DƯƠNG | Trạm Thu Phí ĐT741 | Trạm thu phí ĐT741,Hồ Chí Minh,ĐT741,"6PCG+P43, ĐT741, Phước Hòa, Hồ Chí Minh, Việt Nam",,,,A_colleague,,,,,,
vn-toll-gmaps-chijw-epzqd3njeribu-dwg-pdu,toll_station,19.827931,105.69233,Trạm thu phí Đông Xuân,Trạm thu phí Đông Xuân,keep,current name matches Google better than OSM,2,osm_placeholder_name;source_name_conflict,Trạm thu phí Đông Xuân | OSM toll 1359071499 | Trạm thu phí Đông Xuân | Trạm thu phí Đông Xuân | Trạm thu phí Đông Xuân,Thanh Hóa,,"RMHR+5W Trạm thu phí Đông Xuân, Đông Sơn, Thanh Hóa, Việt Nam",vn-toll-osm-1359071499,OSM toll 1359071499,ChIJw_epZQD3NjERiBu-Dwg-pdU,B_final,,,,,,
vn-toll-gmaps-chijosjouw5nnderljgn046zgi4,toll_station,20.965148,105.397958,Trạm thu phí đường Hòa Lạc - Hòa Bình,Trạm thu phí đường Hòa Lạc - Hòa Bình,keep,current name is acceptable by rules,2,osm_road_name_as_object_name;missing_road_context,Trạm thu phí đường Hòa Lạc - Hòa Bình | Đường cao tốc Hòa Lạc – Hòa Bình | Trạm thu phí đường Hòa Lạc - Hòa Bình,Hòa Bình,,"Hòa Bình, Việt Nam",vn-toll-osm-999443039,Đường cao tốc Hòa Lạc – Hòa Bình,ChIJOSJOUw5nNDERLjGn046zgi4,A_colleague;B_final,,,,,,
vn-toll-gmaps-chijg3byqa61czersgevsyvu4he,toll_station,12.188389,107.637639,Trạm thu phí Đắk Song,Trạm thu phí Đắk Song,keep,current name is acceptable by rules,1,multiple_name_variants,Trạm thu phí Đắk Song | Trạm Thu Phí Đắk Song | QL14 | TRẠM THU PHÍ ĐẮC NÔNG | Trạm Thu phí Đắk Song | Trạm thu phí Đắk Song,Lâm Đồng,QL14,"5JQQ+932 Trạm Thu phí Đắk Song, QL14, Trường Xuân, Lâm Đồng, Việt Nam",vn-toll-osm-10826144165,Trạm Thu Phí Đắk Song,ChIJG3ByQA61czERsGEVsyvu4HE,A_colleague;B_final,,,,,,
vn-toll-gmaps-chij-wvfyuvcter5tonghianj4,toll_station,11.859578,108.457887,Trạm thu phí Định An,Trạm thu phí Định An,keep,current name is acceptable by rules,3,osm_road_name_as_object_name;multiple_name_variants;source_name_conflict,Trạm thu phí Định An | Đường cao tốc Liên Khương - Prenn | CT27 | Trạm thu phí Định An,Lâm Đồng,CT27,"VF55+R5J Trạm Thu phí Định An, CT27, Hiệp Thạnh, Lâm Đồng, Việt Nam",vn-toll-osm-814071926,Đường cao tốc Liên Khương - Prenn,ChIJ-_WvFyUVcTER5tonghiANj4,B_final,,,,,,
vn-toll-results-a8c1640ca55f27,toll_station,21.378121,105.913552,Cầu treo thu phí,Cầu treo thu phí,keep,current name is acceptable by rules,1,missing_province_context,Cầu treo thu phí | Cầu treo thu phí,,,"9WH7+6C Cầu treo thu phí, Vạn Xuân, Thái Nguyên, Việt Nam",,,ChIJvdKCdAAZNTER1I3_pM4Sh1s,colleague_google_maps_results,,,,,,
vn-toll-results-8912940a55179a,toll_station,10.666701,106.457972,Trạm Thu phí Bến Lức,Trạm Thu phí Bến Lức,keep,current name is acceptable by rules,1,missing_province_context,Trạm Thu phí Bến Lức | Trạm Thu phí Bến Lức,,,"MF85+M5Q Trạm Thu phí Bến Lức, ĐT824, Bến Lức, Tây Ninh, Việt Nam",,,ChIJ27l-b9XNCjERsUO1qWTRhg8,colleague_google_maps_results,,,,,,
vn-toll-results-af81bbbd5539fa,toll_station,20.301291,106.562304,Trạm thu phí BOT Đường ven biển Thái Bình,Trạm thu phí BOT Đường ven biển Thái Bình,keep,current name is acceptable by rules,1,missing_province_context,Trạm thu phí BOT Đường ven biển Thái Bình | Trạm thu phí BOT Đường ven biển Thái Bình,,,"8H26+GW7 Trạm Thu Phí BOT Đường ven biển Thái Bình, Hưng Phú, Hưng Yên, Việt Nam",,,ChIJYxIoWwABSjEReSdq-GRvTjU,colleague_google_maps_results,,,,,,
vn-toll-results-739d8616d1be53,toll_station,10.66154,106.560297,Trạm thu phí Bình Chánh,Trạm thu phí Bình Chánh,keep,current name is acceptable by rules,1,missing_province_context,Trạm thu phí Bình Chánh | Trạm thu phí Bình Chánh,,,"MH66+J42 Trạm Thu Phí Bình Chánh, Bình Chánh, Hồ Chí Minh, Việt Nam",,,ChIJy1DwEQAzdTER3zeH3h1YGtI,colleague_google_maps_results,,,,,,
vn-toll-results-4f58e6be10a8dc,toll_station,13.951063,109.007743,Trạm thu phí Bình Hiệp,Trạm thu phí Bình Hiệp,keep,current name is acceptable by rules,1,missing_province_context,Trạm thu phí Bình Hiệp | Trạm thu phí Bình Hiệp,,,"X225+C3 Trạm Thu Phí Bình Hiệp, Bình Hiệp, Gia Lai, Việt Nam",,,ChIJyYMmGQA9bzER-vb3_hXQdDw,colleague_google_maps_results,,,,,,
vn-toll-results-7e5e7fa4176995,toll_station,13.874158,108.008176,Trạm thu phí Chư Sê,Trạm thu phí Chư Sê,keep,current name is acceptable by rules,1,missing_province_context,Trạm thu phí Chư Sê | Trạm thu phí Chư Sê,,,"V2F5+P83 Trạm Thu Phí Chư Sê, Ia Băng, Gia Lai, Việt Nam",,,ChIJD1wWbAAnbDERlue5lijyFXg,colleague_google_maps_results,,,,,,
vn-toll-results-38e15c8298ba28,toll_station,10.699714,106.608864,Trạm thu phí Chợ Bình Điền,Trạm thu phí Chợ Bình Điền,keep,current name is acceptable by rules,1,missing_province_context,Trạm thu phí Chợ Bình Điền | Trạm thu phí Chợ Bình Điền,,,"MJX5+VGQ Trạm Thu Phí Chợ Bình Điền, Bình Đông, Hồ Chí Minh, Việt Nam",,,ChIJhVGZUAwydTERjxZNJvR0aOo,colleague_google_maps_results,,,,,,
vn-toll-results-51072ce4cf0518,toll_station,17.747179,106.440918,Trạm thu phí Cầu Gianh - Quảng Bình,Trạm thu phí Cầu Gianh - Quảng Bình,keep,current name is acceptable by rules,1,missing_province_context,Trạm thu phí Cầu Gianh - Quảng Bình | Trạm thu phí Cầu Gianh - Quảng Bình,,,"QL1A, Bắc Gianh, Quảng Trị, Việt Nam",,,ChIJT30jMjWfODERDWkeulo3OQY,colleague_google_maps_results,,,,,,
vn-toll-results-3dba1c41016286,toll_station,10.900781,106.714263,Trạm thu phí Cầu Ông Bố,Trạm thu phí Cầu Ông Bố,keep,current name is acceptable by rules,1,missing_province_context,Trạm thu phí Cầu Ông Bố | Trạm thu phí Cầu Ông Bố,,,"WP27+8P6 Trạm Thu Phí Cầu Ông Bố, ĐT743B, Bình Hòa, Hồ Chí Minh, Việt Nam",,,ChIJFy00tK7XdDER1hTd0x2iyII,colleague_google_maps_results,,,,,,
vn-toll-results-48f39937c30d08,toll_station,20.083758,105.809491,Trạm thu phí Hà Trung,Trạm thu phí Hà Trung,keep,current name is acceptable by rules,1,missing_province_context,Trạm thu phí Hà Trung | Trạm thu phí Hà Trung,,,"3RM5+GQ Trạm Thu Phí Hà Trung, Hà Long, Thanh Hóa, Việt Nam",,,ChIJLSGmSwBhNjERbVkHGl0uTRk,colleague_google_maps_results,,,,,,
vn-toll-results-dc1ebf3ae65637,toll_station,10.932586,107.967996,Trạm thu phí Nút Giao Ba Bàu,Trạm thu phí Nút Giao Ba Bàu,keep,current name is acceptable by rules,1,missing_province_context,Trạm thu phí Nút Giao Ba Bàu | Trạm thu phí Nút Giao Ba Bàu,,,"WXM9+25 Trạm Thu Phí Nút Giao Ba Bàu, Hàm Kiệm, Bình Thuận, Việt Nam",,,ChIJOWpRcgApdDER45WgsD1p1rs,colleague_google_maps_results,,,,,,
vn-toll-results-b452ce137aea4d,toll_station,10.934372,107.977045,Trạm thu phí Nút Giao Ba Bàu,Trạm thu phí Nút Giao Ba Bàu,keep,current name is acceptable by rules,1,missing_province_context,Trạm thu phí Nút Giao Ba Bàu | Trạm thu phí Nút Giao Ba Bàu,,,"WXMG+PR Trạm Thu Phí Nút Giao Ba Bàu, Hàm Kiệm, Bình Thuận, Việt Nam",,,ChIJlZ2NeQApdDERgAn-s5QsvC8,colleague_google_maps_results,,,,,,
vn-toll-results-41ca601e6c5f09,toll_station,10.88509,107.365801,Trạm thu phí Nút Giao TL765 Km 69+400,Trạm thu phí Nút Giao TL765 Km 69+400,keep,current name is acceptable by rules,1,missing_province_context,Trạm thu phí Nút Giao TL765 Km 69+400 | Trạm thu phí Nút Giao TL765 Km 69+400,,,"V9P8+28 Trạm Thu Phí Nút Giao TL765 Km69+400, Xuân Lộc, Đồng Nai, Việt Nam",,,ChIJsf0MbABVdDERdyEG3kkLf-Y,colleague_google_maps_results,,,,,,
vn-toll-results-69e1f994f650f1,toll_station,10.94037,108.141791,Trạm thu phí Phú Hài,Trạm thu phí Phú Hài,keep,current name is acceptable by rules,1,missing_province_context,Trạm thu phí Phú Hài | Trạm thu phí Phú Hài,,,"Trạm thu phí Phú Hài, 51 Nguyễn Thông, Phú Thủy, Lâm Đồng, Việt Nam",,,ChIJhfn86WGDdjERgv1QYBErJ-4,colleague_google_maps_results,,,,,,
vn-toll-results-05580e7545bfc7,toll_station,21.230577,105.693648,Trạm thu phí Quốc lộ 2,Trạm thu phí Quốc lộ 2,keep,current name is acceptable by rules,1,missing_province_context,Trạm thu phí Quốc lộ 2 | Trạm thu phí Quốc lộ 2,,,"QL23, Phúc Yên, Phú Thọ, Việt Nam",,,ChIJSzo2UQv8NDERmducBm6oRxo,colleague_google_maps_results,,,,,,
vn-toll-results-7d00ba5a038ceb,toll_station,21.339235,106.270349,Trạm thu phí Thị Trấn Vôi,Trạm thu phí Thị Trấn Vôi,keep,current name is acceptable by rules,1,missing_province_context,Trạm thu phí Thị Trấn Vôi | Trạm thu phí Thị Trấn Vôi,,,"87PC+R4 Trạm Thu Phí Thị Trấn Vôi, Lạng Giang, Bắc Ninh, Việt Nam",,,ChIJobOhEABvNTERDj2bNeAS1ns,colleague_google_maps_results,,,,,,
vn-toll-results-7c93585939dabb,toll_station,20.620462,105.749682,Trạm Thu Vé Thắng Cảnh Chùa Hương,Trạm Thu Vé Thắng Cảnh Chùa Hương,keep,current name is acceptable by rules,1,missing_province_context,Trạm Thu Vé Thắng Cảnh Chùa Hương | Trạm Thu Vé Thắng Cảnh Chùa Hương,,,"JPCX+5VM Trạm Thu Vé Thắng Cảnh Chùa Hương, Hương Sơn, Hà Nội, Việt Nam",,,ChIJfSi8_RIzNDERWftKVSihX-U,colleague_google_maps_results,,,,,,
vn-toll-results-c6169ba64724d7,toll_station,8.954324,105.101025,Trạm thu phí BOT Cầu Chà Là,Trạm thu phí BOT Cầu Chà Là,keep,current name is acceptable by rules,1,missing_province_context,Trạm thu phí BOT Cầu Chà Là | Trạm thu phí BOT Cầu Chà Là,,,"X432+PCC Trạm Thu phí BOT Cầu Chà Là, Tân Duyệt, Tân Hưng, Cà Mau, Việt Nam",,,ChIJGXNhGn5VoTERer77fK5xJOE,colleague_google_maps_results,,,,,,
vn-toll-results-369644b8378979,toll_station,9.094715,105.153419,Trạm thu phí BOT Cầu Hoà Trung,Trạm thu phí BOT Cầu Hoà Trung,keep,current name is acceptable by rules,1,missing_province_context,Trạm thu phí BOT Cầu Hoà Trung | Trạm thu phí BOT Cầu Hoà Trung,,,"35W3+889 Trạm Thu phí BOT Cầu Hoà Trung, Cầu Hòa Trung, Lương Thế Trân, Cà Mau, Việt Nam",,,ChIJk9w-F_ROoTER_2eg7gn87fg,colleague_google_maps_results,,,,,,
vn-toll-results-2548de6c7d62ae,toll_station,10.907639,106.790988,Trạm thu phí Bình Thung,Trạm thu phí Bình Thung,keep,current name is acceptable by rules,1,missing_province_context,Trạm thu phí Bình Thung | Trạm thu phí Bình Thung,,,"159 Đ Bình Thung, Dĩ An, Hồ Chí Minh, Việt Nam",,,ChIJVVVVVcrYdDERhjh1iPwwKqE,colleague_google_maps_results,,,,,,
vn-toll-results-740a234f764bbb,toll_station,10.412132,106.164817,Trạm thu phí Cai Lậy,Trạm thu phí Cai Lậy,keep,current name is acceptable by rules,1,missing_province_context,Trạm thu phí Cai Lậy | Trạm thu phí Cai Lậy,,,"Tân Phú, Đồng Tháp, Việt Nam",,,ChIJCdYDUIS9CjER1xu-4gog-5Y,colleague_google_maps_results,,,,,,
vn-toll-results-1c3e261351c189,toll_station,11.880694,109.09664,Trạm thu phí Cam Thịnh Đông,Trạm thu phí Cam Thịnh Đông,keep,current name is acceptable by rules,1,missing_province_context,Trạm thu phí Cam Thịnh Đông | Trạm thu phí Cam Thịnh Đông,,,"V3JW+7M Trạm Thu phí Cam Thịnh Đông, Nam Cam Ranh, Khánh Hòa, Việt Nam",,,ChIJS4SdOwDtcDER5uNqRubSUHg,colleague_google_maps_results,,,,,,
vn-toll-results-99e95a3669a3f8,toll_station,20.288189,106.012548,Trạm thu phí Cao Bồ,Trạm thu phí Cao Bồ,keep,current name is acceptable by rules,1,missing_province_context,Trạm thu phí Cao Bồ | Trạm thu phí Cao Bồ,,,"Trạm thu phí Cao Bồ, QL10, Ý Yên, Ninh Bình, Việt Nam",,,ChIJ31XzWwB3NjERbiUgC7c621o,colleague_google_maps_results,,,,,,
vn-toll-results-2494ccf7f28041,toll_station,11.363849,106.62765,Trạm thu phí Chơn Thành,Trạm thu phí Chơn Thành,keep,current name is acceptable by rules,1,missing_province_context,Trạm thu phí Chơn Thành | Trạm thu phí Chơn Thành,,,"9J7H+G3J Trạm Thu phí Chơn Thành, Chơn Thành, Đồng Nai, Việt Nam",,,ChIJh_cBjCqydDER7RVqcOxffm4,colleague_google_maps_results,,,,,,
vn-toll-results-d29ed70a638d07,toll_station,10.68161,106.557509,Trạm thu phí Chợ Đệm,Trạm thu phí Chợ Đệm,keep,current name is acceptable by rules,1,missing_province_context,Trạm thu phí Chợ Đệm | Trạm thu phí Chợ Đệm,,,"MHJ5+J2R Trạm Thu phí Chợ Đệm, Tân Nhựt, Hồ Chí Minh, Việt Nam",,,ChIJHYe4EMIydTERuxgZ8VO1yh0,colleague_google_maps_results,,,,,,
vn-toll-results-8ff6c50876e0b4,toll_station,13.413567,108.092846,Trạm thu phí Cầu 110,Trạm thu phí Cầu 110,keep,current name is acceptable by rules,1,missing_province_context,Trạm thu phí Cầu 110 | Trạm thu phí Cầu 110,,,"C37V+C4H Trạm Thu phí Cầu 110, AH17, Ia Le, Gia Lai, Việt Nam",,,ChIJCaCTr513bjERD5TaDp6bjmo,colleague_google_maps_results,,,,,,
vn-toll-results-2d89abdd48d147,toll_station,10.743632,105.298343,Trạm thu phí Cầu Cái Vừng,Trạm thu phí Cầu Cái Vừng,keep,current name is acceptable by rules,1,missing_province_context,Trạm thu phí Cầu Cái Vừng | Trạm thu phí Cầu Cái Vừng,,,"P7VX+F84 Trạm Thu phí Cầu Cái Vừng, Long Phú Thuận, Đồng Tháp, Việt Nam",,,ChIJT7jgjPU7CjER1SXHan2fbYM,colleague_google_maps_results,,,,,,
vn-toll-results-01b795c3aac577,toll_station,10.462812,106.644148,Trạm thu phí Cầu Mỹ Lợi,Trạm thu phí Cầu Mỹ Lợi,keep,current name is acceptable by rules,1,missing_province_context,Trạm thu phí Cầu Mỹ Lợi | Trạm thu phí Cầu Mỹ Lợi,,,"FJ7V+4MC Trạm Thu phí Cầu Mỹ Lợi, Sơn Qui, Đồng Tháp, Việt Nam",,,ChIJ60wHMgBJdTERcveHpUNm6AY,colleague_google_maps_results,,,,,,
vn-toll-results-ca56e8b14241e6,toll_station,10.983539,106.643176,Trạm thu phí Cầu Phú Cường,Trạm thu phí Cầu Phú Cường,keep,current name is acceptable by rules,1,missing_province_context,Trạm thu phí Cầu Phú Cường | Trạm thu phí Cầu Phú Cường,,,"Huỳnh Văn Cù, Thủ Dầu Một, Hồ Chí Minh, Việt Nam",,,ChIJrxXUZEPRdDERgi0JE1ND4FM,colleague_google_maps_results,,,,,,
vn-toll-results-6e730c62d2763e,toll_station,9.314628,105.017323,Trạm thu phí Cầu Qua Sông Cái Tàu,Trạm thu phí Cầu Qua Sông Cái Tàu,keep,current name is acceptable by rules,1,missing_province_context,Trạm thu phí Cầu Qua Sông Cái Tàu | Trạm thu phí Cầu Qua Sông Cái Tàu,,,"8278+VW4 Trạm Thu phí Cầu Qua Sông Cái Tàu, Cái Tàu - Nguyên Phích - U Minh - Tiêu Dừa, Khánh An, Cà Mau, Việt Nam",,,ChIJ2SWrf1jNpjER7t5ZSe_JDZA,colleague_google_maps_results,,,,,,
vn-toll-results-28d3bc49a698e9,toll_station,9.069026,104.967868,Trạm thu phí Cầu Trần Văn Thời,Trạm thu phí Cầu Trần Văn Thời,keep,current name is acceptable by rules,1,missing_province_context,Trạm thu phí Cầu Trần Văn Thời | Trạm thu phí Cầu Trần Văn Thời,,,"3X99+J49 Trạm Thu phí Cầu Trần Văn Thời, Cầu, Trần Văn Thời, Cà Mau, Việt Nam",,,ChIJ0_hBaB2zpjER4DVwJOU19K8,colleague_google_maps_results,,,,,,
vn-toll-results-adcaa96d531180,toll_station,9.438099,104.930935,Trạm thu phí Cầu qua Sông Cái Tàu,Trạm thu phí Cầu qua Sông Cái Tàu,keep,current name is acceptable by rules,1,missing_province_context,Trạm thu phí Cầu qua Sông Cái Tàu | Trạm thu phí Cầu qua Sông Cái Tàu,,,"CWQJ+69 Trạm Thu phí Cầu qua Sông Cái Tàu, Nguyễn Phích, Cà Mau, Việt Nam",,,ChIJRz-oZYDRpjER2YLBitP6cPI,colleague_google_maps_results,,,,,,
vn-toll-results-c53dfe0022532c,toll_station,9.460895,105.044275,Trạm thu phí Cầu treo Tân Bằng,Trạm thu phí Cầu treo Tân Bằng,keep,current name is acceptable by rules,1,missing_province_context,Trạm thu phí Cầu treo Tân Bằng | Trạm thu phí Cầu treo Tân Bằng,,,"F26V+9P2 Trạm Thu phí Cầu treo Tân Bằng, Biển Bạch, Cà Mau, Việt Nam",,,ChIJI8EHaLstoTERaxgtUb78lKo,colleague_google_maps_results,,,,,,
vn-toll-results-56e61462afce7f,toll_station,10.516136,105.321055,Trạm thu phí Cầu Đình Bình Thủy,Trạm thu phí Cầu Đình Bình Thủy,keep,current name is acceptable by rules,1,missing_province_context,Trạm thu phí Cầu Đình Bình Thủy | Trạm thu phí Cầu Đình Bình Thủy,,,"G88C+FH7 Trạm Thu phí Cầu Đình Bình Thủy, Bình Mỹ, An Giang, Việt Nam",,,ChIJjTEzMgAVCjERxKrPu0voOvo,colleague_google_maps_results,,,,,,
vn-toll-results-4af1a34590c361,toll_station,20.107342,105.54336,Trạm thu phí Cẩm Vân,Trạm thu phí Cẩm Vân,keep,current name is acceptable by rules,1,missing_province_context,Trạm thu phí Cẩm Vân | Trạm thu phí Cẩm Vân,,,"4G4V+W8Q Trạm Thu phí Cẩm Vân, Cầu phao Cẩm Vân, Cẩm Vân, Thanh Hóa, Việt Nam",,,ChIJi63sFCyTNjERGeewXN63IhQ,colleague_google_maps_results,,,,,,
vn-toll-results-8a1e5b19f33024,toll_station,11.746694,109.056815,Trạm thu phí Du Long,Trạm thu phí Du Long,keep,current name is acceptable by rules,1,missing_province_context,Trạm thu phí Du Long | Trạm thu phí Du Long,,,"P3W4+MPG Trạm Thu phí Du Long, Thuận Bắc, Khánh Hòa, Việt Nam",,,ChIJL6ggWADDcDERBzuNqXdM8Es,colleague_google_maps_results,,,,,,
vn-toll-results-022c2d4e049418,toll_station,20.856773,106.294329,Trạm thu phí Gia Lộc,Trạm thu phí Gia Lộc,keep,current name is acceptable by rules,1,missing_province_context,Trạm thu phí Gia Lộc | Trạm thu phí Gia Lộc,,,"V74V+PP4 Trạm Thu phí Gia Lộc, Gia Phúc, Hải Phòng, Việt Nam",,,ChIJCeT8TwCRNTERgMQXKyn9ynQ,colleague_google_maps_results,,,,,,
vn-toll-results-de8a43dad059a1,toll_station,15.710278,108.3354,Trạm thu phí Hà Lam,Trạm thu phí Hà Lam,keep,current name is acceptable by rules,1,missing_province_context,Trạm thu phí Hà Lam | Trạm thu phí Hà Lam,,,"P86P+456 Trạm Thu phí Hà Lam, ĐCT Đà Nẵng – Quảng Ngãi, Thăng Bình, Đà Nẵng, Việt Nam",,,ChIJWao36JPhaTER9wYqNfMbTqQ,colleague_google_maps_results,,,,,,
vn-toll-results-a7826df3ecbebc,toll_station,21.097299,107.353365,Trạm thu phí IC Cẩm Y,Trạm thu phí IC Cẩm Y,keep,current name is acceptable by rules,1,missing_province_context,Trạm thu phí IC Cẩm Y | Trạm thu phí IC Cẩm Y,,,"39W3+W89 Trạm Thu phí IC Cẩm Y, Hải Hòa, Quảng Ninh, Việt Nam",,,ChIJOwqjpXsDSzERICisN6qU4VI,colleague_google_maps_results,,,,,,
vn-toll-results-0c9c1042e1b704,toll_station,21.698947,104.841234,Trạm thu phí IC13,Trạm thu phí IC13,keep,current name is acceptable by rules,1,missing_province_context,Trạm thu phí IC13 | Trạm thu phí IC13,,,"Bến Xe Khách Nước Mát, QL37, Âu Lâu, Lào Cai, Việt Nam",,,ChIJ0wq6MQBFMzERLMCh-bMDFg8,colleague_google_maps_results,,,,,,
vn-toll-results-3f24069383f14c,toll_station,11.313348,108.724658,Trạm thu phí Km 133+770,Trạm thu phí Km 133+770,keep,current name is acceptable by rules,1,missing_province_context,Trạm thu phí Km 133+770 | Trạm thu phí Km 133+770,,,"8P7F+8VM Trạm Thu phí Km 133+770, CT01, Vĩnh Hảo, Lâm Đồng, Việt Nam",,,ChIJi7g-BQDXdjERY3R0C3IqHb0,colleague_google_maps_results,,,,,,
vn-toll-results-a521fbe8e35eee,toll_station,18.956451,105.561797,Trạm thu phí Km 430+500,Trạm thu phí Km 430+500,keep,current name is acceptable by rules,1,missing_province_context,Trạm thu phí Km 430+500 | Trạm thu phí Km 430+500,,,"XH46+HPM Trạm Thu phí Km 430+500, CT01, Minh Châu, Nghệ An, Việt Nam",,,ChIJJW60CwBjNzERS6uHnTw2AJU,colleague_google_maps_results,,,,,,
vn-toll-results-9dc19a42074b4a,toll_station,13.944457,108.857778,Trạm thu phí Km 49+550 Quốc lộ 19,Trạm thu phí Km 49+550 Quốc lộ 19,keep,current name is acceptable by rules,1,missing_province_context,Trạm thu phí Km 49+550 Quốc lộ 19 | Trạm thu phí Km 49+550 Quốc lộ 19,,,"WVV5+Q4J Trạm Thu phí Km 49+550 Quốc lộ 19, Bình Liên, Bình Khê, Gia Lai, Việt Nam",,,ChIJlcsmBKshbzERBKaTfAUJArQ,colleague_google_maps_results,,,,,,
vn-toll-results-9fdb7bd62b601c,toll_station,10.335235,105.896793,Trạm thu phí Km 98+320,Trạm thu phí Km 98+320,keep,current name is acceptable by rules,1,missing_province_context,Trạm thu phí Km 98+320 | Trạm thu phí Km 98+320,,,"8VMW+M43 Trạm Thu phí Km98+320, Cầu, Bầu Giai 1, Thanh Hưng, Đồng Tháp, Việt Nam",,,ChIJLx9HIACFCjERlUHZs_rJpGs,colleague_google_maps_results,,,,,,
vn-toll-results-f5b1c9ee7be221,toll_station,10.669806,106.549196,Trạm thu phí Mỹ Yên,Trạm thu phí Mỹ Yên,keep,current name is acceptable by rules,1,missing_province_context,Trạm thu phí Mỹ Yên | Trạm thu phí Mỹ Yên,,,"MG9X+WM Trạm Thu phí Mỹ Yên, Mỹ Yên, Tây Ninh, Việt Nam",,,ChIJk9edVAAzdTER12_bj9WLITk,colleague_google_maps_results,,,,,,
vn-toll-results-266c1e08c589a2,toll_station,18.823337,105.586381,Trạm thu phí Nghi Phương,Trạm thu phí Nghi Phương,keep,current name is acceptable by rules,1,missing_province_context,Trạm thu phí Nghi Phương | Trạm thu phí Nghi Phương,,,"RHFP+8HJ Trạm Thu phí Nghi Phương, Thần Lĩnh, Nghệ An, Việt Nam",,,ChIJn_gIegDZOTERyZMTzj9xEec,colleague_google_maps_results,,,,,,
vn-toll-results-fad32966cfa215,toll_station,10.695588,106.615414,Trạm thu phí Nguyễn Văn Linh,Trạm thu phí Nguyễn Văn Linh,keep,current name is acceptable by rules,1,missing_province_context,Trạm thu phí Nguyễn Văn Linh | Trạm thu phí Nguyễn Văn Linh,,,"Đường Nguyễn Văn Linh, Bình Chánh, Hồ Chí Minh, Việt Nam",,,ChIJszXdJhAydTERntPTXMNjD9U,colleague_google_maps_results,,,,,,
vn-toll-results-bb9426cc4e67e1,toll_station,10.729191,106.695497,Trạm thu phí Nguyễn Văn Linh,Trạm thu phí Nguyễn Văn Linh,keep,current name is acceptable by rules,1,missing_province_context,Trạm thu phí Nguyễn Văn Linh | Trạm thu phí Nguyễn Văn Linh,,,"Main gate - Cổng chính, 702 Đường Nguyễn Văn Linh, Tân Hưng, Hồ Chí Minh 700000, Việt Nam",,,ChIJlVnftr4vdTERiUy8Caxm-b4,colleague_google_maps_results,,,,,,
vn-toll-results-17fee3612cf4d5,toll_station,10.816613,106.601444,Trạm thu phí Ngã tư Gò Mây,Trạm thu phí Ngã tư Gò Mây,keep,current name is acceptable by rules,1,missing_province_context,Trạm thu phí Ngã tư Gò Mây | Trạm thu phí Ngã tư Gò Mây,,,"215 QL1A, Bình Hưng Hòa, Hồ Chí Minh, Việt Nam",,,ChIJUb4yDAArdTERak1fsgrXH5o,colleague_google_maps_results,,,,,,
vn-toll-results-de8a81843b9749,toll_station,12.507261,109.068792,Trạm thu phí Ninh Xuân,Trạm thu phí Ninh Xuân,keep,current name is acceptable by rules,1,missing_province_context,Trạm thu phí Ninh Xuân | Trạm thu phí Ninh Xuân,,,"G349+WG3 Trạm Thu phí Ninh Xuân, Phước Lâm, Tân Định, Khánh Hòa, Việt Nam",,,ChIJ1ba7NAA5cDERATRE9m4iHjA,colleague_google_maps_results,,,,,,
vn-toll-results-a300be367f4317,toll_station,11.630338,108.895937,Trạm thu phí Phan Rang,Trạm thu phí Phan Rang,keep,current name is acceptable by rules,1,missing_province_context,Trạm thu phí Phan Rang | Trạm thu phí Phan Rang,,,"JVJW+49 Trạm Thu phí Phan Rang, Nha Hố, Đô Vinh, Khánh Hòa, Việt Nam",,,ChIJAw6tdwDZcDERHeaqxSHh5_g,colleague_google_maps_results,,,,,,
vn-toll-results-d2c3a2fa53e365,toll_station,22.315763,104.178686,Trạm thu phí Phố Lu (IC17),Trạm thu phí Phố Lu (IC17),keep,current name is acceptable by rules,1,missing_province_context,Trạm thu phí Phố Lu (IC17) | Trạm thu phí Phố Lu (IC17),,,"857H+HVW Trạm Thu phí Phố Lu (IC17), Bảo Thắng, Lào Cai, Việt Nam",,,ChIJdaI8JwAjzTYRLfySwGPT2N4,colleague_google_maps_results,,,,,,
vn-toll-results-87b32e88b6f14c,toll_station,10.765087,106.961871,Trạm thu phí Quốc lộ 51,Trạm thu phí Quốc lộ 51,keep,current name is acceptable by rules,1,missing_province_context,Trạm thu phí Quốc lộ 51 | Trạm thu phí Quốc lộ 51,,,"QX86+2PQ Trạm Thu phí Quốc lộ 51, Long Thành, Đồng Nai, Việt Nam",,,ChIJRy_SCQAZdTERFVX0YjSemWw,colleague_google_maps_results,,,,,,
vn-toll-results-1c40652edb303e,toll_station,18.534196,105.657742,Trạm thu phí Quốc lộ 8A,Trạm thu phí Quốc lộ 8A,keep,current name is acceptable by rules,1,missing_province_context,Trạm thu phí Quốc lộ 8A | Trạm thu phí Quốc lộ 8A,,,"GMM4+7V Trạm Thu phí Quốc lộ 8A, Đức Thịnh, Hà Tĩnh, Việt Nam",,,ChIJe9hQSQDJOTERndO-k7SJ3Y0,colleague_google_maps_results,,,,,,
vn-toll-results-852b9a6b761f54,toll_station,21.438924,105.123438,Trạm thu phí Sai Nga (IC10),Trạm thu phí Sai Nga (IC10),keep,current name is acceptable by rules,1,missing_province_context,Trạm thu phí Sai Nga (IC10) | Trạm thu phí Sai Nga (IC10),,,"C4QF+H9 Trạm Thu phí Sai Nga (IC10), Cẩm Khê, Phú Thọ, Việt Nam",,,ChIJVVmHaACdNDERfEY0NR4vT_E,colleague_google_maps_results,,,,,,
vn-toll-results-cb934a0bf0ccfe,toll_station,12.664256,108.114946,Trạm thu phí Sân bay Buôn Ma Thuột,Trạm thu phí Sân bay Buôn Ma Thuột,keep,current name is acceptable by rules,1,missing_province_context,Trạm thu phí Sân bay Buôn Ma Thuột | Trạm thu phí Sân bay Buôn Ma Thuột,,,"Trạm thu phí, Đ. Đam San, Tân Lập, Đắk Lắk, Việt Nam",,,ChIJ7ZD6VAD3cTERMvum7vMsPag,colleague_google_maps_results,,,,,,
vn-toll-results-b3e81bf484735a,toll_station,15.415423,108.703482,Trạm thu phí Sân bay Chu Lai,Trạm thu phí Sân bay Chu Lai,keep,current name is acceptable by rules,1,missing_province_context,Trạm thu phí Sân bay Chu Lai | Trạm thu phí Sân bay Chu Lai,,,"CP83+599 Trạm Thu phí Sân bay Chu Lai, Núi Thành, Đà Nẵng, Việt Nam",,,ChIJxYlnEwDJaTERJr7HqJskFVQ,colleague_google_maps_results,,,,,,
vn-toll-results-8da48e912d0c21,toll_station,9.175154,105.175839,Trạm thu phí Sân bay Cà Mau,Trạm thu phí Sân bay Cà Mau,keep,current name is acceptable by rules,1,missing_province_context,Trạm thu phí Sân bay Cà Mau | Trạm thu phí Sân bay Cà Mau,,,"55GG+388 Trạm Thu phí Sân bay Cà Mau, Tân Thành, Cà Mau, Việt Nam",,,ChIJK0poAgBJoTERgv_l_rz0Uzw,colleague_google_maps_results,,,,,,
vn-toll-results-812f332fb6a582,toll_station,8.730259,106.628381,Trạm thu phí Sân bay Côn Đảo,Trạm thu phí Sân bay Côn Đảo,keep,current name is acceptable by rules,1,missing_province_context,Trạm thu phí Sân bay Côn Đảo | Trạm thu phí Sân bay Côn Đảo,,,"PJJH+492 Trạm Thu phí Sân bay Côn Đảo, đảo, Côn Đảo, Hồ Chí Minh, Việt Nam",,,ChIJRyBEfgCrmDERLjEIoUff9qo,colleague_google_maps_results,,,,,,
vn-toll-results-e5947651734d79,toll_station,11.746721,108.370191,Trạm thu phí Sân bay Liên Khương,Trạm thu phí Sân bay Liên Khương,keep,current name is acceptable by rules,1,missing_province_context,Trạm thu phí Sân bay Liên Khương | Trạm thu phí Sân bay Liên Khương,,,"P9WC+M3P Trạm Thu phí Sân bay Liên Khương, Đức Trọng, Lâm Đồng, Việt Nam",,,ChIJz744QwBBcTEReGlc6-KjoPM,colleague_google_maps_results,,,,,,
vn-toll-results-5322ec51832366,toll_station,13.953545,109.050349,Trạm thu phí Sân bay Phù Cát,Trạm thu phí Sân bay Phù Cát,keep,current name is acceptable by rules,1,missing_province_context,Trạm thu phí Sân bay Phù Cát | Trạm thu phí Sân bay Phù Cát,,,"X332+95F Trạm Thu phí Sân bay Phù Cát, Phù Cát, Gia Lai, Việt Nam",,,ChIJTdrUOAA9bzERPZwFPoott_M,colleague_google_maps_results,,,,,,
vn-toll-results-9d556e8755f432,toll_station,16.394408,107.698361,Trạm thu phí Sân bay Phú Bài,Trạm thu phí Sân bay Phú Bài,keep,current name is acceptable by rules,1,missing_province_context,Trạm thu phí Sân bay Phú Bài | Trạm thu phí Sân bay Phú Bài,,,"9MWX+4P3 Trạm Thu phí Sân bay Phú Bài, Phú Bài, Huế, Việt Nam",,,ChIJA3ePeIKZQTERkQxe43EL2o8,colleague_google_maps_results,,,,,,
vn-toll-results-89f2f678011e91,toll_station,10.159664,103.99769,Trạm thu phí Sân bay Phú Quốc,Trạm thu phí Sân bay Phú Quốc,keep,current name is acceptable by rules,1,missing_province_context,Trạm thu phí Sân bay Phú Quốc | Trạm thu phí Sân bay Phú Quốc,,,"5X5X+V38 Trạm Thu phí Sân bay Phú Quốc, Lối Ra Xa lộ Phú Quốc, Phú Quốc, An Giang, Việt Nam",,,ChIJfyPGPACNpzERG1FuuqDMn5w,colleague_google_maps_results,,,,,,
vn-toll-results-f5cbe3fb32560c,toll_station,9.960942,105.133597,Trạm thu phí Sân bay Rạch Giá,Trạm thu phí Sân bay Rạch Giá,keep,current name is acceptable by rules,1,missing_province_context,Trạm thu phí Sân bay Rạch Giá | Trạm thu phí Sân bay Rạch Giá,,,"X46M+9CH Trạm Thu phí Sân bay Rạch Giá, Rạch Giá, An Giang, Việt Nam",,,ChIJMcwTTAC3oDER4fpfByNmHp4,colleague_google_maps_results,,,,,,
vn-toll-results-227af1af3afdf1,toll_station,19.892215,105.473591,Trạm thu phí Sân bay Thọ Xuân,Trạm thu phí Sân bay Thọ Xuân,keep,current name is acceptable by rules,1,missing_province_context,Trạm thu phí Sân bay Thọ Xuân | Trạm thu phí Sân bay Thọ Xuân,,,"VFRF+VCP Trạm Thu phí Sân bay Thọ Xuân, Xuân Hòa, Thanh Hóa, Việt Nam",,,ChIJKzazTwDpNjERqEVMdlsoI6s,colleague_google_maps_results,,,,,,
vn-toll-results-87932c98aea4d2,toll_station,13.05066,109.346302,Trạm thu phí Sân bay Tuy Hoà,Trạm thu phí Sân bay Tuy Hoà,keep,current name is acceptable by rules,1,missing_province_context,Trạm thu phí Sân bay Tuy Hoà | Trạm thu phí Sân bay Tuy Hoà,,,"382W+7G7 Trạm Thu phí Sân bay Tuy Hoà, Phú Yên, Đắk Lắk, Việt Nam",,,ChIJ3_zN9X7vbzER4H8yyV8Li_8,colleague_google_maps_results,,,,,,
vn-toll-results-939faa49c400d0,toll_station,16.050873,108.206409,Trạm thu phí Sân bay Đà Nẵng,Trạm thu phí Sân bay Đà Nẵng,keep,current name is acceptable by rules,1,missing_province_context,Trạm thu phí Sân bay Đà Nẵng | Trạm thu phí Sân bay Đà Nẵng,,,"3624+8HV Trạm Thu phí Sân bay Đà Nẵng, Hòa Cường, Đà Nẵng 550000, Việt Nam",,,ChIJa9ovTAAZQjERdvvdD11orkg,colleague_google_maps_results,,,,,,
vn-toll-results-84e23a122c88c0,toll_station,16.058042,108.20406,Trạm thu phí Sân bay Đà Nẵng,Trạm thu phí Sân bay Đà Nẵng,keep,current name is acceptable by rules,1,missing_province_context,Trạm thu phí Sân bay Đà Nẵng | Trạm thu phí Sân bay Đà Nẵng,,,"3653+6J7 Trạm Thu phí Sân bay Đà Nẵng, Nguyễn Văn Linh, Hòa Cường, Đà Nẵng 550000, Việt Nam",,,ChIJGeTBdwAZQjERBKv6xInnt7U,colleague_google_maps_results,,,,,,
vn-toll-results-d1f02767544d7f,toll_station,10.972717,106.800761,Trạm thu phí Số 1 - ĐT768,Trạm thu phí Số 1 - ĐT768,keep,current name is acceptable by rules,1,missing_province_context,Trạm thu phí Số 1 - ĐT768 | Trạm thu phí Số 1 - ĐT768,,,"XRF2+38J Trạm Thu phí Số 1 - ĐT768, Trấn Biên, Đồng Nai, Việt Nam",,,ChIJCXjIU3bbdDER5LCWTLTeA1w,colleague_google_maps_results,,,,,,
vn-toll-results-7d8a668438a5d0,toll_station,10.974075,106.771396,Trạm thu phí Số 2 - ĐT747A Km 1+670,Trạm thu phí Số 2 - ĐT747A Km 1+670,keep,current name is acceptable by rules,1,missing_province_context,Trạm thu phí Số 2 - ĐT747A Km 1+670 | Trạm thu phí Số 2 - ĐT747A Km 1+670,,,"XQFC+JHJ Trạm Thu phí Số 2 - ĐT747A Km 1+670, ĐT743, Tân Đông Hiệp, Hồ Chí Minh, Việt Nam",,,ChIJM-LNqrbbdDERTMwYp69CXGI,colleague_google_maps_results,,,,,,
vn-toll-results-1c57136a69c8e5,toll_station,10.980267,106.847811,Trạm thu phí Số 2A - ĐT768,Trạm thu phí Số 2A - ĐT768,keep,current name is acceptable by rules,1,missing_province_context,Trạm thu phí Số 2A - ĐT768 | Trạm thu phí Số 2A - ĐT768,,,"XRJX+443 Trạm Thu phí Số 2A - ĐT768, Đ. Đồng Khởi, Trảng Dài, Đồng Nai, Việt Nam",,,ChIJ_RPa00bcdDERn4TO4BjNuxA,colleague_google_maps_results,,,,,,
vn-toll-results-6e4533b3acd003,toll_station,11.028277,106.777486,Trạm thu phí Số 3 - ĐT 747A Km 9+120,Trạm thu phí Số 3 - ĐT 747A Km 9+120,keep,current name is acceptable by rules,1,missing_province_context,Trạm thu phí Số 3 - ĐT 747A Km 9+120 | Trạm thu phí Số 3 - ĐT 747A Km 9+120,,,"2QHG+8X9 Trạm Thu phí Số 3 - ĐT 747A Km 9+120, Tân Hiệp, Hồ Chí Minh, Việt Nam",,,ChIJx9z1oCHbdDERlhH0jSjjxBc,colleague_google_maps_results,,,,,,
vn-toll-results-118a315fd99ba0,toll_station,11.028268,106.913057,Trạm thu phí Số 3A - ĐT768,Trạm thu phí Số 3A - ĐT768,keep,current name is acceptable by rules,1,missing_province_context,Trạm thu phí Số 3A - ĐT768 | Trạm thu phí Số 3A - ĐT768,,,"2WH7+863 Trạm Thu phí Số 3A - ĐT768, ĐT768, Tân An, Đồng Nai, Việt Nam",,,ChIJrRxkUQDndDERiewBSVfvgYM,colleague_google_maps_results,,,,,,
vn-toll-results-4d20271e734d74,toll_station,11.023644,106.899633,Trạm thu phí Số 3B - ĐT768,Trạm thu phí Số 3B - ĐT768,keep,current name is acceptable by rules,1,missing_province_context,Trạm thu phí Số 3B - ĐT768 | Trạm thu phí Số 3B - ĐT768,,,"2VFX+FV2 Trạm Thu phí Số 3B - ĐT768, Trảng Dài, Đồng Nai, Việt Nam",,,ChIJN7XLHljddDERUE6la08n1GU,colleague_google_maps_results,,,,,,
vn-toll-results-17bd13a8f54c64,toll_station,21.357265,105.606161,Trạm thu phí Tam Đảo (IC4),Trạm thu phí Tam Đảo (IC4),keep,current name is acceptable by rules,1,missing_province_context,Trạm thu phí Tam Đảo (IC4) | Trạm thu phí Tam Đảo (IC4),,,"9J44+WF3 Trạm Thu phí Tam Đảo (IC4), Tam Dương, Phú Thọ, Việt Nam",,,ChIJBUvlRdjlNDERSnQID_1eak0,colleague_google_maps_results,,,,,,
vn-toll-results-386eef74a7fe33,toll_station,10.435296,106.295124,Trạm thu phí Thân Cửu Nghĩa - Chốt CA kiểm tra,Trạm thu phí Thân Cửu Nghĩa - Chốt CA kiểm tra,keep,current name is acceptable by rules,1,missing_province_context,Trạm thu phí Thân Cửu Nghĩa - Chốt CA kiểm tra | Trạm thu phí Thân Cửu Nghĩa - Chốt CA kiểm tra,,,"C7PW+429 Trạm Thu phí Thân Cửu Nghĩa - Chốt CA kiểm tra, Long Hưng, Đồng Tháp 84000, Việt Nam",,,ChIJKUv9PAC7CjERcOJhLZRPoP0,colleague_google_maps_results,,,,,,
vn-toll-results-1a88faa5c34efa,toll_station,20.87189,105.877504,Trạm thu phí Thường Tín,Trạm thu phí Thường Tín,keep,current name is acceptable by rules,1,missing_province_context,Trạm thu phí Thường Tín | Trạm thu phí Thường Tín,,,"VVCG+MH5 Trạm Thu phí Thường Tín, Hồng Vân, Hà Nội, Việt Nam",,,ChIJ-YV7fwCxNTERe6R_ktf5VIU,colleague_google_maps_results,,,,,,
vn-toll-results-832551acb9094e,toll_station,12.561158,107.822379,Trạm thu phí Toàn Mỹ 14 (Km 1807+500),Trạm thu phí Toàn Mỹ 14 (Km 1807+500),keep,current name is acceptable by rules,1,missing_province_context,Trạm thu phí Toàn Mỹ 14 (Km 1807+500) | Trạm thu phí Toàn Mỹ 14 (Km 1807+500),,,"HR6C+FX6 Trạm Thu phí Toàn Mỹ 14 (Km 1807+500), AH17, Đắk Mil, Lâm Đồng, Việt Nam",,,ChIJoS-mSX09cjERn4KVEKBHMpw,colleague_google_maps_results,,,,,,
vn-toll-results-43cd4ceb51a555,toll_station,22.152732,104.343695,Trạm thu phí Văn Bàn (IC16),Trạm thu phí Văn Bàn (IC16),keep,current name is acceptable by rules,1,missing_province_context,Trạm thu phí Văn Bàn (IC16) | Trạm thu phí Văn Bàn (IC16),,,"582V+GF Trạm Thu phí Văn Bàn (IC16), Bảo Hà, Lào Cai, Việt Nam",,,ChIJBzL7PADXzDYRXzd94j-bFjE,colleague_google_maps_results,,,,,,
vn-toll-results-bb234595df3e9c,toll_station,10.81902,106.757905,Trạm thu phí Xa Lộ Hà Nội,Trạm thu phí Xa Lộ Hà Nội,keep,current name is acceptable by rules,1,missing_province_context,Trạm thu phí Xa Lộ Hà Nội | Trạm thu phí Xa Lộ Hà Nội,,,"B11 Đường 106, Khu phố 1, Thủ Đức, Hồ Chí Minh, Việt Nam",,,ChIJeZeYu3gndTERlLmOeWUAA8Y,colleague_google_maps_results,,,,,,
vn-toll-results-b2d41027212383,toll_station,10.823889,106.759614,Trạm thu phí Xa lộ Hà Nội,Trạm thu phí Xa lộ Hà Nội,keep,current name is acceptable by rules,1,missing_province_context,Trạm thu phí Xa lộ Hà Nội | Trạm thu phí Xa lộ Hà Nội,,,"Trạm thu phí xa lộ Hà Nội, Võ Nguyên Giáp, Phước Long, Hồ Chí Minh, Việt Nam",,,ChIJQyPOL1ImdTERImN9ej9OrDA,colleague_google_maps_results,,,,,,
vn-toll-results-bb6920af6c9fa1,toll_station,22.343404,104.106081,Trạm thu phí Xuân Giao (IC18),Trạm thu phí Xuân Giao (IC18),keep,current name is acceptable by rules,1,missing_province_context,Trạm thu phí Xuân Giao (IC18) | Trạm thu phí Xuân Giao (IC18),,,"84V4+9C8 Trạm Thu phí Xuân Giao (IC18), Gia Phú, Lào Cai, Việt Nam",,,ChIJYcitbAAjzTYRn38a379bYrw,colleague_google_maps_results,,,,,,
vn-toll-results-e3b23ff691ff97,toll_station,21.648031,104.891031,Trạm thu phí Yên Bái (IC12),Trạm thu phí Yên Bái (IC12),keep,current name is acceptable by rules,1,missing_province_context,Trạm thu phí Yên Bái (IC12) | Trạm thu phí Yên Bái (IC12),,,"JVXR+6C7 Trạm Thu phí Yên Bái (IC12), Âu Cơ, Âu Lâu, Lào Cai, Việt Nam",,,ChIJ8zNVC-pdMzERDtz2T3WxAgw,colleague_google_maps_results,,,,,,
vn-toll-results-4427bf100242b5,toll_station,10.838926,107.147478,Trạm thu phí Đường cao tốc Phan Thiết - Dầu Giây,Trạm thu phí Đường cao tốc Phan Thiết - Dầu Giây,keep,current name is acceptable by rules,2,missing_province_context;missing_road_context,Trạm thu phí Đường cao tốc Phan Thiết - Dầu Giây | Trạm thu phí Đường cao tốc Phan Thiết - Dầu Giây,,,"CT01, Xuân Quế, Đồng Nai, Việt Nam",,,ChIJRUbQHwADdTER65FDMYUuLlw,colleague_google_maps_results,,,,,,
vn-toll-results-e9bcdc9b6ca90e,toll_station,10.824753,106.603516,Trạm thu phí Đường M1,Trạm thu phí Đường M1,keep,current name is acceptable by rules,1,missing_province_context,Trạm thu phí Đường M1 | Trạm thu phí Đường M1,,,"43 Đ. M1, Bình Hưng Hòa, Hồ Chí Minh, Việt Nam",,,ChIJ_cMXGQArdTERc7h2HoShbBE,colleague_google_maps_results,,,,,,
vn-toll-results-77e47d2d58be12,toll_station,10.789745,106.595885,Trạm thu phí Đường Tân Kỳ Tân Quý,Trạm thu phí Đường Tân Kỳ Tân Quý,keep,current name is acceptable by rules,1,missing_province_context,Trạm thu phí Đường Tân Kỳ Tân Quý | Trạm thu phí Đường Tân Kỳ Tân Quý,,,"QHQW+V9R Trạm Thu phí Đường Tân Kỳ Tân Quý, Bình Hưng Hòa, Hồ Chí Minh, Việt Nam",,,ChIJje5jMXcsdTERRVIGhUuiaQo,colleague_google_maps_results,,,,,,
vn-toll-results-76d3e5c63fb60c,toll_station,10.82501,106.602115,Trạm thu phí Đường số 7,Trạm thu phí Đường số 7,keep,current name is acceptable by rules,1,missing_province_context,Trạm thu phí Đường số 7 | Trạm thu phí Đường số 7,,,"RJG2+2R5 Trạm Thu phí Đường số 7, Đ. Số 7, Bình Tân, Hồ Chí Minh, Việt Nam",,,ChIJfdQ3FAArdTER9lct2LrbXHY,colleague_google_maps_results,,,,,,
vn-toll-results-292365965dc6de,toll_station,20.70211,105.912933,Trạm thu phí Đại Xuyên 2,Trạm thu phí Đại Xuyên 2,keep,current name is acceptable by rules,1,missing_province_context,Trạm thu phí Đại Xuyên 2 | Trạm thu phí Đại Xuyên 2,,,"PW27+R5V Trạm Thu phí Đại Xuyên 2, Đại Xuyên, Hà Nội, Việt Nam",,,ChIJh7zXQ8jJNTERIOiXlEloikU,colleague_google_maps_results,,,,,,
vn-toll-results-bbbbbeef41c550,toll_station,21.213758,105.801742,Trạm phát vé lối vào ga nội địa sân bay Nội Bài,Trạm phát vé lối vào ga nội địa sân bay Nội Bài,keep,current name is acceptable by rules,1,missing_province_context,Trạm phát vé lối vào ga nội địa sân bay Nội Bài | Trạm phát vé lối vào ga nội địa sân bay Nội Bài,,,"6R72+GM5 Trạm phát vé lối vào ga nội địa sân bay Nội Bài, Nội Bài, Hà Nội, Việt Nam",,,ChIJyeatpwwDNTERsYjOsOY2inI,colleague_google_maps_results,,,,,,
vn-toll-results-f4ed6158c3a30d,toll_station,10.547452,106.372365,Trạm thu phí Tân An,Trạm thu phí́ Tân An,keep,current name is acceptable by rules,1,missing_province_context,Trạm thu phí Tân An | Trạm thu phí Tân An,,,"G9WC+XWQ Trạm thu phí Tân An, Khánh Hậu, Tây Ninh, Việt Nam",,,ChIJq6q6WyDICjERZshslEYTH5c,colleague_google_maps_results,,,,,,
vn-toll-results-c17a2376b0cb89,toll_station,10.776661,106.92935,Trạm thu phí 319 KCN CNC Long Thành,Trạm thu phí 319 KCN CNC Long Thành,keep,current name is acceptable by rules,1,missing_province_context,Trạm thu phí 319 KCN CNC Long Thành | Trạm thu phí 319 KCN CNC Long Thành,,,"Khu Công Nghiệp Công Nghệ Cao, Long Thành, Đồng Nai, Việt Nam",,,ChIJa4eyIQAfdTER7JnppF3hFtY,colleague_google_maps_results,,,,,,
vn-toll-results-d7533fd75a68cf,toll_station,10.660946,106.723442,Trạm thu phí 4,Trạm thu phí 4,keep,current name is acceptable by rules,1,missing_province_context,Trạm thu phí 4 | Trạm thu phí 4,,,"155 Đ. Nguyễn Văn Tạo, Ấp 3, Hiệp Phước, Hồ Chí Minh, Việt Nam",,,ChIJsfOGGgAxdTERSvArJutahHE,colleague_google_maps_results,,,,,,
vn-toll-results-fbc3025936ef80,toll_station,10.653937,106.938063,Trạm thu phí 5,Trạm thu phí 5,keep,current name is acceptable by rules,1,missing_province_context,Trạm thu phí 5 | Trạm thu phí 5,,,"MW3Q+H6 Trạm thu phí 5, Phước An, Đồng Nai, Việt Nam",,,ChIJFe9TeAAXdTERxZ4fVbGjraE,colleague_google_maps_results,,,,,,
vn-toll-results-e2c61b4e755938,toll_station,10.663812,106.971937,Trạm thu phí 6,Trạm thu phí 6,keep,current name is acceptable by rules,1,missing_province_context,Trạm thu phí 6 | Trạm thu phí 6,,,"MX7C+GQ Trạm thu phí 6, Phước An, Đồng Nai, Việt Nam",,,ChIJucRFcgAXdTERta8uCWN2-Bs,colleague_google_maps_results,,,,,,
vn-toll-results-bded8a9f2a57c8,toll_station,10.730745,106.610549,Trạm thu phí An Lạc,Trạm thu phí An Lạc,keep,current name is acceptable by rules,1,missing_province_context,Trạm thu phí An Lạc | Trạm thu phí An Lạc,,,"Đ. Kinh Dương Vương, An Lạc, Hồ Chí Minh, Việt Nam",,,ChIJ1W97kMEtdTERgWOGPdhgsus,colleague_google_maps_results,,,,,,
vn-toll-results-6ff2252e49786b,toll_station,18.706686,105.613888,Trạm thu phí BOT,Trạm thu phí BOT,keep,current name is acceptable by rules,1,missing_province_context,Trạm thu phí BOT | Trạm thu phí BOT,,,"PJ47+MH Trạm thu phí BOT, Hưng Nguyên, Nghệ An, Việt Nam",,,ChIJTVOZCQDPOTERrPXeFifrN7I,colleague_google_maps_results,,,,,,
vn-toll-results-3a563783bca3f4,toll_station,10.661281,106.55914,Trạm thu phí Bình Chánh,Trạm thu phí Bình Chánh,keep,current name is acceptable by rules,1,missing_province_context,Trạm thu phí Bình Chánh | Trạm thu phí Bình Chánh,,,"B19/31A Ấp 2, Bình Chánh, Hồ Chí Minh, Việt Nam",,,ChIJvcbsRQAzdTERORzYrgm1LZA,colleague_google_maps_results,,,,,,
vn-toll-results-f0dbe8703fe60a,toll_station,20.124809,105.851581,Trạm thu phí Bắc Bỉm Sơn,Trạm thu phí Bắc Bỉm Sơn,keep,current name is acceptable by rules,1,missing_province_context,Trạm thu phí Bắc Bỉm Sơn | Trạm thu phí Bắc Bỉm Sơn,,,"Trạm thu phí Bỉm Sơn, Khu phố 7, Quang Trung, Thanh Hóa, Việt Nam",,,ChIJec1-OqBjNjERU8j0m8WxXwU,colleague_google_maps_results,,,,,,
vn-toll-results-f54373378a0b16,toll_station,20.28872,106.014311,Trạm thu phí Cầu Giẽ - Ninh Bình Cao Bồ,Trạm thu phí Cầu Giẽ - Ninh Bình Cao Bồ,keep,current name is acceptable by rules,1,missing_province_context,Trạm thu phí Cầu Giẽ - Ninh Bình Cao Bồ | Trạm thu phí Cầu Giẽ - Ninh Bình Cao Bồ,,,"ĐCT Cầu Giẽ - Ninh Bình, Ý Yên, Ninh Bình, Việt Nam",,,ChIJeUIzVwF3NjER3FD5EFmlhBA,colleague_google_maps_results,,,,,,
vn-toll-results-951e281d14350c,toll_station,10.502437,105.494554,Trạm thu phí Cầu Mỹ Luông,Trạm thu phí Cầu Mỹ Luông,keep,current name is acceptable by rules,1,missing_province_context,Trạm thu phí Cầu Mỹ Luông | Trạm thu phí Cầu Mỹ Luông,,,"GF2V+XRF Trạm thu phí Cầu Mỹ Luông, Cầu Mỹ Luông - Tấn Mỹ, Long Điền, An Giang, Việt Nam",,,ChIJDefxTwBtCjERg-n6ITe0UYw,colleague_google_maps_results,,,,,,
vn-toll-results-48248f4a436b06,toll_station,21.878211,104.675454,Trạm thu phí IC14,Trạm thu phí IC14,keep,current name is acceptable by rules,1,missing_province_context,Trạm thu phí IC14 | Trạm thu phí IC14,,,"Mậu A, Lào Cai, Việt Nam",,,ChIJgSq67xNKMzERkbR7xTnnNF0,colleague_google_maps_results,,,,,,
vn-toll-results-4b51c698d91be4,toll_station,21.35819,105.605608,Trạm thu phí IC4,Trạm thu phí IC4,keep,current name is acceptable by rules,1,missing_province_context,Trạm thu phí IC4 | Trạm thu phí IC4,,,"Tam Dương, Phú Thọ, Việt Nam",,,ChIJ3SkS1oLlNDERZrzwFGNNma8,colleague_google_maps_results,,,,,,
vn-toll-results-df25b7187cd049,toll_station,20.707464,105.917503,Trạm thu phí KCN HANSSIP,Trạm thu phí KCN HANSSIP,keep,current name is acceptable by rules,1,missing_province_context,Trạm thu phí KCN HANSSIP | Trạm thu phí KCN HANSSIP,,,"PW49+X2 Trạm thu phí KCN HANSSIP, Đại Xuyên, Hà Nội, Việt Nam",,,ChIJGZf3HgDJNTERgls3IwUhExk,colleague_google_maps_results,,,,,,
vn-toll-results-b81e9e3b43b716,toll_station,20.539974,105.948268,Trạm thu phí Liêm Tuyền,Trạm thu phí Liêm Tuyền,keep,current name is acceptable by rules,1,missing_province_context,Trạm thu phí Liêm Tuyền | Trạm thu phí Liêm Tuyền,,,"GWQX+X8J Trạm thu phí Liêm Tuyền, CT01, Liêm Tuyền, Ninh Bình, Việt Nam",,,ChIJp4cuX1vPNTERfhCXa9DHEiA,colleague_google_maps_results,,,,,,
vn-toll-results-67a6e410a10e41,toll_station,20.540081,105.947552,Trạm thu phí Liêm Tuyền (Hà Nội ra Phủ Lý),Trạm thu phí Liêm Tuyền (Hà Nội ra Phủ Lý),keep,current name is acceptable by rules,1,missing_province_context,Trạm thu phí Liêm Tuyền (Hà Nội ra Phủ Lý) | Trạm thu phí Liêm Tuyền (Hà Nội ra Phủ Lý),,,"Trạm thu phí Liêm Tuyền, ĐCT Cầu Giẽ - Ninh Bình, Liêm Tuyền, Ninh Bình, Việt Nam",,,ChIJX0d8JADPNTERNfXXI-J7_eE,colleague_google_maps_results,,,,,,
vn-toll-results-16c530e1f92491,toll_station,20.538149,105.947656,Trạm thu phí Liêm Tuyền (Lối vào đi nam),Trạm thu phí Liêm Tuyền (Lối vào đi nam),keep,current name is acceptable by rules,1,missing_province_context,Trạm thu phí Liêm Tuyền (Lối vào đi nam) | Trạm thu phí Liêm Tuyền (Lối vào đi nam),,,"Trạm thu phí Liêm Tuyền, ĐCT Cầu Giẽ - Ninh Bình, Phủ Lý, Ninh Bình, Việt Nam",,,ChIJ4fIbJQDPNTERcX6RO0Fqwv8,colleague_google_maps_results,,,,,,
vn-toll-results-cf024083593b52,toll_station,10.660347,106.726839,Trạm thu phí Long Thới,Trạm thu phí Long Thới,keep,current name is acceptable by rules,1,missing_province_context,Trạm thu phí Long Thới | Trạm thu phí Long Thới,,,"kề, 159a Đ. Nguyễn Văn Tạo, Hiệp Phước, Hồ Chí Minh, Việt Nam",,,ChIJSwDbQ8wxdTERbZYKXC_XqDA,colleague_google_maps_results,,,,,,
vn-toll-results-fe4d3c24e951ab,toll_station,10.786715,106.830901,Trạm thu phí Long Trường,Trạm thu phí Long Trường,keep,current name is acceptable by rules,1,missing_province_context,Trạm thu phí Long Trường | Trạm thu phí Long Trường,,,"QRPJ+M9 Trạm thu phí Long Trường, Long Trường, Hồ Chí Minh, Việt Nam",,,ChIJ2-v8YwAhdTER5qg5rg_4Cbg,colleague_google_maps_results,,,,,,
vn-toll-results-a77105c244cb59,toll_station,10.859563,107.235763,Trạm thu phí Nút giao Cẩm Mỹ,Trạm thu phí Nút giao Cẩm Mỹ,keep,current name is acceptable by rules,1,missing_province_context,Trạm thu phí Nút giao Cẩm Mỹ | Trạm thu phí Nút giao Cẩm Mỹ,,,"V65P+R8C Trạm thu phí Nút giao Cẩm Mỹ, Hàng Gòn, Đồng Nai, Việt Nam",,,ChIJa5P-CgD_dDERlPeEVlckStI,colleague_google_maps_results,,,,,,
vn-toll-results-1c45c3fd6f4111,toll_station,10.896345,107.421286,Trạm thu phí Nút giao Xuân Lộc,Trạm thu phí Nút giao Xuân Lộc,keep,current name is acceptable by rules,1,missing_province_context,Trạm thu phí Nút giao Xuân Lộc | Trạm thu phí Nút giao Xuân Lộc,,,"VCWC+GGM Trạm thu phí Nút giao Xuân Lộc, Xuân Hòa, Đồng Nai, Việt Nam",,,ChIJpeO7MABTdDERdRv4Qd5Z27Q,colleague_google_maps_results,,,,,,
vn-toll-results-c52faf9b348b92,toll_station,11.627912,108.898875,Trạm thu phí Phan Rang,Trạm thu phí Phan Rang,keep,current name is acceptable by rules,1,missing_province_context,Trạm thu phí Phan Rang | Trạm thu phí Phan Rang,,,"JVHX+7C Trạm thu phí Phan Rang, Đô Vinh, Khánh Hòa, Việt Nam",,,ChIJFQ-PawDZcDER1ldgiCSrVRg,colleague_google_maps_results,,,,,,
vn-toll-results-70c775f8a4e694,toll_station,10.791609,106.80744,Trạm thu phí Phú Hữu,Trạm thu phí Phú Hữu,keep,current name is acceptable by rules,1,missing_province_context,Trạm thu phí Phú Hữu | Trạm thu phí Phú Hữu,,,"QRR4+JXW Trạm thu phí Phú Hữu, Đường Nguyễn Thị Tư, Long Trường, Hồ Chí Minh, Việt Nam",,,ChIJDwxsn68mdTERj4YW6TMlL9M,colleague_google_maps_results,,,,,,
vn-toll-results-44baec63600db9,toll_station,11.564076,106.953961,Trạm thu phí Quốc lộ 14 - BP,Trạm thu phí Quốc lộ 14 - BP,keep,current name is acceptable by rules,1,missing_province_context,Trạm thu phí Quốc lộ 14 - BP | Trạm thu phí Quốc lộ 14 - BP,,,"QL14, Đồng Tâm, Đồng Nai, Việt Nam",,,ChIJ4WEKLCpgczERq21nZqrauqQ,colleague_google_maps_results,,,,,,
vn-toll-results-4e016e7a8a920c,toll_station,21.094946,105.964594,Trạm thu phí Quốc lộ 1A,Trạm thu phí Quốc lộ 1A,keep,current name is acceptable by rules,1,missing_province_context,Trạm thu phí Quốc lộ 1A | Trạm thu phí Quốc lộ 1A,,,"AH1, Từ Sơn, Bắc Ninh, Việt Nam",,,ChIJb9O-qf4HNTERaYE-uF8T5Ss,colleague_google_maps_results,,,,,,
vn-toll-results-e34a65c079e78f,toll_station,10.903162,106.844208,Trạm thu phí Quốc lộ 1A,Trạm thu phí Quốc lộ 1A,keep,current name is acceptable by rules,1,missing_province_context,Trạm thu phí Quốc lộ 1A | Trạm thu phí Quốc lộ 1A,,,"Đ. Võ Nguyên Giáp, Long Hưng, Đồng Nai, Việt Nam",,,ChIJNbj4UhjfdDERqNT20k4RiWs,colleague_google_maps_results,,,,,,
vn-toll-results-3daee83ecd2a3e,toll_station,21.457198,106.295906,Trạm thu phí Quốc Lộ,Trạm thu phí Quốc Lộ,keep,current name is acceptable by rules,1,missing_province_context,Trạm thu phí Quốc Lộ | Trạm thu phí Quốc Lộ,,,"Tuấn Sơn, Lạng Sơn, Việt Nam",,,ChIJnz_BJVlCNTER4tr8JHkc_oc,colleague_google_maps_results,,,,,,
vn-toll-results-fa75fee205f2ec,toll_station,20.000406,105.770482,Trạm thu phí Tống Sơn (Hà Lĩnh cũ),Trạm thu phí Tống Sơn (Hà Lĩnh cũ),keep,current name is acceptable by rules,1,missing_province_context,Trạm thu phí Tống Sơn (Hà Lĩnh cũ) | Trạm thu phí Tống Sơn (Hà Lĩnh cũ),,,"2Q29+8M5 Trạm thu phí Tống Sơn (Hà Lĩnh cũ), Thanh Xá 1, Tống Sơn, Thanh Hóa, Việt Nam",,,ChIJ_29QMQCLNjEROlAZQKaAhTA,colleague_google_maps_results,,,,,,
vn-toll-results-0e3b2adaf70013,toll_station,11.304399,108.725077,Trạm thu phí Vĩnh Hảo,Trạm thu phí Vĩnh Hảo,keep,current name is acceptable by rules,1,missing_province_context,Trạm thu phí Vĩnh Hảo | Trạm thu phí Vĩnh Hảo,,,"8P3G+Q2 Trạm thu phí Vĩnh Hảo, Vĩnh Hảo, Lâm Đồng, Việt Nam",,,ChIJB0jSOgDXdjERI384Tv4ydbw,colleague_google_maps_results,,,,,,
vn-toll-results-6783d7fc7181dc,toll_station,10.2664,105.874324,Trạm thu phí cầu Nguyễn Huệ,Trạm thu phí cầu Nguyễn Huệ,keep,current name is acceptable by rules,1,missing_province_context,Trạm thu phí cầu Nguyễn Huệ | Trạm thu phí cầu Nguyễn Huệ,,,"7V8F+HP4 Trạm thu phí cầu Nguyễn Huệ, Phú Hựu, Đồng Tháp, Việt Nam",,,ChIJrbP-fQCBCjERSK2VsGAi8qs,colleague_google_maps_results,,,,,,
vn-toll-results-3fe3affe0cc9b6,toll_station,10.408434,105.859615,Trạm thu phí cầu Thanh Mỹ,Trạm thu phí cầu Thanh Mỹ,keep,current name is acceptable by rules,1,missing_province_context,Trạm thu phí cầu Thanh Mỹ | Trạm thu phí cầu Thanh Mỹ,,,"Cầu Thanh Mỹ - Mỹ Lợi B, Thanh Mỹ, Đồng Tháp, Việt Nam",,,ChIJm1sxGgCJCjERkEwQYcl6_DU,colleague_google_maps_results,,,,,,
vn-toll-results-e676b2fb54426d,toll_station,21.583927,105.865876,Trạm thu phí cầu treo Huống,Trạm thu phí cầu treo Huống,keep,current name is acceptable by rules,1,missing_province_context,Trạm thu phí cầu treo Huống | Trạm thu phí cầu treo Huống,,,"Linh Sơn, Thái Nguyên, Việt Nam",,,ChIJIW346qImNTERdk_E_2ZmZOk,colleague_google_maps_results,,,,,,
vn-toll-results-77badfc41b20d1,toll_station,10.902997,106.843788,Trạm thu phí cầu Đồng Nai,Trạm thu phí cầu Đồng Nai,keep,current name is acceptable by rules,1,missing_province_context,Trạm thu phí cầu Đồng Nai | Trạm thu phí cầu Đồng Nai,,,"Biên Hòa, Đồng Nai, Việt Nam",,,ChIJP3S7RBjfdDEREpJTDd1Qo8g,colleague_google_maps_results,,,,,,
vn-toll-results-902e161ae6a10c,toll_station,14.043348,109.027487,Trạm thu phí nút giao ĐT.634,Trạm thu phí nút giao ĐT.634,keep,current name is acceptable by rules,1,missing_province_context,Trạm thu phí nút giao ĐT.634 | Trạm thu phí nút giao ĐT.634,,,"22VH+V38 Trạm thu phí nút giao ĐT.634, ĐT634, Hòa Hội, Gia Lai, Việt Nam",,,ChIJ29ZJHgA7bzERYasrs7Cb_Ws,colleague_google_maps_results,,,,,,
vn-toll-results-50257b7477bc9a,toll_station,10.660289,106.654482,Trạm thu phí số 03,Trạm thu phí số 03,keep,current name is acceptable by rules,1,missing_province_context,Trạm thu phí số 03 | Trạm thu phí số 03,,,"C15 Hẻm B2, Hưng Long, Hồ Chí Minh, Việt Nam",,,ChIJ8YvCIQAxdTERytYuxitTu1w,colleague_google_maps_results,,,,,,
vn-toll-results-7c4a93dd56bb9f,toll_station,11.031479,106.7755,Trạm thu phí số 3,Trạm thu phí số 3,keep,current name is acceptable by rules,1,missing_province_context,Trạm thu phí số 3 | Trạm thu phí số 3,,,"2QHF+4VP Trạm thu phí số 3, ĐT747, Tân Hiệp, Hồ Chí Minh, Việt Nam",,,ChIJXxHPWwDbdDERYXCofK702_w,colleague_google_maps_results,,,,,,
vn-toll-results-329cb8981a939e,toll_station,10.393306,106.143552,Trạm thu phí tuyến tránh TX Cai Lậy,Trạm thu phí tuyến tránh TX Cai Lậy,keep,current name is acceptable by rules,1,missing_province_context,Trạm thu phí tuyến tránh TX Cai Lậy | Trạm thu phí tuyến tránh TX Cai Lậy,,,"94VV+8CF Trạm thu phí tuyến tránh TX Cai Lậy, Đ. Tránh TX Cai Lậy, Cai Lậy, Đồng Tháp, Việt Nam",,,ChIJt8mV6EWXCjEReyH9gN75B5E,colleague_google_maps_results,,,,,,
vn-toll-results-6539ebfe9288e9,toll_station,17.939489,106.477189,Trạm thu phí Đèo Ngang,Trạm thu phí Đèo Ngang,keep,current name is acceptable by rules,1,missing_province_context,Trạm thu phí Đèo Ngang | Trạm thu phí Đèo Ngang,,,"QL1A, Vĩnh Hải, Phú Trạch, Quảng Trị, Việt Nam",,,ChIJY_BTcgWDODEReOTVIvinUXE,colleague_google_maps_results,,,,,,
vn-toll-results-70491e7c25f059,toll_station,10.879647,106.911861,Trạm thu phí Đường chuyên dùng vận chuyển VLXD Phước Tân (Trạm Phước Tân),Trạm thu phí Đường chuyên dùng vận chuyển VLXD Phước Tân (Trạm Phước Tân),keep,current name is acceptable by rules,1,missing_province_context,Trạm thu phí Đường chuyên dùng vận chuyển VLXD Phước Tân (Trạm Phước Tân) | Trạm thu phí Đường chuyên dùng vận chuyển VLXD Phước Tân (Trạm Phước Tân),,,"Đường chuyên dùng Phước Tân, Phước Tân, Đồng Nai, Việt Nam",,,ChIJU41bwk7fdDERk9sXrKCcP08,colleague_google_maps_results,,,,,,
vn-toll-results-c86839a8da086c,toll_station,20.169081,105.870207,Trạm thu phí Đồng Giao,Trạm thu phí Đồng Giao,keep,current name is acceptable by rules,1,missing_province_context,Trạm thu phí Đồng Giao | Trạm thu phí Đồng Giao,,,"5V9C+J3 Trạm thu phí Đồng Giao, Tam Điệp, Ninh Bình, Việt Nam",,,ChIJ9aUlTgBjNjER1BK2flcy2jw,colleague_google_maps_results,,,,,,
vn-toll-results-60cc0884d97283,toll_station,10.977884,106.744844,Trạm thu phí đường bộ số 1 DT743,Trạm thu phí đường bộ số 1 DT743,keep,current name is acceptable by rules,1,missing_province_context,Trạm thu phí đường bộ số 1 DT743 | Trạm thu phí đường bộ số 1 DT743,,,"XPHV+5W4 Trạm thu phí đường bộ số 1 DT743, 743, An Phú, Hồ Chí Minh, Việt Nam",,,ChIJHTYT2hXadDEReqknAkN3-1c,colleague_google_maps_results,,,,,,
vn-toll-results-3a4913bba49761,toll_station,15.538297,108.453753,plaza toll tam ky,plaza toll tam ky,keep,current name is acceptable by rules,1,missing_province_context,plaza toll tam ky | plaza toll tam ky,,,"GFQ3+8G6 plaza toll tam ky, Unnamed, Road, Chiên Đàn, Đà Nẵng, Việt Nam",,,ChIJU4Wd203DaTEREUI6nHg_Juk,colleague_google_maps_results,,,,,,
vn-toll-results-0809040f917db9,toll_station,10.384581,107.064495,Điểm Thu Phí Bến Hải,Điểm Thu Phí Bến Hải,keep,current name is acceptable by rules,1,missing_province_context,Điểm Thu Phí Bến Hải | Điểm Thu Phí Bến Hải,,,"141 Trần Phú, Vũng Tàu, Hồ Chí Minh, Việt Nam",,,ChIJhwWo7VFudTERqFhI1qSzXQ0,colleague_google_maps_results,,,,,,
vn-toll-results-18d929834244af,toll_station,10.888675,106.700936,Trạm thu phí,Trạm thu phí,keep,current name is acceptable by rules,2,generic_name;missing_province_context,Trạm thu phí | Trạm thu phí,,,"Đại lộ Bình Dương, Lái Thiêu, Hồ Chí Minh, Việt Nam",,,ChIJNYjoPejXdDERJ3_G9c0UvxE,colleague_google_maps_results,,,,,,
vn-toll-results-389322d4f5b691,toll_station,10.430492,106.316667,Trạm thu phí,Trạm thu phí,keep,current name is acceptable by rules,2,generic_name;missing_province_context,Trạm thu phí | Trạm thu phí,,,"98R4+M2W Trạm thu phí, QL1A, Long Hưng, Đồng Tháp, Việt Nam",,,ChIJ2zzBQQC7CjEROWVW1EoOmb8,colleague_google_maps_results,,,,,,
