object_id,object_type,current_name,suggested_name,issue_type,severity,reason,candidate_names,province,road,lat,lon
vn-toll-gmaps-chiju33vcouzdterplbzmsffqdo,toll_station,Trạm thu phí 319 HLD,Trạm thu phí 319 HLD,osm_placeholder_name,medium,matched OSM name is placeholder,Trạm thu phí 319 HLD | OSM toll 1223191092 | Trạm Thu phí 319 HLD | Trạm Thu phí 319 HLD | TRẠM THU PHÍ BOT 319 | Trạm Thu phí 319 HLD | Trạm thu phí 319 HLD,Đồng Nai,,10.768771,106.92285
vn-toll-gmaps-chiju33vcouzdterplbzmsffqdo,toll_station,Trạm thu phí 319 HLD,Trạm thu phí 319 HLD,multiple_name_variants,medium,found 3 distinct candidate names,Trạm thu phí 319 HLD | OSM toll 1223191092 | Trạm Thu phí 319 HLD | Trạm Thu phí 319 HLD | TRẠM THU PHÍ BOT 319 | Trạm Thu phí 319 HLD | Trạm thu phí 319 HLD,Đồng Nai,,10.768771,106.92285
vn-toll-gmaps-chiju33vcouzdterplbzmsffqdo,toll_station,Trạm thu phí 319 HLD,Trạm thu phí 319 HLD,source_name_conflict,medium,current name differs from OSM name: OSM toll 1223191092,Trạm thu phí 319 HLD | OSM toll 1223191092 | Trạm Thu phí 319 HLD | Trạm Thu phí 319 HLD | TRẠM THU PHÍ BOT 319 | Trạm Thu phí 319 HLD | Trạm thu phí 319 HLD,Đồng Nai,,10.768771,106.92285
vn-toll-gmaps-chij29z21fwxbzersldvctwexyc,toll_station,Trạm thu phí An Dân,Trạm thu phí An Dân,multiple_name_variants,medium,found 3 distinct candidate names,Trạm thu phí An Dân | Trạm Thu Phí An Dân (Thạch Bàn) | QL1A | Trạm thu phí An Dân,Đắk Lắk,QL1A,13.3493,109.208309
vn-toll-gmaps-chijzau1-ogfcjer9vtfj6wdmti,toll_station,Trạm thu phí An Hữu - cao tốc Mỹ Thuận - Cần Thơ,Trạm thu phí An Hữu - cao tốc Mỹ Thuận - Cần Thơ,multiple_name_variants,medium,found 5 distinct candidate names,Trạm thu phí An Hữu - cao tốc Mỹ Thuận - Cần Thơ | Trạm Thu phí An Thái Trung | Cao Tốc 8V8P | Trạm thu phí An Hữu - cao tốc Mỹ Thuận - Cần Thơ | Trạm thu phí lối vào cao tốc | Trạm Thu phí An Thái Trung ( cục vàng đứng 24/24) | Trạm Thu phí An Thái Trung ( cục vàng đứng 24/24) | Trạm thu phí An Hữu - cao tốc Mỹ Thuận - Cần Thơ,Đồng Tháp,Cao Tốc 8V8P,10.317215,105.885382
vn-toll-gmaps-chijs7u-3i-jcternihgdqa3bji,toll_station,Trạm thu phí BOT Quang Đức Quốc lộ 14,Trạm thu phí BOT Quang Đức Quốc lộ 14,osm_placeholder_name,medium,matched OSM name is placeholder,Trạm thu phí BOT Quang Đức Quốc lộ 14 | OSM toll 13077408419 | QL14 | Trạm Thu Phí BOT Quang Đức QL14 | Trạm Thu Phí BOT Quang Đức QL14 | Trạm thu phí BOT Quang Đức Quốc lộ 14,Đắk Lắk,QL14,12.830902,108.248057
vn-toll-gmaps-chijs7u-3i-jcternihgdqa3bji,toll_station,Trạm thu phí BOT Quang Đức Quốc lộ 14,Trạm thu phí BOT Quang Đức Quốc lộ 14,multiple_name_variants,medium,found 3 distinct candidate names,Trạm thu phí BOT Quang Đức Quốc lộ 14 | OSM toll 13077408419 | QL14 | Trạm Thu Phí BOT Quang Đức QL14 | Trạm Thu Phí BOT Quang Đức QL14 | Trạm thu phí BOT Quang Đức Quốc lộ 14,Đắk Lắk,QL14,12.830902,108.248057
vn-toll-gmaps-chijs7u-3i-jcternihgdqa3bji,toll_station,Trạm thu phí BOT Quang Đức Quốc lộ 14,Trạm thu phí BOT Quang Đức Quốc lộ 14,source_name_conflict,medium,current name differs from OSM name: OSM toll 13077408419,Trạm thu phí BOT Quang Đức Quốc lộ 14 | OSM toll 13077408419 | QL14 | Trạm Thu Phí BOT Quang Đức QL14 | Trạm Thu Phí BOT Quang Đức QL14 | Trạm thu phí BOT Quang Đức Quốc lộ 14,Đắk Lắk,QL14,12.830902,108.248057
vn-toll-gmaps-chijcvemggcxnterpqgmbpxjwbc,toll_station,Trạm thu phí Bình Giang,Trạm thu phí Bình Giang,osm_placeholder_name,medium,matched OSM name is placeholder,Trạm thu phí Bình Giang | OSM toll 11946078822 | Trạm Thu phí Bình Giang | Trạm Thu phí Bình Giang | Trạm Thu phí Bình Giang | Trạm Thu phí Bình Giang | Trạm thu phí Bình Giang,Hải Phòng,,20.850998,106.202547
vn-toll-gmaps-chijcvemggcxnterpqgmbpxjwbc,toll_station,Trạm thu phí Bình Giang,Trạm thu phí Bình Giang,source_name_conflict,medium,current name differs from OSM name: OSM toll 11946078822,Trạm thu phí Bình Giang | OSM toll 11946078822 | Trạm Thu phí Bình Giang | Trạm Thu phí Bình Giang | Trạm Thu phí Bình Giang | Trạm Thu phí Bình Giang | Trạm thu phí Bình Giang,Hải Phòng,,20.850998,106.202547
vn-toll-gmaps-chijbqk091h9nder80iyuxu9ckq,toll_station,Trạm thu phí Bắc Thăng Long - Nội Bài,Trạm thu phí Bắc Thăng Long - Nội Bài,osm_road_name_as_object_name,medium,matched OSM name looks like road/direction name,Trạm thu phí Bắc Thăng Long - Nội Bài | Đường Võ Văn Kiệt | Trạm Thu phí Bắc Thăng Long - Nội Bài | Trạm Thu phí Bắc Thăng Long - Nội Bài | Trạm thu phí Bắc Thăng Long - Nội Bài,Hà Nội,,21.203178,105.77953
vn-toll-gmaps-chijbqk091h9nder80iyuxu9ckq,toll_station,Trạm thu phí Bắc Thăng Long - Nội Bài,Trạm thu phí Bắc Thăng Long - Nội Bài,source_name_conflict,medium,current name differs from OSM name: Đường Võ Văn Kiệt,Trạm thu phí Bắc Thăng Long - Nội Bài | Đường Võ Văn Kiệt | Trạm Thu phí Bắc Thăng Long - Nội Bài | Trạm Thu phí Bắc Thăng Long - Nội Bài | Trạm thu phí Bắc Thăng Long - Nội Bài,Hà Nội,,21.203178,105.77953
vn-toll-gmaps-chijn4fa8utmcjerr8zi6wu9oiu,toll_station,Trạm thu phí Bến Lức,Trạm thu phí Bến Lức,osm_road_name_as_object_name,medium,matched OSM name looks like road/direction name,Trạm thu phí Bến Lức | Đi Cao tốc Thành phố Hồ Chí Minh - Trung Lương | Trạm Thu phí Bến Lức | Trạm Thu phí Bến Lức | Trạm thu phí Bến Lức,Tây Ninh,,10.656005,106.473537
vn-toll-gmaps-chijn4fa8utmcjerr8zi6wu9oiu,toll_station,Trạm thu phí Bến Lức,Trạm thu phí Bến Lức,source_name_conflict,medium,current name differs from OSM name: Đi Cao tốc Thành phố Hồ Chí Minh - Trung Lương,Trạm thu phí Bến Lức | Đi Cao tốc Thành phố Hồ Chí Minh - Trung Lương | Trạm Thu phí Bến Lức | Trạm Thu phí Bến Lức | Trạm thu phí Bến Lức,Tây Ninh,,10.656005,106.473537
vn-toll-gmaps-chijn4fa8utmcjerr8zi6wu9oiu,toll_station,Trạm thu phí Bến Lức,Trạm thu phí Bến Lức,missing_road_context,low,road context appears in names but road field is empty,Trạm thu phí Bến Lức | Đi Cao tốc Thành phố Hồ Chí Minh - Trung Lương | Trạm Thu phí Bến Lức | Trạm Thu phí Bến Lức | Trạm thu phí Bến Lức,Tây Ninh,,10.656005,106.473537
final-ChIJ-cUWDQN3NjERssQ2fMiAUBw,toll_station,Trạm thu phí Cao Bồ,Trạm thu phí Cao Bồ,osm_road_name_as_object_name,medium,matched OSM name looks like road/direction name,Trạm thu phí Cao Bồ | Đường cao tốc Mai Sơn - Quốc lộ 45 | Trạm thu phí Cao Bồ,,,20.1664286,105.8628399
final-ChIJ-cUWDQN3NjERssQ2fMiAUBw,toll_station,Trạm thu phí Cao Bồ,Trạm thu phí Cao Bồ,source_name_conflict,medium,current name differs from OSM name: Đường cao tốc Mai Sơn - Quốc lộ 45,Trạm thu phí Cao Bồ | Đường cao tốc Mai Sơn - Quốc lộ 45 | Trạm thu phí Cao Bồ,,,20.1664286,105.8628399
final-ChIJ-cUWDQN3NjERssQ2fMiAUBw,toll_station,Trạm thu phí Cao Bồ,Trạm thu phí Cao Bồ,missing_province_context,low,"province is missing, harder to standardize name",Trạm thu phí Cao Bồ | Đường cao tốc Mai Sơn - Quốc lộ 45 | Trạm thu phí Cao Bồ,,,20.1664286,105.8628399
final-ChIJ-cUWDQN3NjERssQ2fMiAUBw,toll_station,Trạm thu phí Cao Bồ,Trạm thu phí Cao Bồ,missing_road_context,low,road context appears in names but road field is empty,Trạm thu phí Cao Bồ | Đường cao tốc Mai Sơn - Quốc lộ 45 | Trạm thu phí Cao Bồ,,,20.1664286,105.8628399
vn-toll-gmaps-chijsdfrx9pxsjershfnq83hhau,toll_station,Trạm thu phí cao tốc Hà Nội - Hải Phòng - Dương Kính,Trạm thu phí cao tốc Hà Nội - Hải Phòng - Dương Kính,osm_placeholder_name,medium,matched OSM name is placeholder,Trạm thu phí cao tốc Hà Nội - Hải Phòng - Dương Kính | OSM toll 8544582973 | Cao Tốc Hà Nội - Hải Phòng Qpc7 | Trạm thu phí cao tốc Hà Nội - Hải Phòng - Dương Kính | Trạm thu phí cao tốc Hà Nội - Hải Phòng | Trạm thu phí cao tốc Hà Nội - Hải Phòng | Trạm thu phí cao tốc Hà Nội - Hải Phòng | Trạm thu phí cao tốc Hà Nội - Hải Phòng - Dương Kính,Hà Nội,Cao Tốc Hà Nội - Hải Phòng Qpc7,20.770163,106.712798
vn-toll-gmaps-chijsdfrx9pxsjershfnq83hhau,toll_station,Trạm thu phí cao tốc Hà Nội - Hải Phòng - Dương Kính,Trạm thu phí cao tốc Hà Nội - Hải Phòng - Dương Kính,multiple_name_variants,medium,found 4 distinct candidate names,Trạm thu phí cao tốc Hà Nội - Hải Phòng - Dương Kính | OSM toll 8544582973 | Cao Tốc Hà Nội - Hải Phòng Qpc7 | Trạm thu phí cao tốc Hà Nội - Hải Phòng - Dương Kính | Trạm thu phí cao tốc Hà Nội - Hải Phòng | Trạm thu phí cao tốc Hà Nội - Hải Phòng | Trạm thu phí cao tốc Hà Nội - Hải Phòng | Trạm thu phí cao tốc Hà Nội - Hải Phòng - Dương Kính,Hà Nội,Cao Tốc Hà Nội - Hải Phòng Qpc7,20.770163,106.712798
vn-toll-gmaps-chijsdfrx9pxsjershfnq83hhau,toll_station,Trạm thu phí cao tốc Hà Nội - Hải Phòng - Dương Kính,Trạm thu phí cao tốc Hà Nội - Hải Phòng - Dương Kính,source_name_conflict,medium,current name differs from OSM name: OSM toll 8544582973,Trạm thu phí cao tốc Hà Nội - Hải Phòng - Dương Kính | OSM toll 8544582973 | Cao Tốc Hà Nội - Hải Phòng Qpc7 | Trạm thu phí cao tốc Hà Nội - Hải Phòng - Dương Kính | Trạm thu phí cao tốc Hà Nội - Hải Phòng | Trạm thu phí cao tốc Hà Nội - Hải Phòng | Trạm thu phí cao tốc Hà Nội - Hải Phòng | Trạm thu phí cao tốc Hà Nội - Hải Phòng - Dương Kính,Hà Nội,Cao Tốc Hà Nội - Hải Phòng Qpc7,20.770163,106.712798
vn-toll-gmaps-chijcwi7ozglnterebneqrz056u,toll_station,Trạm thu phí cao tốc Hà Nội - Hải Phòng - Văn Giang,Trạm thu phí cao tốc Hà Nội - Hải Phòng - Văn Giang,osm_placeholder_name,medium,matched OSM name is placeholder,Trạm thu phí cao tốc Hà Nội - Hải Phòng - Văn Giang | OSM toll 1324667567 | Cao Tốc Hà Nội - Hải Phòng Wxjc | Trạm thu phí cao tốc Hà Nội - Hải Phòng - Văn Giang | Trạm Thu phí Cao tốc Hà Nội - Hải Phòng | Trạm thu phí cao tốc Hà Nội - Hải Phòng - Văn Giang,Hà Nội,Cao Tốc Hà Nội - Hải Phòng Wxjc,20.931708,105.971447
vn-toll-gmaps-chijcwi7ozglnterebneqrz056u,toll_station,Trạm thu phí cao tốc Hà Nội - Hải Phòng - Văn Giang,Trạm thu phí cao tốc Hà Nội - Hải Phòng - Văn Giang,multiple_name_variants,medium,found 4 distinct candidate names,Trạm thu phí cao tốc Hà Nội - Hải Phòng - Văn Giang | OSM toll 1324667567 | Cao Tốc Hà Nội - Hải Phòng Wxjc | Trạm thu phí cao tốc Hà Nội - Hải Phòng - Văn Giang | Trạm Thu phí Cao tốc Hà Nội - Hải Phòng | Trạm thu phí cao tốc Hà Nội - Hải Phòng - Văn Giang,Hà Nội,Cao Tốc Hà Nội - Hải Phòng Wxjc,20.931708,105.971447
vn-toll-gmaps-chijcwi7ozglnterebneqrz056u,toll_station,Trạm thu phí cao tốc Hà Nội - Hải Phòng - Văn Giang,Trạm thu phí cao tốc Hà Nội - Hải Phòng - Văn Giang,source_name_conflict,medium,current name differs from OSM name: OSM toll 1324667567,Trạm thu phí cao tốc Hà Nội - Hải Phòng - Văn Giang | OSM toll 1324667567 | Cao Tốc Hà Nội - Hải Phòng Wxjc | Trạm thu phí cao tốc Hà Nội - Hải Phòng - Văn Giang | Trạm Thu phí Cao tốc Hà Nội - Hải Phòng | Trạm thu phí cao tốc Hà Nội - Hải Phòng - Văn Giang,Hà Nội,Cao Tốc Hà Nội - Hải Phòng Wxjc,20.931708,105.971447
vn-toll-gmaps-chijl6j3blwfszer0pcyadvep-u,toll_station,Trạm thu phí cao tốc Hạ Long - Vân Đồn,Trạm thu phí cao tốc Hạ Long - Vân Đồn,multiple_name_variants,medium,found 4 distinct candidate names,Trạm thu phí cao tốc Hạ Long - Vân Đồn | Trạm Thu phí Đoàn Kết | Cao Tốc Hạ Long - Vân Đồn 39Jv | TRẠM THU PHÍ HẠ LONG VÂN ĐỒN | Trạm thu phí cao tốc Hạ Long - Vân Đồn | Trạm thu phí cao tốc Hạ Long - Vân Đồn,Quảng Ninh,Cao Tốc Hạ Long - Vân Đồn 39Jv,21.082426,107.392871
vn-toll-gmaps-chijzt0yfhjfsjere2wnmcahp3w,toll_station,Trạm thu phí cao tốc Hạ Long - Vân Đồn,Trạm thu phí cao tốc Hạ Long - Vân Đồn,multiple_name_variants,medium,found 3 distinct candidate names,Trạm thu phí cao tốc Hạ Long - Vân Đồn | Trạm Thu phí Việt Hưng | Cao Tốc Hạ Long - Vân Đồn Xxf8 | Trạm thu phí cao tốc Hạ Long - Vân Đồn,Quảng Ninh,Cao Tốc Hạ Long - Vân Đồn Xxf8,20.974346,106.965774
vn-toll-gmaps-chij25u6y96fcjerromg4bcfto0,toll_station,Trạm thu phí cao tốc Trung Lương - Mỹ Thuận,Trạm thu phí cao tốc Trung Lương - Mỹ Thuận,multiple_name_variants,medium,found 4 distinct candidate names,Trạm thu phí cao tốc Trung Lương - Mỹ Thuận | Trạm Thu phí An Thái Trung | Cao Tốc Trung Lương - Mỹ Thuận 8V9J | Trạm Thu phí Cao Tốc Trung Lương - Mỹ Thuận | Trạm Thu phí Cao Tốc Trung Lương - Mỹ Thuận | TRẠM THU PHÍ CAI LẬY ( CAO TỐC TRUNG LƯƠNG- MỸ THUẬN) | Trạm Thu phí Cao Tốc Trung Lương - Mỹ Thuận | Trạm thu phí cao tốc Trung Lương - Mỹ Thuận,Đồng Tháp,Cao Tốc Trung Lương - Mỹ Thuận 8V9J,10.317545,105.880116
vn-toll-clean-079,toll_station,Trạm thu phí Cầu Cổ Chiên,Trạm thu phí Cầu Cổ Chiên,multiple_name_variants,medium,found 3 distinct candidate names,Trạm thu phí Cầu Cổ Chiên | QL60 | Trạm thu phí Cổ Chiên | Trạm Thu phí Cầu Cổ Chiên | Trạm thu phí Cầu Cổ Chiên,Vĩnh Long,QL60,10.0199467,106.2974383
vn-toll-gmaps-chijbyvfm3qkntercjpalln1y8g,toll_station,Trạm thu phí Cầu Hồ,Trạm thu phí Cầu Hồ,multiple_name_variants,medium,found 3 distinct candidate names,Trạm thu phí Cầu Hồ | Trạm Thu Phí Bắc Ninh Hải Dương | QL38 | Trạm Thu phí Cầu Hồ | Trạm Thu phí Cầu Hồ | Trạm Thu phí Cầu Hồ | Trạm Thu phí Cầu Hồ | Trạm thu phí Cầu Hồ,Bắc Ninh,QL38,21.080139,106.092165
final-ChIJcYnshklhoDERkLnRXydRhaw,toll_station,Trạm thu phí Cầu Phú Hữu,Trạm thu phí Cầu Phú Hữu,missing_province_context,low,"province is missing, harder to standardize name",Trạm thu phí Cầu Phú Hữu | Trạm Thu phí Cầu Phú Hữu | Trạm thu phí Cầu Phú Hữu,,,9.9242626,105.8540449
vn-toll-gmaps-chijcdgnmmhdnterei-tfxzxnhk,toll_station,Trạm thu phí Cầu Thái Hà,Trạm thu phí Cầu Thái Hà,osm_placeholder_name,medium,matched OSM name is placeholder,Trạm thu phí Cầu Thái Hà | OSM toll 13338380133 | Trạm Thu phí Cầu Thái Hà | Trạm Thu phí Cầu Thái Hà | Trạm thu phí Cầu Thái Hà,Hưng Yên,,20.590872,106.139251
vn-toll-gmaps-chijcdgnmmhdnterei-tfxzxnhk,toll_station,Trạm thu phí Cầu Thái Hà,Trạm thu phí Cầu Thái Hà,source_name_conflict,medium,current name differs from OSM name: OSM toll 13338380133,Trạm thu phí Cầu Thái Hà | OSM toll 13338380133 | Trạm Thu phí Cầu Thái Hà | Trạm Thu phí Cầu Thái Hà | Trạm thu phí Cầu Thái Hà,Hưng Yên,,20.590872,106.139251
vn-toll-gmaps-chijsdenahanndersdrkmfp5jxw,toll_station,Trạm thu phí Cầu Văn Lang,Trạm thu phí Cầu Văn Lang,osm_placeholder_name,medium,matched OSM name is placeholder,Trạm thu phí Cầu Văn Lang | OSM toll 6563222996 | Trạm Thu phí Cầu Văn Lang | Trạm Thu phí Cầu Văn Lang | Trạm thu phí Cầu Văn Lang (QL32 – QL32C) | Trạm Thu phí Cầu Văn Lang | Trạm thu phí Cầu Văn Lang,Hà Nội,,21.285532,105.404046
vn-toll-gmaps-chijsdenahanndersdrkmfp5jxw,toll_station,Trạm thu phí Cầu Văn Lang,Trạm thu phí Cầu Văn Lang,multiple_name_variants,medium,found 3 distinct candidate names,Trạm thu phí Cầu Văn Lang | OSM toll 6563222996 | Trạm Thu phí Cầu Văn Lang | Trạm Thu phí Cầu Văn Lang | Trạm thu phí Cầu Văn Lang (QL32 – QL32C) | Trạm Thu phí Cầu Văn Lang | Trạm thu phí Cầu Văn Lang,Hà Nội,,21.285532,105.404046
vn-toll-gmaps-chijsdenahanndersdrkmfp5jxw,toll_station,Trạm thu phí Cầu Văn Lang,Trạm thu phí Cầu Văn Lang,source_name_conflict,medium,current name differs from OSM name: OSM toll 6563222996,Trạm thu phí Cầu Văn Lang | OSM toll 6563222996 | Trạm Thu phí Cầu Văn Lang | Trạm Thu phí Cầu Văn Lang | Trạm thu phí Cầu Văn Lang (QL32 – QL32C) | Trạm Thu phí Cầu Văn Lang | Trạm thu phí Cầu Văn Lang,Hà Nội,,21.285532,105.404046
vn-toll-gmaps-chijsdenahanndersdrkmfp5jxw,toll_station,Trạm thu phí Cầu Văn Lang,Trạm thu phí Cầu Văn Lang,missing_road_context,low,road context appears in names but road field is empty,Trạm thu phí Cầu Văn Lang | OSM toll 6563222996 | Trạm Thu phí Cầu Văn Lang | Trạm Thu phí Cầu Văn Lang | Trạm thu phí Cầu Văn Lang (QL32 – QL32C) | Trạm Thu phí Cầu Văn Lang | Trạm thu phí Cầu Văn Lang,Hà Nội,,21.285532,105.404046
vn-toll-gmaps-chijpud-awdhnteraukymvq-3di,toll_station,Trạm thu phí Cầu Yên Lệnh,Trạm thu phí Cầu Yên Lệnh,osm_placeholder_name,medium,matched OSM name is placeholder,Trạm thu phí Cầu Yên Lệnh | OSM toll 10198957829 | QL38 | Trạm Thu phí Cầu Yên Lệnh | Trạm Thu phí Cầu Yên Lệnh | Trạm Thu phí Cầu Yên Lệnh | Trạm Thu phí Cầu Yên Lệnh | Trạm thu phí Cầu Yên Lệnh,Hưng Yên,QL38,20.658939,106.048984
vn-toll-gmaps-chijpud-awdhnteraukymvq-3di,toll_station,Trạm thu phí Cầu Yên Lệnh,Trạm thu phí Cầu Yên Lệnh,multiple_name_variants,medium,found 3 distinct candidate names,Trạm thu phí Cầu Yên Lệnh | OSM toll 10198957829 | QL38 | Trạm Thu phí Cầu Yên Lệnh | Trạm Thu phí Cầu Yên Lệnh | Trạm Thu phí Cầu Yên Lệnh | Trạm Thu phí Cầu Yên Lệnh | Trạm thu phí Cầu Yên Lệnh,Hưng Yên,QL38,20.658939,106.048984
vn-toll-gmaps-chijpud-awdhnteraukymvq-3di,toll_station,Trạm thu phí Cầu Yên Lệnh,Trạm thu phí Cầu Yên Lệnh,source_name_conflict,medium,current name differs from OSM name: OSM toll 10198957829,Trạm thu phí Cầu Yên Lệnh | OSM toll 10198957829 | QL38 | Trạm Thu phí Cầu Yên Lệnh | Trạm Thu phí Cầu Yên Lệnh | Trạm Thu phí Cầu Yên Lệnh | Trạm Thu phí Cầu Yên Lệnh | Trạm thu phí Cầu Yên Lệnh,Hưng Yên,QL38,20.658939,106.048984
vn-toll-gmaps-chijuf95la0bszer7kkifo99l6e,toll_station,Trạm thu phí Cẩm Phả,Trạm thu phí Cẩm Phả,osm_placeholder_name,medium,matched OSM name is placeholder,Trạm thu phí Cẩm Phả | OSM toll 1381203335 | Trạm Thu Phí Cẩm Phả | Trạm Thu Phí Cẩm Phả | TRẠM THU PHÍ CẨM PHẢ QL 18 | Trạm Thu Phí Cẩm Phả | Trạm thu phí Cẩm Phả,Quảng Ninh,,21.003101,107.327187
vn-toll-gmaps-chijuf95la0bszer7kkifo99l6e,toll_station,Trạm thu phí Cẩm Phả,Trạm thu phí Cẩm Phả,multiple_name_variants,medium,found 3 distinct candidate names,Trạm thu phí Cẩm Phả | OSM toll 1381203335 | Trạm Thu Phí Cẩm Phả | Trạm Thu Phí Cẩm Phả | TRẠM THU PHÍ CẨM PHẢ QL 18 | Trạm Thu Phí Cẩm Phả | Trạm thu phí Cẩm Phả,Quảng Ninh,,21.003101,107.327187
vn-toll-gmaps-chijuf95la0bszer7kkifo99l6e,toll_station,Trạm thu phí Cẩm Phả,Trạm thu phí Cẩm Phả,source_name_conflict,medium,current name differs from OSM name: OSM toll 1381203335,Trạm thu phí Cẩm Phả | OSM toll 1381203335 | Trạm Thu Phí Cẩm Phả | Trạm Thu Phí Cẩm Phả | TRẠM THU PHÍ CẨM PHẢ QL 18 | Trạm Thu Phí Cẩm Phả | Trạm thu phí Cẩm Phả,Quảng Ninh,,21.003101,107.327187
vn-toll-gmaps-chijuf95la0bszer7kkifo99l6e,toll_station,Trạm thu phí Cẩm Phả,Trạm thu phí Cẩm Phả,missing_road_context,low,road context appears in names but road field is empty,Trạm thu phí Cẩm Phả | OSM toll 1381203335 | Trạm Thu Phí Cẩm Phả | Trạm Thu Phí Cẩm Phả | TRẠM THU PHÍ CẨM PHẢ QL 18 | Trạm Thu Phí Cẩm Phả | Trạm thu phí Cẩm Phả,Quảng Ninh,,21.003101,107.327187
vn-toll-gmaps-chij17nu3clusjerps6to2kbcuc,toll_station,Trạm thu phí Dương Kinh,Trạm thu phí Dương Kinh,osm_placeholder_name,medium,matched OSM name is placeholder,Trạm thu phí Dương Kinh | OSM toll 1329847084 | Trạm Thu phí Dương Kinh | Trạm Thu phí Dương Kinh | Trạm Thu phí Dương Kinh | Trạm Thu phí Dương Kinh | Trạm thu phí Dương Kinh,Hải Phòng,,20.776114,106.723902
vn-toll-gmaps-chij17nu3clusjerps6to2kbcuc,toll_station,Trạm thu phí Dương Kinh,Trạm thu phí Dương Kinh,source_name_conflict,medium,current name differs from OSM name: OSM toll 1329847084,Trạm thu phí Dương Kinh | OSM toll 1329847084 | Trạm Thu phí Dương Kinh | Trạm Thu phí Dương Kinh | Trạm Thu phí Dương Kinh | Trạm Thu phí Dương Kinh | Trạm thu phí Dương Kinh,Hải Phòng,,20.776114,106.723902
vn-toll-gmaps-chijs-uxldfhmzerhgmov8hzfq0,toll_station,Trạm thu phí Hạ Hoà (IC11),Trạm thu phí Hạ Hoà (IC11),source_name_conflict,medium,current name differs from OSM name: IC11,Trạm thu phí Hạ Hoà (IC11) | IC11 | Trạm thu phí Hạ Hoà (IC11),Phú Thọ,,21.533157,104.972637
vn-toll-gmaps-chijz1erg79vnterj9wpxswipbo,toll_station,Trạm thu phí Km 104 cao tốc Bắc Giang - Lạng Sơn,Trạm thu phí Km 104 cao tốc Bắc Giang - Lạng Sơn,multiple_name_variants,medium,found 3 distinct candidate names,Trạm thu phí Km 104 cao tốc Bắc Giang - Lạng Sơn | Trạm Thu phí Km 104 | Cao Tốc Bắc Giang - Lạng Sơn 8785 | Trạm Thu phí Km 104 Cao tốc Bắc Giang - Lạng Sơn | Trạm Thu phí Km 104 Cao tốc Bắc Giang - Lạng Sơn | Trạm Thu phí Km 104 Cao tốc Bắc Giang - Lạng Sơn | Trạm Thu phí Km 104 Cao tốc Bắc Giang - Lạng Sơn | Trạm thu phí Km 104 cao tốc Bắc Giang - Lạng Sơn,Bắc Giang,Cao Tốc Bắc Giang - Lạng Sơn 8785,21.315908,106.25888
vn-toll-gmaps-chijldcenyv9nderu0-djgbtfgm,toll_station,Trạm thu phí Km 6 cao tốc Hà Nội - Lào Cai,Trạm thu phí Km 6 cao tốc Hà Nội - Lào Cai,multiple_name_variants,medium,found 3 distinct candidate names,Trạm thu phí Km 6 cao tốc Hà Nội - Lào Cai | Trạm thu phí Nội Bài | Cao Tốc Hà Nội - Lào Cai Trạm Thu Phí Cao Tốc Nội Bài - Lào Cai | Trạm Thu phí Km 6 Cao tốc Hà Nội - Lào Cai | Trạm Thu phí Km 6 Cao tốc Hà Nội - Lào Cai | Trạm Thu phí Km 6 Cao tốc Hà Nội - Lào Cai | Trạm Thu phí Km 6 Cao tốc Hà Nội - Lào Cai | Trạm thu phí Km 6 cao tốc Hà Nội - Lào Cai,Hà Nội,Cao Tốc Hà Nội - Lào Cai Trạm Thu Phí Cao Tốc Nội Bài - Lào Cai,21.252714,105.739648
vn-toll-gmaps-chijfrnwdlqrsjerj0lihlazqz8,toll_station,Trạm thu phí Km 45 - cao tốc Bắc - Nam phía Đông (Bắc Giang - Lạng Sơn),Trạm thu phí Km 45 - cao tốc Bắc - Nam phía Đông (Bắc Giang - Lạng Sơn),multiple_name_variants,medium,found 3 distinct candidate names,Trạm thu phí Km 45 - cao tốc Bắc - Nam phía Đông (Bắc Giang - Lạng Sơn) | Trạm Thu phí Km 45+100 | Cao Tốc Bắc - Nam Phía Đông | Trạm Thu Phí Km 45 - Cao Tốc Bắc - Nam phía Đông (Bắc Giang - Lạng Sơn) | Trạm Thu Phí Km 45 - Cao Tốc Bắc - Nam phía Đông (Bắc Giang - Lạng Sơn) | Trạm Thu Phí Km 45 - Cao Tốc Bắc - Nam phía Đông (Bắc Giang - Lạng Sơn) | Trạm Thu Phí Km 45 - Cao Tốc Bắc - Nam phía Đông (Bắc Giang - Lạng Sơn) | Trạm thu phí Km 45 - cao tốc Bắc - Nam phía Đông (Bắc Giang - Lạng Sơn),Bắc Giang,Cao Tốc Bắc - Nam Phía Đông,21.686704,106.62769
vn-toll-gmaps-chijfrnwdlqrsjerj0lihlazqz8,toll_station,Trạm thu phí Km 45 - cao tốc Bắc - Nam phía Đông (Bắc Giang - Lạng Sơn),Trạm thu phí Km 45 - cao tốc Bắc - Nam phía Đông (Bắc Giang - Lạng Sơn),source_name_conflict,medium,current name differs from OSM name: Trạm Thu phí Km45+100,Trạm thu phí Km 45 - cao tốc Bắc - Nam phía Đông (Bắc Giang - Lạng Sơn) | Trạm Thu phí Km 45+100 | Cao Tốc Bắc - Nam Phía Đông | Trạm Thu Phí Km 45 - Cao Tốc Bắc - Nam phía Đông (Bắc Giang - Lạng Sơn) | Trạm Thu Phí Km 45 - Cao Tốc Bắc - Nam phía Đông (Bắc Giang - Lạng Sơn) | Trạm Thu Phí Km 45 - Cao Tốc Bắc - Nam phía Đông (Bắc Giang - Lạng Sơn) | Trạm Thu Phí Km 45 - Cao Tốc Bắc - Nam phía Đông (Bắc Giang - Lạng Sơn) | Trạm thu phí Km 45 - cao tốc Bắc - Nam phía Đông (Bắc Giang - Lạng Sơn),Bắc Giang,Cao Tốc Bắc - Nam Phía Đông,21.686704,106.62769
vn-toll-gmaps-chijw7x4ly4vbzerqhxh-n6qozq,toll_station,Trạm thu phí Nam Bình Định,Trạm thu phí Nam Bình Định,osm_placeholder_name,medium,matched OSM name is placeholder,Trạm thu phí Nam Bình Định | OSM toll 6950227536 | Trạm Thu phí Nam Bình Định | Trạm Thu phí Nam Bình Định | TRẠM THU PHÍ NAM BÌNH ĐỊNH | Trạm Thu phí Nam Bình Định | Trạm thu phí Nam Bình Định,Bình Định,,13.871314,109.125422
vn-toll-gmaps-chijw7x4ly4vbzerqhxh-n6qozq,toll_station,Trạm thu phí Nam Bình Định,Trạm thu phí Nam Bình Định,source_name_conflict,medium,current name differs from OSM name: OSM toll 6950227536,Trạm thu phí Nam Bình Định | OSM toll 6950227536 | Trạm Thu phí Nam Bình Định | Trạm Thu phí Nam Bình Định | TRẠM THU PHÍ NAM BÌNH ĐỊNH | Trạm Thu phí Nam Bình Định | Trạm thu phí Nam Bình Định,Bình Định,,13.871314,109.125422
vn-toll-gmaps-chijheu4jpyeqjer0ieju1yy09k,toll_station,Trạm thu phí Phong Thử,Trạm thu phí Phong Thử,osm_placeholder_name,medium,matched OSM name is placeholder,Trạm thu phí Phong Thử | OSM toll 1374419135 | Trạm Thu phí Phong Thử | Trạm Thu phí Phong Thử | Trạm thu phí Phong Thử,Đà Nẵng,,15.890553,108.173646
vn-toll-gmaps-chijheu4jpyeqjer0ieju1yy09k,toll_station,Trạm thu phí Phong Thử,Trạm thu phí Phong Thử,source_name_conflict,medium,current name differs from OSM name: OSM toll 1374419135,Trạm thu phí Phong Thử | OSM toll 1374419135 | Trạm Thu phí Phong Thử | Trạm Thu phí Phong Thử | Trạm thu phí Phong Thử,Đà Nẵng,,15.890553,108.173646
vn-toll-gmaps-chij5uixooyznter1uou4imhe6q,toll_station,Trạm thu phí Pháp Vân,Trạm thu phí Pháp Vân,osm_road_name_as_object_name,medium,matched OSM name looks like road/direction name,Trạm thu phí Pháp Vân | Đường cao tốc Pháp Vân - Cầu Giẽ | Trạm thu phí Pháp Vân | Trạm thu phí Pháp Vân | Trạm thu phí Pháp Vân,Hà Nội,,20.907514,105.86138
vn-toll-gmaps-chij5uixooyznter1uou4imhe6q,toll_station,Trạm thu phí Pháp Vân,Trạm thu phí Pháp Vân,source_name_conflict,medium,current name differs from OSM name: Đường cao tốc Pháp Vân - Cầu Giẽ,Trạm thu phí Pháp Vân | Đường cao tốc Pháp Vân - Cầu Giẽ | Trạm thu phí Pháp Vân | Trạm thu phí Pháp Vân | Trạm thu phí Pháp Vân,Hà Nội,,20.907514,105.86138
vn-toll-gmaps-chij5uixooyznter1uou4imhe6q,toll_station,Trạm thu phí Pháp Vân,Trạm thu phí Pháp Vân,missing_road_context,low,road context appears in names but road field is empty,Trạm thu phí Pháp Vân | Đường cao tốc Pháp Vân - Cầu Giẽ | Trạm thu phí Pháp Vân | Trạm thu phí Pháp Vân | Trạm thu phí Pháp Vân,Hà Nội,,20.907514,105.86138
vn-toll-gmaps-chij60njjc-tnderf1gktlbp6bm,toll_station,Trạm thu phí Phù Ninh (IC8),Trạm thu phí Phù Ninh (IC8),osm_placeholder_name,medium,matched OSM name is placeholder,Trạm thu phí Phù Ninh (IC8) | OSM toll 3992131737 | Trạm Thu phí Phù Ninh (IC8) | Trạm Thu phí Phù Ninh (IC8) | Trạm thu phí Phù Ninh (IC8),Phú Thọ,,21.390527,105.330033
vn-toll-gmaps-chij60njjc-tnderf1gktlbp6bm,toll_station,Trạm thu phí Phù Ninh (IC8),Trạm thu phí Phù Ninh (IC8),source_name_conflict,medium,current name differs from OSM name: OSM toll 3992131737,Trạm thu phí Phù Ninh (IC8) | OSM toll 3992131737 | Trạm Thu phí Phù Ninh (IC8) | Trạm Thu phí Phù Ninh (IC8) | Trạm thu phí Phù Ninh (IC8),Phú Thọ,,21.390527,105.330033
vn-toll-gmaps-chijg8s9mawqnderqdir-t0q-ia,toll_station,Trạm thu phí Phú Thọ (IC9),Trạm thu phí Phú Thọ (IC9),osm_placeholder_name,medium,matched OSM name is placeholder,Trạm thu phí Phú Thọ (IC9) | OSM toll 6877650786 | Trạm Thu phí Phú Thọ (IC9) | Trạm Thu phí Phú Thọ (IC9) | Trạm thu phí Phú Thọ (IC9),Phú Thọ,,21.423543,105.230986
vn-toll-gmaps-chijg8s9mawqnderqdir-t0q-ia,toll_station,Trạm thu phí Phú Thọ (IC9),Trạm thu phí Phú Thọ (IC9),source_name_conflict,medium,current name differs from OSM name: OSM toll 6877650786,Trạm thu phí Phú Thọ (IC9) | OSM toll 6877650786 | Trạm Thu phí Phú Thọ (IC9) | Trạm Thu phí Phú Thọ (IC9) | Trạm thu phí Phú Thọ (IC9),Phú Thọ,,21.423543,105.230986
vn-toll-gmaps-chij-b1-qmp3nter5hrm1tmd6de,toll_station,Trạm thu phí Phả Lại,Trạm thu phí Phả Lại,osm_placeholder_name,medium,matched OSM name is placeholder,Trạm thu phí Phả Lại | OSM toll 13602049340 | Trạm Thu phí Phả Lại | Trạm Thu phí Phả Lại | TRẠM THU PHÍ PHẢ LẠI | Trạm Thu phí Phả Lại | Trạm thu phí Phả Lại,Bắc Ninh,,21.116648,106.276521
vn-toll-gmaps-chij-b1-qmp3nter5hrm1tmd6de,toll_station,Trạm thu phí Phả Lại,Trạm thu phí Phả Lại,source_name_conflict,medium,current name differs from OSM name: OSM toll 13602049340,Trạm thu phí Phả Lại | OSM toll 13602049340 | Trạm Thu phí Phả Lại | Trạm Thu phí Phả Lại | TRẠM THU PHÍ PHẢ LẠI | Trạm Thu phí Phả Lại | Trạm thu phí Phả Lại,Bắc Ninh,,21.116648,106.276521
vn-toll-gmaps-chijmzdscgvgsjer8vf1a48ywny,toll_station,Trạm thu phí quốc lộ 18 - Đại Yên,Trạm thu phí quốc lộ 18 - Đại Yên,multiple_name_variants,medium,found 3 distinct candidate names,Trạm thu phí quốc lộ 18 - Đại Yên | Trạm Thu Phí Đại Yên | QL18 | TRẠM THU PHÍ ĐẠI YÊN | Trạm thu phí Đại Yên | Trạm thu phí quốc lộ 18 - Đại Yên,Quảng Ninh,QL18,20.986069,106.90282
vn-toll-clean-022,toll_station,Trạm thu phí Quốc lộ 279,Trạm thu phí Quốc lộ 279,multiple_name_variants,medium,found 3 distinct candidate names,Trạm thu phí Quốc lộ 279 | Quốc lộ 279 | Trạm thu phí 279 BGLS | Trạm Thu phí Quốc lộ 279 | Trạm thu phí Quốc lộ 279,Lạng Sơn,Quốc lộ 279,21.6205522,106.5586596
vn-toll-gmaps-chijz9dylgbzcderyflmmd4qeom,toll_station,Trạm thu phí Suối Dầu,Trạm thu phí Suối Dầu,osm_road_name_as_object_name,medium,matched OSM name looks like road/direction name,Trạm thu phí Suối Dầu | Đi Cao tốc Nha Trang - Cam Lâm | Trạm Thu phí Suối Dầu | Trạm Thu phí Suối Dầu | Trạm thu phí Suối Dầu,Khánh Hòa,,12.178763,109.058643
vn-toll-gmaps-chijz9dylgbzcderyflmmd4qeom,toll_station,Trạm thu phí Suối Dầu,Trạm thu phí Suối Dầu,source_name_conflict,medium,current name differs from OSM name: Đi Cao tốc Nha Trang - Cam Lâm,Trạm thu phí Suối Dầu | Đi Cao tốc Nha Trang - Cam Lâm | Trạm Thu phí Suối Dầu | Trạm Thu phí Suối Dầu | Trạm thu phí Suối Dầu,Khánh Hòa,,12.178763,109.058643
vn-toll-gmaps-chijz9dylgbzcderyflmmd4qeom,toll_station,Trạm thu phí Suối Dầu,Trạm thu phí Suối Dầu,missing_road_context,low,road context appears in names but road field is empty,Trạm thu phí Suối Dầu | Đi Cao tốc Nha Trang - Cam Lâm | Trạm Thu phí Suối Dầu | Trạm Thu phí Suối Dầu | Trạm thu phí Suối Dầu,Khánh Hòa,,12.178763,109.058643
vn-toll-gmaps-chijm6tquru8djeran-pvwkiil0,toll_station,Trạm thu phí Sông Lũy,Trạm thu phí Sông Lũy,osm_placeholder_name,medium,matched OSM name is placeholder,Trạm thu phí Sông Lũy | OSM toll 10198616916 | Trạm Thu phí Sông Lũy | Trạm Thu phí Sông Lũy | Trạm thu phí Sông Lũy,Lâm Đồng,,11.203574,108.32627
vn-toll-gmaps-chijm6tquru8djeran-pvwkiil0,toll_station,Trạm thu phí Sông Lũy,Trạm thu phí Sông Lũy,source_name_conflict,medium,current name differs from OSM name: OSM toll 10198616916,Trạm thu phí Sông Lũy | OSM toll 10198616916 | Trạm Thu phí Sông Lũy | Trạm Thu phí Sông Lũy | Trạm thu phí Sông Lũy,Lâm Đồng,,11.203574,108.32627
vn-toll-gmaps-chijuyf92xusdderp1zo6r1ueqo,toll_station,Trạm thu phí Sông Phan,Trạm thu phí Sông Phan,osm_placeholder_name,medium,matched OSM name is placeholder,Trạm thu phí Sông Phan | OSM toll 1588276876 | Trạm Thu phí Sông Phan | Trạm Thu phí Sông Phan | Trạm thu phí Sông Phan | Trạm Thu phí Sông Phan | Trạm thu phí Sông Phan,Lâm Đồng,,10.875323,107.931343
vn-toll-gmaps-chijuyf92xusdderp1zo6r1ueqo,toll_station,Trạm thu phí Sông Phan,Trạm thu phí Sông Phan,source_name_conflict,medium,current name differs from OSM name: OSM toll 1588276876,Trạm thu phí Sông Phan | OSM toll 1588276876 | Trạm Thu phí Sông Phan | Trạm Thu phí Sông Phan | Trạm thu phí Sông Phan | Trạm Thu phí Sông Phan | Trạm thu phí Sông Phan,Lâm Đồng,,10.875323,107.931343
vn-toll-gmaps-chijh4ypgmglnterffp5cs-xi3k,toll_station,Trạm thu phí Số 1 - Quốc lộ 5,Trạm thu phí Số 1 - Quốc lộ 5,multiple_name_variants,medium,found 3 distinct candidate names,Trạm thu phí Số 1 - Quốc lộ 5 | Trạm thu phí số 1 | QL5 | Trạm Thu phí Số 1 - Quốc lộ 5 | Trạm Thu phí Số 1 - Quốc lộ 5 | Trạm thu phí Số 1 - Quốc lộ 5,Hưng Yên,QL5,20.949337,106.012557
final-ChIJ4dEMbuZ4SjERLJAkCqZ65Ac,toll_station,Trạm thu phí Số 2 - Quốc lộ 5,Trạm thu phí Số 2 - Quốc lộ 5,osm_placeholder_name,medium,matched OSM name is placeholder,Trạm thu phí Số 2 - Quốc lộ 5 | OSM toll 10185562123 | QL5 | TRẠM THU PHÍ QL 5 SỐ 2 ( TRẠM QUÁN TOAN) | Trạm Thu phí Số 2 - Quốc lộ 5 | Trạm thu phí Số 2 - Quốc lộ 5,Hải Phòng,QL5,20.9085704,106.5726339
final-ChIJ4dEMbuZ4SjERLJAkCqZ65Ac,toll_station,Trạm thu phí Số 2 - Quốc lộ 5,Trạm thu phí Số 2 - Quốc lộ 5,multiple_name_variants,medium,found 4 distinct candidate names,Trạm thu phí Số 2 - Quốc lộ 5 | OSM toll 10185562123 | QL5 | TRẠM THU PHÍ QL 5 SỐ 2 ( TRẠM QUÁN TOAN) | Trạm Thu phí Số 2 - Quốc lộ 5 | Trạm thu phí Số 2 - Quốc lộ 5,Hải Phòng,QL5,20.9085704,106.5726339
final-ChIJ4dEMbuZ4SjERLJAkCqZ65Ac,toll_station,Trạm thu phí Số 2 - Quốc lộ 5,Trạm thu phí Số 2 - Quốc lộ 5,source_name_conflict,medium,current name differs from OSM name: OSM toll 10185562123,Trạm thu phí Số 2 - Quốc lộ 5 | OSM toll 10185562123 | QL5 | TRẠM THU PHÍ QL 5 SỐ 2 ( TRẠM QUÁN TOAN) | Trạm Thu phí Số 2 - Quốc lộ 5 | Trạm thu phí Số 2 - Quốc lộ 5,Hải Phòng,QL5,20.9085704,106.5726339
vn-toll-gmaps-chijmzqjckncatervw-k6mqd6u8,toll_station,Trạm thu phí Tam Kỳ,Trạm thu phí Tam Kỳ,osm_placeholder_name,medium,matched OSM name is placeholder,Trạm thu phí Tam Kỳ | OSM toll 6860284192 | QL1A | Trạm Thu phí Tam Kỳ | Trạm Thu phí Tam Kỳ | TRẠM THU PHÍ TAM KỲ | Trạm Thu phí Tam Kỳ | Trạm thu phí Tam Kỳ,Đà Nẵng,QL1A,15.548535,108.518476
vn-toll-gmaps-chijmzqjckncatervw-k6mqd6u8,toll_station,Trạm thu phí Tam Kỳ,Trạm thu phí Tam Kỳ,multiple_name_variants,medium,found 3 distinct candidate names,Trạm thu phí Tam Kỳ | OSM toll 6860284192 | QL1A | Trạm Thu phí Tam Kỳ | Trạm Thu phí Tam Kỳ | TRẠM THU PHÍ TAM KỲ | Trạm Thu phí Tam Kỳ | Trạm thu phí Tam Kỳ,Đà Nẵng,QL1A,15.548535,108.518476
vn-toll-gmaps-chijmzqjckncatervw-k6mqd6u8,toll_station,Trạm thu phí Tam Kỳ,Trạm thu phí Tam Kỳ,source_name_conflict,medium,current name differs from OSM name: OSM toll 6860284192,Trạm thu phí Tam Kỳ | OSM toll 6860284192 | QL1A | Trạm Thu phí Tam Kỳ | Trạm Thu phí Tam Kỳ | TRẠM THU PHÍ TAM KỲ | Trạm Thu phí Tam Kỳ | Trạm thu phí Tam Kỳ,Đà Nẵng,QL1A,15.548535,108.518476
vn-toll-gmaps-chij3whjiascoderoc1smos1xbs,toll_station,Trạm thu phí TASCO Quảng Bình,Trạm thu phí TASCO Quảng Bình,osm_placeholder_name,medium,matched OSM name is placeholder,Trạm thu phí TASCO Quảng Bình | OSM toll 668714123 | Trạm Thu Phí TASCO Quảng Bình | Trạm Thu Phí TASCO Quảng Bình | TRẠM THU PHÍ TASCO QUẢNG BÌNH | Trạm Thu Phí TASCO Quảng Bình | Trạm thu phí TASCO Quảng Bình,Quảng Bình,,17.890216,106.450909
vn-toll-gmaps-chij3whjiascoderoc1smos1xbs,toll_station,Trạm thu phí TASCO Quảng Bình,Trạm thu phí TASCO Quảng Bình,source_name_conflict,medium,current name differs from OSM name: OSM toll 668714123,Trạm thu phí TASCO Quảng Bình | OSM toll 668714123 | Trạm Thu Phí TASCO Quảng Bình | Trạm Thu Phí TASCO Quảng Bình | TRẠM THU PHÍ TASCO QUẢNG BÌNH | Trạm Thu Phí TASCO Quảng Bình | Trạm thu phí TASCO Quảng Bình,Quảng Bình,,17.890216,106.450909
vn-toll-gmaps-chijj9dxbz8nntery-h6eafxdse,toll_station,Trạm thu phí Thái Nguyên - Chợ Mới,Trạm thu phí Thái Nguyên - Chợ Mới,osm_placeholder_name,medium,matched OSM name is placeholder,Trạm thu phí Thái Nguyên - Chợ Mới | OSM toll 10001978675 | Trạm Thu phí Thái Nguyên - Chợ Mới | Trạm Thu phí Thái Nguyên - Chợ Mới | Trạm thu phí Thái Nguyên - Chợ Mới,Thái Nguyên,,21.644094,105.785999
vn-toll-gmaps-chijj9dxbz8nntery-h6eafxdse,toll_station,Trạm thu phí Thái Nguyên - Chợ Mới,Trạm thu phí Thái Nguyên - Chợ Mới,source_name_conflict,medium,current name differs from OSM name: OSM toll 10001978675,Trạm thu phí Thái Nguyên - Chợ Mới | OSM toll 10001978675 | Trạm Thu phí Thái Nguyên - Chợ Mới | Trạm Thu phí Thái Nguyên - Chợ Mới | Trạm thu phí Thái Nguyên - Chợ Mới,Thái Nguyên,,21.644094,105.785999
vn-toll-gmaps-chijq6qqvpajnterc3bdyznisgo,toll_station,Trạm thu phí Tiên Cựu,Trạm thu phí Tiên Cựu,osm_placeholder_name,medium,matched OSM name is placeholder,Trạm thu phí Tiên Cựu | OSM toll 6864061670 | QL10 | Trạm Thu phí Tiên Cựu | Trạm Thu phí Tiên Cựu | TRẠM THU PHÍ TIÊN CỰU | Trạm Thu phí Tiên Cựu | Trạm thu phí Tiên Cựu,Hải Phòng,QL10,20.776437,106.507622
vn-toll-gmaps-chijq6qqvpajnterc3bdyznisgo,toll_station,Trạm thu phí Tiên Cựu,Trạm thu phí Tiên Cựu,multiple_name_variants,medium,found 3 distinct candidate names,Trạm thu phí Tiên Cựu | OSM toll 6864061670 | QL10 | Trạm Thu phí Tiên Cựu | Trạm Thu phí Tiên Cựu | TRẠM THU PHÍ TIÊN CỰU | Trạm Thu phí Tiên Cựu | Trạm thu phí Tiên Cựu,Hải Phòng,QL10,20.776437,106.507622
vn-toll-gmaps-chijq6qqvpajnterc3bdyznisgo,toll_station,Trạm thu phí Tiên Cựu,Trạm thu phí Tiên Cựu,source_name_conflict,medium,current name differs from OSM name: OSM toll 6864061670,Trạm thu phí Tiên Cựu | OSM toll 6864061670 | QL10 | Trạm Thu phí Tiên Cựu | Trạm Thu phí Tiên Cựu | TRẠM THU PHÍ TIÊN CỰU | Trạm Thu phí Tiên Cựu | Trạm thu phí Tiên Cựu,Hải Phòng,QL10,20.776437,106.507622
vn-toll-gmaps-chijoz7tsyhkdderuzx9tyaqzms,toll_station,Trạm thu phí Trảng Bom,Trạm thu phí Trảng Bom,multiple_name_variants,medium,found 3 distinct candidate names,Trạm thu phí Trảng Bom | Trạm thu phí Trảng Bom | QL1A | TRẠM THU PHÍ TRẢNG BOM- ĐỒNG NAI | Trạm Thu phí Trảng Bom | Trạm thu phí Trảng Bom,Đồng Nai,QL1A,10.945377,107.057444
vn-toll-gmaps-chij1umhywbvaderfo0oqudtkge,toll_station,Trạm thu phí Tư Nghĩa,Trạm thu phí Tư Nghĩa,osm_placeholder_name,medium,matched OSM name is placeholder,Trạm thu phí Tư Nghĩa | OSM toll 6860315448 | Trạm Thu phí Tư Nghĩa | Trạm Thu phí Tư Nghĩa | TRẠM THU PHÍ TƯ NGHĨA | Trạm Thu phí Tư Nghĩa | Trạm thu phí Tư Nghĩa,Quảng Ngãi,,15.063359,108.839193
vn-toll-gmaps-chij1umhywbvaderfo0oqudtkge,toll_station,Trạm thu phí Tư Nghĩa,Trạm thu phí Tư Nghĩa,source_name_conflict,medium,current name differs from OSM name: OSM toll 6860315448,Trạm thu phí Tư Nghĩa | OSM toll 6860315448 | Trạm Thu phí Tư Nghĩa | Trạm Thu phí Tư Nghĩa | TRẠM THU PHÍ TƯ NGHĨA | Trạm Thu phí Tư Nghĩa | Trạm thu phí Tư Nghĩa,Quảng Ngãi,,15.063359,108.839193
vn-toll-gmaps-chij180vwgctndertlpjgciqgh4,toll_station,Trạm thu phí Việt Trì (IC7),Trạm thu phí Việt Trì (IC7),multiple_name_variants,medium,found 3 distinct candidate names,Trạm thu phí Việt Trì (IC7) | Trạm thu phí Việt Trì | CT05 | Trạm thu phí Việt Trì (IC7),Phú Thọ,CT05,21.365264,105.380222
vn-toll-gmaps-chij3dxy82ftnderbrdtq0yxuy8,toll_station,Trạm thu phí Văn Quán (IC6),Trạm thu phí Văn Quán (IC6),osm_placeholder_name,medium,matched OSM name is placeholder,Trạm thu phí Văn Quán (IC6) | OSM toll 6554465773 | Trạm Thu phí Văn Quán (IC6) | Trạm Thu phí Văn Quán (IC6) | Trạm thu phí Văn Quán (IC6),Phú Thọ,,21.355073,105.463963
vn-toll-gmaps-chij3dxy82ftnderbrdtq0yxuy8,toll_station,Trạm thu phí Văn Quán (IC6),Trạm thu phí Văn Quán (IC6),source_name_conflict,medium,current name differs from OSM name: OSM toll 6554465773,Trạm thu phí Văn Quán (IC6) | OSM toll 6554465773 | Trạm Thu phí Văn Quán (IC6) | Trạm Thu phí Văn Quán (IC6) | Trạm thu phí Văn Quán (IC6),Phú Thọ,,21.355073,105.463963
vn-toll-gmaps-chijq32qgjhfnderqfmgxjirylu,toll_station,Trạm thu phí Xuân Mai - Hòa Bình,Trạm thu phí Xuân Mai - Hòa Bình,multiple_name_variants,medium,found 3 distinct candidate names,Trạm thu phí Xuân Mai - Hòa Bình | Trạm Thu Phí Lương Sơn | QL6 | Trạm thu phí Xuân Mai - Hòa Bình | Trạm thu phí Xuân Mai - Hòa Bình | Trạm thu phí Xuân Mai – Hòa Bình | Trạm thu phí Xuân Mai - Hòa Bình | Trạm thu phí Xuân Mai - Hòa Bình,Hòa Bình,QL6,20.870306,105.513575
vn-toll-gmaps-chijy0pvdki7nterxrsufrtk7-0,toll_station,Trạm thu phí Yên Mỹ,Trạm thu phí Yên Mỹ,osm_placeholder_name,medium,matched OSM name is placeholder,Trạm thu phí Yên Mỹ | OSM toll 4686546644 | Trạm Thu phí Yên Mỹ | Trạm Thu phí Yên Mỹ | Trạm Thu phí Yên Mỹ | Trạm Thu phí Yên Mỹ | Trạm thu phí Yên Mỹ,Hưng Yên,,20.850209,106.027549
vn-toll-gmaps-chijy0pvdki7nterxrsufrtk7-0,toll_station,Trạm thu phí Yên Mỹ,Trạm thu phí Yên Mỹ,source_name_conflict,medium,current name differs from OSM name: OSM toll 4686546644,Trạm thu phí Yên Mỹ | OSM toll 4686546644 | Trạm Thu phí Yên Mỹ | Trạm Thu phí Yên Mỹ | Trạm Thu phí Yên Mỹ | Trạm Thu phí Yên Mỹ | Trạm thu phí Yên Mỹ,Hưng Yên,,20.850209,106.027549
vn-toll-gmaps-chijizmkglgeoderl3wwuangeo8,toll_station,Trạm thu phí Ô Môn,Trạm thu phí Ô Môn,osm_placeholder_name,medium,matched OSM name is placeholder,Trạm thu phí Ô Môn | OSM toll 5003536551 | Trạm Thu phí Ô Môn | Trạm Thu phí Ô Môn | Trạm thu phí Ô Môn,Cần Thơ,,10.111717,105.648978
vn-toll-gmaps-chijizmkglgeoderl3wwuangeo8,toll_station,Trạm thu phí Ô Môn,Trạm thu phí Ô Môn,source_name_conflict,medium,current name differs from OSM name: OSM toll 5003536551,Trạm thu phí Ô Môn | OSM toll 5003536551 | Trạm Thu phí Ô Môn | Trạm Thu phí Ô Môn | Trạm thu phí Ô Môn,Cần Thơ,,10.111717,105.648978
vn-toll-gmaps-chijldpaqq0aqjermirp-ousmjs,toll_station,Trạm thu phí Điện Bàn,Trạm thu phí Điện Bàn,osm_placeholder_name,medium,matched OSM name is placeholder,Trạm thu phí Điện Bàn | OSM toll 5589299568 | Nhà đất Trạm Thu phí Điện Bàn | Nhà đất Trạm Thu phí Điện Bàn | Trạm thu phí Điện Bàn,Đà Nẵng,,15.930527,108.228712
vn-toll-gmaps-chijldpaqq0aqjermirp-ousmjs,toll_station,Trạm thu phí Điện Bàn,Trạm thu phí Điện Bàn,multiple_name_variants,medium,found 3 distinct candidate names,Trạm thu phí Điện Bàn | OSM toll 5589299568 | Nhà đất Trạm Thu phí Điện Bàn | Nhà đất Trạm Thu phí Điện Bàn | Trạm thu phí Điện Bàn,Đà Nẵng,,15.930527,108.228712
vn-toll-gmaps-chijldpaqq0aqjermirp-ousmjs,toll_station,Trạm thu phí Điện Bàn,Trạm thu phí Điện Bàn,source_name_conflict,medium,current name differs from OSM name: OSM toll 5589299568,Trạm thu phí Điện Bàn | OSM toll 5589299568 | Nhà đất Trạm Thu phí Điện Bàn | Nhà đất Trạm Thu phí Điện Bàn | Trạm thu phí Điện Bàn,Đà Nẵng,,15.930527,108.228712
vn-toll-clean-072,toll_station,Trạm thu phí ĐT741,Trạm thu phí ĐT741,multiple_name_variants,medium,found 3 distinct candidate names,Trạm thu phí ĐT741 | ĐT741 | TRẠM THU PHÍ DT741- BÌNH DƯƠNG | Trạm Thu Phí ĐT741 | Trạm thu phí ĐT741,Hồ Chí Minh,ĐT741,11.2218334,106.7252837
vn-toll-gmaps-chijw-epzqd3njeribu-dwg-pdu,toll_station,Trạm thu phí Đông Xuân,Trạm thu phí Đông Xuân,osm_placeholder_name,medium,matched OSM name is placeholder,Trạm thu phí Đông Xuân | OSM toll 1359071499 | Trạm thu phí Đông Xuân | Trạm thu phí Đông Xuân | Trạm thu phí Đông Xuân,Thanh Hóa,,19.827931,105.69233
vn-toll-gmaps-chijw-epzqd3njeribu-dwg-pdu,toll_station,Trạm thu phí Đông Xuân,Trạm thu phí Đông Xuân,source_name_conflict,medium,current name differs from OSM name: OSM toll 1359071499,Trạm thu phí Đông Xuân | OSM toll 1359071499 | Trạm thu phí Đông Xuân | Trạm thu phí Đông Xuân | Trạm thu phí Đông Xuân,Thanh Hóa,,19.827931,105.69233
vn-toll-gmaps-chijosjouw5nnderljgn046zgi4,toll_station,Trạm thu phí đường Hòa Lạc - Hòa Bình,Trạm thu phí đường Hòa Lạc - Hòa Bình,osm_road_name_as_object_name,medium,matched OSM name looks like road/direction name,Trạm thu phí đường Hòa Lạc - Hòa Bình | Đường cao tốc Hòa Lạc – Hòa Bình | Trạm thu phí đường Hòa Lạc - Hòa Bình,Hòa Bình,,20.965148,105.397958
vn-toll-gmaps-chijosjouw5nnderljgn046zgi4,toll_station,Trạm thu phí đường Hòa Lạc - Hòa Bình,Trạm thu phí đường Hòa Lạc - Hòa Bình,missing_road_context,low,road context appears in names but road field is empty,Trạm thu phí đường Hòa Lạc - Hòa Bình | Đường cao tốc Hòa Lạc – Hòa Bình | Trạm thu phí đường Hòa Lạc - Hòa Bình,Hòa Bình,,20.965148,105.397958
vn-toll-gmaps-chijg3byqa61czersgevsyvu4he,toll_station,Trạm thu phí Đắk Song,Trạm thu phí Đắk Song,multiple_name_variants,medium,found 3 distinct candidate names,Trạm thu phí Đắk Song | Trạm Thu Phí Đắk Song | QL14 | TRẠM THU PHÍ ĐẮC NÔNG | Trạm Thu phí Đắk Song | Trạm thu phí Đắk Song,Lâm Đồng,QL14,12.188389,107.637639
vn-toll-gmaps-chij-wvfyuvcter5tonghianj4,toll_station,Trạm thu phí Định An,Trạm thu phí Định An,osm_road_name_as_object_name,medium,matched OSM name looks like road/direction name,Trạm thu phí Định An | Đường cao tốc Liên Khương - Prenn | CT27 | Trạm thu phí Định An,Lâm Đồng,CT27,11.859578,108.457887
vn-toll-gmaps-chij-wvfyuvcter5tonghianj4,toll_station,Trạm thu phí Định An,Trạm thu phí Định An,multiple_name_variants,medium,found 3 distinct candidate names,Trạm thu phí Định An | Đường cao tốc Liên Khương - Prenn | CT27 | Trạm thu phí Định An,Lâm Đồng,CT27,11.859578,108.457887
vn-toll-gmaps-chij-wvfyuvcter5tonghianj4,toll_station,Trạm thu phí Định An,Trạm thu phí Định An,source_name_conflict,medium,current name differs from OSM name: Đường cao tốc Liên Khương - Prenn,Trạm thu phí Định An | Đường cao tốc Liên Khương - Prenn | CT27 | Trạm thu phí Định An,Lâm Đồng,CT27,11.859578,108.457887
vn-toll-results-a8c1640ca55f27,toll_station,Cầu treo thu phí,Cầu treo thu phí,missing_province_context,low,"province is missing, harder to standardize name",Cầu treo thu phí | Cầu treo thu phí,,,21.378121,105.913552
vn-toll-results-8912940a55179a,toll_station,Trạm Thu phí Bến Lức,Trạm Thu phí Bến Lức,missing_province_context,low,"province is missing, harder to standardize name",Trạm Thu phí Bến Lức | Trạm Thu phí Bến Lức,,,10.666701,106.457972
vn-toll-results-af81bbbd5539fa,toll_station,Trạm thu phí BOT Đường ven biển Thái Bình,Trạm thu phí BOT Đường ven biển Thái Bình,missing_province_context,low,"province is missing, harder to standardize name",Trạm thu phí BOT Đường ven biển Thái Bình | Trạm thu phí BOT Đường ven biển Thái Bình,,,20.301291,106.562304
vn-toll-results-739d8616d1be53,toll_station,Trạm thu phí Bình Chánh,Trạm thu phí Bình Chánh,missing_province_context,low,"province is missing, harder to standardize name",Trạm thu phí Bình Chánh | Trạm thu phí Bình Chánh,,,10.66154,106.560297
vn-toll-results-4f58e6be10a8dc,toll_station,Trạm thu phí Bình Hiệp,Trạm thu phí Bình Hiệp,missing_province_context,low,"province is missing, harder to standardize name",Trạm thu phí Bình Hiệp | Trạm thu phí Bình Hiệp,,,13.951063,109.007743
vn-toll-results-7e5e7fa4176995,toll_station,Trạm thu phí Chư Sê,Trạm thu phí Chư Sê,missing_province_context,low,"province is missing, harder to standardize name",Trạm thu phí Chư Sê | Trạm thu phí Chư Sê,,,13.874158,108.008176
vn-toll-results-38e15c8298ba28,toll_station,Trạm thu phí Chợ Bình Điền,Trạm thu phí Chợ Bình Điền,missing_province_context,low,"province is missing, harder to standardize name",Trạm thu phí Chợ Bình Điền | Trạm thu phí Chợ Bình Điền,,,10.699714,106.608864
vn-toll-results-51072ce4cf0518,toll_station,Trạm thu phí Cầu Gianh - Quảng Bình,Trạm thu phí Cầu Gianh - Quảng Bình,missing_province_context,low,"province is missing, harder to standardize name",Trạm thu phí Cầu Gianh - Quảng Bình | Trạm thu phí Cầu Gianh - Quảng Bình,,,17.747179,106.440918
vn-toll-results-3dba1c41016286,toll_station,Trạm thu phí Cầu Ông Bố,Trạm thu phí Cầu Ông Bố,missing_province_context,low,"province is missing, harder to standardize name",Trạm thu phí Cầu Ông Bố | Trạm thu phí Cầu Ông Bố,,,10.900781,106.714263
vn-toll-results-48f39937c30d08,toll_station,Trạm thu phí Hà Trung,Trạm thu phí Hà Trung,missing_province_context,low,"province is missing, harder to standardize name",Trạm thu phí Hà Trung | Trạm thu phí Hà Trung,,,20.083758,105.809491
vn-toll-results-dc1ebf3ae65637,toll_station,Trạm thu phí Nút Giao Ba Bàu,Trạm thu phí Nút Giao Ba Bàu,missing_province_context,low,"province is missing, harder to standardize name",Trạm thu phí Nút Giao Ba Bàu | Trạm thu phí Nút Giao Ba Bàu,,,10.932586,107.967996
vn-toll-results-b452ce137aea4d,toll_station,Trạm thu phí Nút Giao Ba Bàu,Trạm thu phí Nút Giao Ba Bàu,missing_province_context,low,"province is missing, harder to standardize name",Trạm thu phí Nút Giao Ba Bàu | Trạm thu phí Nút Giao Ba Bàu,,,10.934372,107.977045
vn-toll-results-41ca601e6c5f09,toll_station,Trạm thu phí Nút Giao TL765 Km 69+400,Trạm thu phí Nút Giao TL765 Km 69+400,missing_province_context,low,"province is missing, harder to standardize name",Trạm thu phí Nút Giao TL765 Km 69+400 | Trạm thu phí Nút Giao TL765 Km 69+400,,,10.88509,107.365801
vn-toll-results-69e1f994f650f1,toll_station,Trạm thu phí Phú Hài,Trạm thu phí Phú Hài,missing_province_context,low,"province is missing, harder to standardize name",Trạm thu phí Phú Hài | Trạm thu phí Phú Hài,,,10.94037,108.141791
vn-toll-results-05580e7545bfc7,toll_station,Trạm thu phí Quốc lộ 2,Trạm thu phí Quốc lộ 2,missing_province_context,low,"province is missing, harder to standardize name",Trạm thu phí Quốc lộ 2 | Trạm thu phí Quốc lộ 2,,,21.230577,105.693648
vn-toll-results-7d00ba5a038ceb,toll_station,Trạm thu phí Thị Trấn Vôi,Trạm thu phí Thị Trấn Vôi,missing_province_context,low,"province is missing, harder to standardize name",Trạm thu phí Thị Trấn Vôi | Trạm thu phí Thị Trấn Vôi,,,21.339235,106.270349
vn-toll-results-7c93585939dabb,toll_station,Trạm Thu Vé Thắng Cảnh Chùa Hương,Trạm Thu Vé Thắng Cảnh Chùa Hương,missing_province_context,low,"province is missing, harder to standardize name",Trạm Thu Vé Thắng Cảnh Chùa Hương | Trạm Thu Vé Thắng Cảnh Chùa Hương,,,20.620462,105.749682
vn-toll-results-c6169ba64724d7,toll_station,Trạm thu phí BOT Cầu Chà Là,Trạm thu phí BOT Cầu Chà Là,missing_province_context,low,"province is missing, harder to standardize name",Trạm thu phí BOT Cầu Chà Là | Trạm thu phí BOT Cầu Chà Là,,,8.954324,105.101025
vn-toll-results-369644b8378979,toll_station,Trạm thu phí BOT Cầu Hoà Trung,Trạm thu phí BOT Cầu Hoà Trung,missing_province_context,low,"province is missing, harder to standardize name",Trạm thu phí BOT Cầu Hoà Trung | Trạm thu phí BOT Cầu Hoà Trung,,,9.094715,105.153419
vn-toll-results-2548de6c7d62ae,toll_station,Trạm thu phí Bình Thung,Trạm thu phí Bình Thung,missing_province_context,low,"province is missing, harder to standardize name",Trạm thu phí Bình Thung | Trạm thu phí Bình Thung,,,10.907639,106.790988
vn-toll-results-740a234f764bbb,toll_station,Trạm thu phí Cai Lậy,Trạm thu phí Cai Lậy,missing_province_context,low,"province is missing, harder to standardize name",Trạm thu phí Cai Lậy | Trạm thu phí Cai Lậy,,,10.412132,106.164817
vn-toll-results-1c3e261351c189,toll_station,Trạm thu phí Cam Thịnh Đông,Trạm thu phí Cam Thịnh Đông,missing_province_context,low,"province is missing, harder to standardize name",Trạm thu phí Cam Thịnh Đông | Trạm thu phí Cam Thịnh Đông,,,11.880694,109.09664
vn-toll-results-99e95a3669a3f8,toll_station,Trạm thu phí Cao Bồ,Trạm thu phí Cao Bồ,missing_province_context,low,"province is missing, harder to standardize name",Trạm thu phí Cao Bồ | Trạm thu phí Cao Bồ,,,20.288189,106.012548
vn-toll-results-2494ccf7f28041,toll_station,Trạm thu phí Chơn Thành,Trạm thu phí Chơn Thành,missing_province_context,low,"province is missing, harder to standardize name",Trạm thu phí Chơn Thành | Trạm thu phí Chơn Thành,,,11.363849,106.62765
vn-toll-results-d29ed70a638d07,toll_station,Trạm thu phí Chợ Đệm,Trạm thu phí Chợ Đệm,missing_province_context,low,"province is missing, harder to standardize name",Trạm thu phí Chợ Đệm | Trạm thu phí Chợ Đệm,,,10.68161,106.557509
vn-toll-results-8ff6c50876e0b4,toll_station,Trạm thu phí Cầu 110,Trạm thu phí Cầu 110,missing_province_context,low,"province is missing, harder to standardize name",Trạm thu phí Cầu 110 | Trạm thu phí Cầu 110,,,13.413567,108.092846
vn-toll-results-2d89abdd48d147,toll_station,Trạm thu phí Cầu Cái Vừng,Trạm thu phí Cầu Cái Vừng,missing_province_context,low,"province is missing, harder to standardize name",Trạm thu phí Cầu Cái Vừng | Trạm thu phí Cầu Cái Vừng,,,10.743632,105.298343
vn-toll-results-01b795c3aac577,toll_station,Trạm thu phí Cầu Mỹ Lợi,Trạm thu phí Cầu Mỹ Lợi,missing_province_context,low,"province is missing, harder to standardize name",Trạm thu phí Cầu Mỹ Lợi | Trạm thu phí Cầu Mỹ Lợi,,,10.462812,106.644148
vn-toll-results-ca56e8b14241e6,toll_station,Trạm thu phí Cầu Phú Cường,Trạm thu phí Cầu Phú Cường,missing_province_context,low,"province is missing, harder to standardize name",Trạm thu phí Cầu Phú Cường | Trạm thu phí Cầu Phú Cường,,,10.983539,106.643176
vn-toll-results-6e730c62d2763e,toll_station,Trạm thu phí Cầu Qua Sông Cái Tàu,Trạm thu phí Cầu Qua Sông Cái Tàu,missing_province_context,low,"province is missing, harder to standardize name",Trạm thu phí Cầu Qua Sông Cái Tàu | Trạm thu phí Cầu Qua Sông Cái Tàu,,,9.314628,105.017323
vn-toll-results-28d3bc49a698e9,toll_station,Trạm thu phí Cầu Trần Văn Thời,Trạm thu phí Cầu Trần Văn Thời,missing_province_context,low,"province is missing, harder to standardize name",Trạm thu phí Cầu Trần Văn Thời | Trạm thu phí Cầu Trần Văn Thời,,,9.069026,104.967868
vn-toll-results-adcaa96d531180,toll_station,Trạm thu phí Cầu qua Sông Cái Tàu,Trạm thu phí Cầu qua Sông Cái Tàu,missing_province_context,low,"province is missing, harder to standardize name",Trạm thu phí Cầu qua Sông Cái Tàu | Trạm thu phí Cầu qua Sông Cái Tàu,,,9.438099,104.930935
vn-toll-results-c53dfe0022532c,toll_station,Trạm thu phí Cầu treo Tân Bằng,Trạm thu phí Cầu treo Tân Bằng,missing_province_context,low,"province is missing, harder to standardize name",Trạm thu phí Cầu treo Tân Bằng | Trạm thu phí Cầu treo Tân Bằng,,,9.460895,105.044275
vn-toll-results-56e61462afce7f,toll_station,Trạm thu phí Cầu Đình Bình Thủy,Trạm thu phí Cầu Đình Bình Thủy,missing_province_context,low,"province is missing, harder to standardize name",Trạm thu phí Cầu Đình Bình Thủy | Trạm thu phí Cầu Đình Bình Thủy,,,10.516136,105.321055
vn-toll-results-4af1a34590c361,toll_station,Trạm thu phí Cẩm Vân,Trạm thu phí Cẩm Vân,missing_province_context,low,"province is missing, harder to standardize name",Trạm thu phí Cẩm Vân | Trạm thu phí Cẩm Vân,,,20.107342,105.54336
vn-toll-results-8a1e5b19f33024,toll_station,Trạm thu phí Du Long,Trạm thu phí Du Long,missing_province_context,low,"province is missing, harder to standardize name",Trạm thu phí Du Long | Trạm thu phí Du Long,,,11.746694,109.056815
vn-toll-results-022c2d4e049418,toll_station,Trạm thu phí Gia Lộc,Trạm thu phí Gia Lộc,missing_province_context,low,"province is missing, harder to standardize name",Trạm thu phí Gia Lộc | Trạm thu phí Gia Lộc,,,20.856773,106.294329
vn-toll-results-de8a43dad059a1,toll_station,Trạm thu phí Hà Lam,Trạm thu phí Hà Lam,missing_province_context,low,"province is missing, harder to standardize name",Trạm thu phí Hà Lam | Trạm thu phí Hà Lam,,,15.710278,108.3354
vn-toll-results-a7826df3ecbebc,toll_station,Trạm thu phí IC Cẩm Y,Trạm thu phí IC Cẩm Y,missing_province_context,low,"province is missing, harder to standardize name",Trạm thu phí IC Cẩm Y | Trạm thu phí IC Cẩm Y,,,21.097299,107.353365
vn-toll-results-0c9c1042e1b704,toll_station,Trạm thu phí IC13,Trạm thu phí IC13,missing_province_context,low,"province is missing, harder to standardize name",Trạm thu phí IC13 | Trạm thu phí IC13,,,21.698947,104.841234
vn-toll-results-3f24069383f14c,toll_station,Trạm thu phí Km 133+770,Trạm thu phí Km 133+770,missing_province_context,low,"province is missing, harder to standardize name",Trạm thu phí Km 133+770 | Trạm thu phí Km 133+770,,,11.313348,108.724658
vn-toll-results-a521fbe8e35eee,toll_station,Trạm thu phí Km 430+500,Trạm thu phí Km 430+500,missing_province_context,low,"province is missing, harder to standardize name",Trạm thu phí Km 430+500 | Trạm thu phí Km 430+500,,,18.956451,105.561797
vn-toll-results-9dc19a42074b4a,toll_station,Trạm thu phí Km 49+550 Quốc lộ 19,Trạm thu phí Km 49+550 Quốc lộ 19,missing_province_context,low,"province is missing, harder to standardize name",Trạm thu phí Km 49+550 Quốc lộ 19 | Trạm thu phí Km 49+550 Quốc lộ 19,,,13.944457,108.857778
vn-toll-results-9fdb7bd62b601c,toll_station,Trạm thu phí Km 98+320,Trạm thu phí Km 98+320,missing_province_context,low,"province is missing, harder to standardize name",Trạm thu phí Km 98+320 | Trạm thu phí Km 98+320,,,10.335235,105.896793
vn-toll-results-f5b1c9ee7be221,toll_station,Trạm thu phí Mỹ Yên,Trạm thu phí Mỹ Yên,missing_province_context,low,"province is missing, harder to standardize name",Trạm thu phí Mỹ Yên | Trạm thu phí Mỹ Yên,,,10.669806,106.549196
vn-toll-results-266c1e08c589a2,toll_station,Trạm thu phí Nghi Phương,Trạm thu phí Nghi Phương,missing_province_context,low,"province is missing, harder to standardize name",Trạm thu phí Nghi Phương | Trạm thu phí Nghi Phương,,,18.823337,105.586381
vn-toll-results-fad32966cfa215,toll_station,Trạm thu phí Nguyễn Văn Linh,Trạm thu phí Nguyễn Văn Linh,missing_province_context,low,"province is missing, harder to standardize name",Trạm thu phí Nguyễn Văn Linh | Trạm thu phí Nguyễn Văn Linh,,,10.695588,106.615414
vn-toll-results-bb9426cc4e67e1,toll_station,Trạm thu phí Nguyễn Văn Linh,Trạm thu phí Nguyễn Văn Linh,missing_province_context,low,"province is missing, harder to standardize name",Trạm thu phí Nguyễn Văn Linh | Trạm thu phí Nguyễn Văn Linh,,,10.729191,106.695497
vn-toll-results-17fee3612cf4d5,toll_station,Trạm thu phí Ngã tư Gò Mây,Trạm thu phí Ngã tư Gò Mây,missing_province_context,low,"province is missing, harder to standardize name",Trạm thu phí Ngã tư Gò Mây | Trạm thu phí Ngã tư Gò Mây,,,10.816613,106.601444
vn-toll-results-de8a81843b9749,toll_station,Trạm thu phí Ninh Xuân,Trạm thu phí Ninh Xuân,missing_province_context,low,"province is missing, harder to standardize name",Trạm thu phí Ninh Xuân | Trạm thu phí Ninh Xuân,,,12.507261,109.068792
vn-toll-results-a300be367f4317,toll_station,Trạm thu phí Phan Rang,Trạm thu phí Phan Rang,missing_province_context,low,"province is missing, harder to standardize name",Trạm thu phí Phan Rang | Trạm thu phí Phan Rang,,,11.630338,108.895937
vn-toll-results-d2c3a2fa53e365,toll_station,Trạm thu phí Phố Lu (IC17),Trạm thu phí Phố Lu (IC17),missing_province_context,low,"province is missing, harder to standardize name",Trạm thu phí Phố Lu (IC17) | Trạm thu phí Phố Lu (IC17),,,22.315763,104.178686
vn-toll-results-87b32e88b6f14c,toll_station,Trạm thu phí Quốc lộ 51,Trạm thu phí Quốc lộ 51,missing_province_context,low,"province is missing, harder to standardize name",Trạm thu phí Quốc lộ 51 | Trạm thu phí Quốc lộ 51,,,10.765087,106.961871
vn-toll-results-1c40652edb303e,toll_station,Trạm thu phí Quốc lộ 8A,Trạm thu phí Quốc lộ 8A,missing_province_context,low,"province is missing, harder to standardize name",Trạm thu phí Quốc lộ 8A | Trạm thu phí Quốc lộ 8A,,,18.534196,105.657742
vn-toll-results-852b9a6b761f54,toll_station,Trạm thu phí Sai Nga (IC10),Trạm thu phí Sai Nga (IC10),missing_province_context,low,"province is missing, harder to standardize name",Trạm thu phí Sai Nga (IC10) | Trạm thu phí Sai Nga (IC10),,,21.438924,105.123438
vn-toll-results-cb934a0bf0ccfe,toll_station,Trạm thu phí Sân bay Buôn Ma Thuột,Trạm thu phí Sân bay Buôn Ma Thuột,missing_province_context,low,"province is missing, harder to standardize name",Trạm thu phí Sân bay Buôn Ma Thuột | Trạm thu phí Sân bay Buôn Ma Thuột,,,12.664256,108.114946
vn-toll-results-b3e81bf484735a,toll_station,Trạm thu phí Sân bay Chu Lai,Trạm thu phí Sân bay Chu Lai,missing_province_context,low,"province is missing, harder to standardize name",Trạm thu phí Sân bay Chu Lai | Trạm thu phí Sân bay Chu Lai,,,15.415423,108.703482
vn-toll-results-8da48e912d0c21,toll_station,Trạm thu phí Sân bay Cà Mau,Trạm thu phí Sân bay Cà Mau,missing_province_context,low,"province is missing, harder to standardize name",Trạm thu phí Sân bay Cà Mau | Trạm thu phí Sân bay Cà Mau,,,9.175154,105.175839
vn-toll-results-812f332fb6a582,toll_station,Trạm thu phí Sân bay Côn Đảo,Trạm thu phí Sân bay Côn Đảo,missing_province_context,low,"province is missing, harder to standardize name",Trạm thu phí Sân bay Côn Đảo | Trạm thu phí Sân bay Côn Đảo,,,8.730259,106.628381
vn-toll-results-e5947651734d79,toll_station,Trạm thu phí Sân bay Liên Khương,Trạm thu phí Sân bay Liên Khương,missing_province_context,low,"province is missing, harder to standardize name",Trạm thu phí Sân bay Liên Khương | Trạm thu phí Sân bay Liên Khương,,,11.746721,108.370191
vn-toll-results-5322ec51832366,toll_station,Trạm thu phí Sân bay Phù Cát,Trạm thu phí Sân bay Phù Cát,missing_province_context,low,"province is missing, harder to standardize name",Trạm thu phí Sân bay Phù Cát | Trạm thu phí Sân bay Phù Cát,,,13.953545,109.050349
vn-toll-results-9d556e8755f432,toll_station,Trạm thu phí Sân bay Phú Bài,Trạm thu phí Sân bay Phú Bài,missing_province_context,low,"province is missing, harder to standardize name",Trạm thu phí Sân bay Phú Bài | Trạm thu phí Sân bay Phú Bài,,,16.394408,107.698361
vn-toll-results-89f2f678011e91,toll_station,Trạm thu phí Sân bay Phú Quốc,Trạm thu phí Sân bay Phú Quốc,missing_province_context,low,"province is missing, harder to standardize name",Trạm thu phí Sân bay Phú Quốc | Trạm thu phí Sân bay Phú Quốc,,,10.159664,103.99769
vn-toll-results-f5cbe3fb32560c,toll_station,Trạm thu phí Sân bay Rạch Giá,Trạm thu phí Sân bay Rạch Giá,missing_province_context,low,"province is missing, harder to standardize name",Trạm thu phí Sân bay Rạch Giá | Trạm thu phí Sân bay Rạch Giá,,,9.960942,105.133597
vn-toll-results-227af1af3afdf1,toll_station,Trạm thu phí Sân bay Thọ Xuân,Trạm thu phí Sân bay Thọ Xuân,missing_province_context,low,"province is missing, harder to standardize name",Trạm thu phí Sân bay Thọ Xuân | Trạm thu phí Sân bay Thọ Xuân,,,19.892215,105.473591
vn-toll-results-87932c98aea4d2,toll_station,Trạm thu phí Sân bay Tuy Hoà,Trạm thu phí Sân bay Tuy Hoà,missing_province_context,low,"province is missing, harder to standardize name",Trạm thu phí Sân bay Tuy Hoà | Trạm thu phí Sân bay Tuy Hoà,,,13.05066,109.346302
vn-toll-results-939faa49c400d0,toll_station,Trạm thu phí Sân bay Đà Nẵng,Trạm thu phí Sân bay Đà Nẵng,missing_province_context,low,"province is missing, harder to standardize name",Trạm thu phí Sân bay Đà Nẵng | Trạm thu phí Sân bay Đà Nẵng,,,16.050873,108.206409
vn-toll-results-84e23a122c88c0,toll_station,Trạm thu phí Sân bay Đà Nẵng,Trạm thu phí Sân bay Đà Nẵng,missing_province_context,low,"province is missing, harder to standardize name",Trạm thu phí Sân bay Đà Nẵng | Trạm thu phí Sân bay Đà Nẵng,,,16.058042,108.20406
vn-toll-results-d1f02767544d7f,toll_station,Trạm thu phí Số 1 - ĐT768,Trạm thu phí Số 1 - ĐT768,missing_province_context,low,"province is missing, harder to standardize name",Trạm thu phí Số 1 - ĐT768 | Trạm thu phí Số 1 - ĐT768,,,10.972717,106.800761
vn-toll-results-7d8a668438a5d0,toll_station,Trạm thu phí Số 2 - ĐT747A Km 1+670,Trạm thu phí Số 2 - ĐT747A Km 1+670,missing_province_context,low,"province is missing, harder to standardize name",Trạm thu phí Số 2 - ĐT747A Km 1+670 | Trạm thu phí Số 2 - ĐT747A Km 1+670,,,10.974075,106.771396
vn-toll-results-1c57136a69c8e5,toll_station,Trạm thu phí Số 2A - ĐT768,Trạm thu phí Số 2A - ĐT768,missing_province_context,low,"province is missing, harder to standardize name",Trạm thu phí Số 2A - ĐT768 | Trạm thu phí Số 2A - ĐT768,,,10.980267,106.847811
vn-toll-results-6e4533b3acd003,toll_station,Trạm thu phí Số 3 - ĐT 747A Km 9+120,Trạm thu phí Số 3 - ĐT 747A Km 9+120,missing_province_context,low,"province is missing, harder to standardize name",Trạm thu phí Số 3 - ĐT 747A Km 9+120 | Trạm thu phí Số 3 - ĐT 747A Km 9+120,,,11.028277,106.777486
vn-toll-results-118a315fd99ba0,toll_station,Trạm thu phí Số 3A - ĐT768,Trạm thu phí Số 3A - ĐT768,missing_province_context,low,"province is missing, harder to standardize name",Trạm thu phí Số 3A - ĐT768 | Trạm thu phí Số 3A - ĐT768,,,11.028268,106.913057
vn-toll-results-4d20271e734d74,toll_station,Trạm thu phí Số 3B - ĐT768,Trạm thu phí Số 3B - ĐT768,missing_province_context,low,"province is missing, harder to standardize name",Trạm thu phí Số 3B - ĐT768 | Trạm thu phí Số 3B - ĐT768,,,11.023644,106.899633
vn-toll-results-17bd13a8f54c64,toll_station,Trạm thu phí Tam Đảo (IC4),Trạm thu phí Tam Đảo (IC4),missing_province_context,low,"province is missing, harder to standardize name",Trạm thu phí Tam Đảo (IC4) | Trạm thu phí Tam Đảo (IC4),,,21.357265,105.606161
vn-toll-results-386eef74a7fe33,toll_station,Trạm thu phí Thân Cửu Nghĩa - Chốt CA kiểm tra,Trạm thu phí Thân Cửu Nghĩa - Chốt CA kiểm tra,missing_province_context,low,"province is missing, harder to standardize name",Trạm thu phí Thân Cửu Nghĩa - Chốt CA kiểm tra | Trạm thu phí Thân Cửu Nghĩa - Chốt CA kiểm tra,,,10.435296,106.295124
vn-toll-results-1a88faa5c34efa,toll_station,Trạm thu phí Thường Tín,Trạm thu phí Thường Tín,missing_province_context,low,"province is missing, harder to standardize name",Trạm thu phí Thường Tín | Trạm thu phí Thường Tín,,,20.87189,105.877504
vn-toll-results-832551acb9094e,toll_station,Trạm thu phí Toàn Mỹ 14 (Km 1807+500),Trạm thu phí Toàn Mỹ 14 (Km 1807+500),missing_province_context,low,"province is missing, harder to standardize name",Trạm thu phí Toàn Mỹ 14 (Km 1807+500) | Trạm thu phí Toàn Mỹ 14 (Km 1807+500),,,12.561158,107.822379
vn-toll-results-43cd4ceb51a555,toll_station,Trạm thu phí Văn Bàn (IC16),Trạm thu phí Văn Bàn (IC16),missing_province_context,low,"province is missing, harder to standardize name",Trạm thu phí Văn Bàn (IC16) | Trạm thu phí Văn Bàn (IC16),,,22.152732,104.343695
vn-toll-results-bb234595df3e9c,toll_station,Trạm thu phí Xa Lộ Hà Nội,Trạm thu phí Xa Lộ Hà Nội,missing_province_context,low,"province is missing, harder to standardize name",Trạm thu phí Xa Lộ Hà Nội | Trạm thu phí Xa Lộ Hà Nội,,,10.81902,106.757905
vn-toll-results-b2d41027212383,toll_station,Trạm thu phí Xa lộ Hà Nội,Trạm thu phí Xa lộ Hà Nội,missing_province_context,low,"province is missing, harder to standardize name",Trạm thu phí Xa lộ Hà Nội | Trạm thu phí Xa lộ Hà Nội,,,10.823889,106.759614
vn-toll-results-bb6920af6c9fa1,toll_station,Trạm thu phí Xuân Giao (IC18),Trạm thu phí Xuân Giao (IC18),missing_province_context,low,"province is missing, harder to standardize name",Trạm thu phí Xuân Giao (IC18) | Trạm thu phí Xuân Giao (IC18),,,22.343404,104.106081
vn-toll-results-e3b23ff691ff97,toll_station,Trạm thu phí Yên Bái (IC12),Trạm thu phí Yên Bái (IC12),missing_province_context,low,"province is missing, harder to standardize name",Trạm thu phí Yên Bái (IC12) | Trạm thu phí Yên Bái (IC12),,,21.648031,104.891031
vn-toll-results-4427bf100242b5,toll_station,Trạm thu phí Đường cao tốc Phan Thiết - Dầu Giây,Trạm thu phí Đường cao tốc Phan Thiết - Dầu Giây,missing_province_context,low,"province is missing, harder to standardize name",Trạm thu phí Đường cao tốc Phan Thiết - Dầu Giây | Trạm thu phí Đường cao tốc Phan Thiết - Dầu Giây,,,10.838926,107.147478
vn-toll-results-4427bf100242b5,toll_station,Trạm thu phí Đường cao tốc Phan Thiết - Dầu Giây,Trạm thu phí Đường cao tốc Phan Thiết - Dầu Giây,missing_road_context,low,road context appears in names but road field is empty,Trạm thu phí Đường cao tốc Phan Thiết - Dầu Giây | Trạm thu phí Đường cao tốc Phan Thiết - Dầu Giây,,,10.838926,107.147478
vn-toll-results-e9bcdc9b6ca90e,toll_station,Trạm thu phí Đường M1,Trạm thu phí Đường M1,missing_province_context,low,"province is missing, harder to standardize name",Trạm thu phí Đường M1 | Trạm thu phí Đường M1,,,10.824753,106.603516
vn-toll-results-77e47d2d58be12,toll_station,Trạm thu phí Đường Tân Kỳ Tân Quý,Trạm thu phí Đường Tân Kỳ Tân Quý,missing_province_context,low,"province is missing, harder to standardize name",Trạm thu phí Đường Tân Kỳ Tân Quý | Trạm thu phí Đường Tân Kỳ Tân Quý,,,10.789745,106.595885
vn-toll-results-76d3e5c63fb60c,toll_station,Trạm thu phí Đường số 7,Trạm thu phí Đường số 7,missing_province_context,low,"province is missing, harder to standardize name",Trạm thu phí Đường số 7 | Trạm thu phí Đường số 7,,,10.82501,106.602115
vn-toll-results-292365965dc6de,toll_station,Trạm thu phí Đại Xuyên 2,Trạm thu phí Đại Xuyên 2,missing_province_context,low,"province is missing, harder to standardize name",Trạm thu phí Đại Xuyên 2 | Trạm thu phí Đại Xuyên 2,,,20.70211,105.912933
vn-toll-results-bbbbbeef41c550,toll_station,Trạm phát vé lối vào ga nội địa sân bay Nội Bài,Trạm phát vé lối vào ga nội địa sân bay Nội Bài,missing_province_context,low,"province is missing, harder to standardize name",Trạm phát vé lối vào ga nội địa sân bay Nội Bài | Trạm phát vé lối vào ga nội địa sân bay Nội Bài,,,21.213758,105.801742
vn-toll-results-f4ed6158c3a30d,toll_station,Trạm thu phí Tân An,Trạm thu phí́ Tân An,missing_province_context,low,"province is missing, harder to standardize name",Trạm thu phí Tân An | Trạm thu phí Tân An,,,10.547452,106.372365
vn-toll-results-c17a2376b0cb89,toll_station,Trạm thu phí 319 KCN CNC Long Thành,Trạm thu phí 319 KCN CNC Long Thành,missing_province_context,low,"province is missing, harder to standardize name",Trạm thu phí 319 KCN CNC Long Thành | Trạm thu phí 319 KCN CNC Long Thành,,,10.776661,106.92935
vn-toll-results-d7533fd75a68cf,toll_station,Trạm thu phí 4,Trạm thu phí 4,missing_province_context,low,"province is missing, harder to standardize name",Trạm thu phí 4 | Trạm thu phí 4,,,10.660946,106.723442
vn-toll-results-fbc3025936ef80,toll_station,Trạm thu phí 5,Trạm thu phí 5,missing_province_context,low,"province is missing, harder to standardize name",Trạm thu phí 5 | Trạm thu phí 5,,,10.653937,106.938063
vn-toll-results-e2c61b4e755938,toll_station,Trạm thu phí 6,Trạm thu phí 6,missing_province_context,low,"province is missing, harder to standardize name",Trạm thu phí 6 | Trạm thu phí 6,,,10.663812,106.971937
vn-toll-results-bded8a9f2a57c8,toll_station,Trạm thu phí An Lạc,Trạm thu phí An Lạc,missing_province_context,low,"province is missing, harder to standardize name",Trạm thu phí An Lạc | Trạm thu phí An Lạc,,,10.730745,106.610549
vn-toll-results-6ff2252e49786b,toll_station,Trạm thu phí BOT,Trạm thu phí BOT,missing_province_context,low,"province is missing, harder to standardize name",Trạm thu phí BOT | Trạm thu phí BOT,,,18.706686,105.613888
vn-toll-results-3a563783bca3f4,toll_station,Trạm thu phí Bình Chánh,Trạm thu phí Bình Chánh,missing_province_context,low,"province is missing, harder to standardize name",Trạm thu phí Bình Chánh | Trạm thu phí Bình Chánh,,,10.661281,106.55914
vn-toll-results-f0dbe8703fe60a,toll_station,Trạm thu phí Bắc Bỉm Sơn,Trạm thu phí Bắc Bỉm Sơn,missing_province_context,low,"province is missing, harder to standardize name",Trạm thu phí Bắc Bỉm Sơn | Trạm thu phí Bắc Bỉm Sơn,,,20.124809,105.851581
vn-toll-results-f54373378a0b16,toll_station,Trạm thu phí Cầu Giẽ - Ninh Bình Cao Bồ,Trạm thu phí Cầu Giẽ - Ninh Bình Cao Bồ,missing_province_context,low,"province is missing, harder to standardize name",Trạm thu phí Cầu Giẽ - Ninh Bình Cao Bồ | Trạm thu phí Cầu Giẽ - Ninh Bình Cao Bồ,,,20.28872,106.014311
vn-toll-results-951e281d14350c,toll_station,Trạm thu phí Cầu Mỹ Luông,Trạm thu phí Cầu Mỹ Luông,missing_province_context,low,"province is missing, harder to standardize name",Trạm thu phí Cầu Mỹ Luông | Trạm thu phí Cầu Mỹ Luông,,,10.502437,105.494554
vn-toll-results-48248f4a436b06,toll_station,Trạm thu phí IC14,Trạm thu phí IC14,missing_province_context,low,"province is missing, harder to standardize name",Trạm thu phí IC14 | Trạm thu phí IC14,,,21.878211,104.675454
vn-toll-results-4b51c698d91be4,toll_station,Trạm thu phí IC4,Trạm thu phí IC4,missing_province_context,low,"province is missing, harder to standardize name",Trạm thu phí IC4 | Trạm thu phí IC4,,,21.35819,105.605608
vn-toll-results-df25b7187cd049,toll_station,Trạm thu phí KCN HANSSIP,Trạm thu phí KCN HANSSIP,missing_province_context,low,"province is missing, harder to standardize name",Trạm thu phí KCN HANSSIP | Trạm thu phí KCN HANSSIP,,,20.707464,105.917503
vn-toll-results-b81e9e3b43b716,toll_station,Trạm thu phí Liêm Tuyền,Trạm thu phí Liêm Tuyền,missing_province_context,low,"province is missing, harder to standardize name",Trạm thu phí Liêm Tuyền | Trạm thu phí Liêm Tuyền,,,20.539974,105.948268
vn-toll-results-67a6e410a10e41,toll_station,Trạm thu phí Liêm Tuyền (Hà Nội ra Phủ Lý),Trạm thu phí Liêm Tuyền (Hà Nội ra Phủ Lý),missing_province_context,low,"province is missing, harder to standardize name",Trạm thu phí Liêm Tuyền (Hà Nội ra Phủ Lý) | Trạm thu phí Liêm Tuyền (Hà Nội ra Phủ Lý),,,20.540081,105.947552
vn-toll-results-16c530e1f92491,toll_station,Trạm thu phí Liêm Tuyền (Lối vào đi nam),Trạm thu phí Liêm Tuyền (Lối vào đi nam),missing_province_context,low,"province is missing, harder to standardize name",Trạm thu phí Liêm Tuyền (Lối vào đi nam) | Trạm thu phí Liêm Tuyền (Lối vào đi nam),,,20.538149,105.947656
vn-toll-results-cf024083593b52,toll_station,Trạm thu phí Long Thới,Trạm thu phí Long Thới,missing_province_context,low,"province is missing, harder to standardize name",Trạm thu phí Long Thới | Trạm thu phí Long Thới,,,10.660347,106.726839
vn-toll-results-fe4d3c24e951ab,toll_station,Trạm thu phí Long Trường,Trạm thu phí Long Trường,missing_province_context,low,"province is missing, harder to standardize name",Trạm thu phí Long Trường | Trạm thu phí Long Trường,,,10.786715,106.830901
vn-toll-results-a77105c244cb59,toll_station,Trạm thu phí Nút giao Cẩm Mỹ,Trạm thu phí Nút giao Cẩm Mỹ,missing_province_context,low,"province is missing, harder to standardize name",Trạm thu phí Nút giao Cẩm Mỹ | Trạm thu phí Nút giao Cẩm Mỹ,,,10.859563,107.235763
vn-toll-results-1c45c3fd6f4111,toll_station,Trạm thu phí Nút giao Xuân Lộc,Trạm thu phí Nút giao Xuân Lộc,missing_province_context,low,"province is missing, harder to standardize name",Trạm thu phí Nút giao Xuân Lộc | Trạm thu phí Nút giao Xuân Lộc,,,10.896345,107.421286
vn-toll-results-c52faf9b348b92,toll_station,Trạm thu phí Phan Rang,Trạm thu phí Phan Rang,missing_province_context,low,"province is missing, harder to standardize name",Trạm thu phí Phan Rang | Trạm thu phí Phan Rang,,,11.627912,108.898875
vn-toll-results-70c775f8a4e694,toll_station,Trạm thu phí Phú Hữu,Trạm thu phí Phú Hữu,missing_province_context,low,"province is missing, harder to standardize name",Trạm thu phí Phú Hữu | Trạm thu phí Phú Hữu,,,10.791609,106.80744
vn-toll-results-44baec63600db9,toll_station,Trạm thu phí Quốc lộ 14 - BP,Trạm thu phí Quốc lộ 14 - BP,missing_province_context,low,"province is missing, harder to standardize name",Trạm thu phí Quốc lộ 14 - BP | Trạm thu phí Quốc lộ 14 - BP,,,11.564076,106.953961
vn-toll-results-4e016e7a8a920c,toll_station,Trạm thu phí Quốc lộ 1A,Trạm thu phí Quốc lộ 1A,missing_province_context,low,"province is missing, harder to standardize name",Trạm thu phí Quốc lộ 1A | Trạm thu phí Quốc lộ 1A,,,21.094946,105.964594
vn-toll-results-e34a65c079e78f,toll_station,Trạm thu phí Quốc lộ 1A,Trạm thu phí Quốc lộ 1A,missing_province_context,low,"province is missing, harder to standardize name",Trạm thu phí Quốc lộ 1A | Trạm thu phí Quốc lộ 1A,,,10.903162,106.844208
vn-toll-results-3daee83ecd2a3e,toll_station,Trạm thu phí Quốc Lộ,Trạm thu phí Quốc Lộ,missing_province_context,low,"province is missing, harder to standardize name",Trạm thu phí Quốc Lộ | Trạm thu phí Quốc Lộ,,,21.457198,106.295906
vn-toll-results-fa75fee205f2ec,toll_station,Trạm thu phí Tống Sơn (Hà Lĩnh cũ),Trạm thu phí Tống Sơn (Hà Lĩnh cũ),missing_province_context,low,"province is missing, harder to standardize name",Trạm thu phí Tống Sơn (Hà Lĩnh cũ) | Trạm thu phí Tống Sơn (Hà Lĩnh cũ),,,20.000406,105.770482
vn-toll-results-0e3b2adaf70013,toll_station,Trạm thu phí Vĩnh Hảo,Trạm thu phí Vĩnh Hảo,missing_province_context,low,"province is missing, harder to standardize name",Trạm thu phí Vĩnh Hảo | Trạm thu phí Vĩnh Hảo,,,11.304399,108.725077
vn-toll-results-6783d7fc7181dc,toll_station,Trạm thu phí cầu Nguyễn Huệ,Trạm thu phí cầu Nguyễn Huệ,missing_province_context,low,"province is missing, harder to standardize name",Trạm thu phí cầu Nguyễn Huệ | Trạm thu phí cầu Nguyễn Huệ,,,10.2664,105.874324
vn-toll-results-3fe3affe0cc9b6,toll_station,Trạm thu phí cầu Thanh Mỹ,Trạm thu phí cầu Thanh Mỹ,missing_province_context,low,"province is missing, harder to standardize name",Trạm thu phí cầu Thanh Mỹ | Trạm thu phí cầu Thanh Mỹ,,,10.408434,105.859615
vn-toll-results-e676b2fb54426d,toll_station,Trạm thu phí cầu treo Huống,Trạm thu phí cầu treo Huống,missing_province_context,low,"province is missing, harder to standardize name",Trạm thu phí cầu treo Huống | Trạm thu phí cầu treo Huống,,,21.583927,105.865876
vn-toll-results-77badfc41b20d1,toll_station,Trạm thu phí cầu Đồng Nai,Trạm thu phí cầu Đồng Nai,missing_province_context,low,"province is missing, harder to standardize name",Trạm thu phí cầu Đồng Nai | Trạm thu phí cầu Đồng Nai,,,10.902997,106.843788
vn-toll-results-902e161ae6a10c,toll_station,Trạm thu phí nút giao ĐT.634,Trạm thu phí nút giao ĐT.634,missing_province_context,low,"province is missing, harder to standardize name",Trạm thu phí nút giao ĐT.634 | Trạm thu phí nút giao ĐT.634,,,14.043348,109.027487
vn-toll-results-50257b7477bc9a,toll_station,Trạm thu phí số 03,Trạm thu phí số 03,missing_province_context,low,"province is missing, harder to standardize name",Trạm thu phí số 03 | Trạm thu phí số 03,,,10.660289,106.654482
vn-toll-results-7c4a93dd56bb9f,toll_station,Trạm thu phí số 3,Trạm thu phí số 3,missing_province_context,low,"province is missing, harder to standardize name",Trạm thu phí số 3 | Trạm thu phí số 3,,,11.031479,106.7755
vn-toll-results-329cb8981a939e,toll_station,Trạm thu phí tuyến tránh TX Cai Lậy,Trạm thu phí tuyến tránh TX Cai Lậy,missing_province_context,low,"province is missing, harder to standardize name",Trạm thu phí tuyến tránh TX Cai Lậy | Trạm thu phí tuyến tránh TX Cai Lậy,,,10.393306,106.143552
vn-toll-results-6539ebfe9288e9,toll_station,Trạm thu phí Đèo Ngang,Trạm thu phí Đèo Ngang,missing_province_context,low,"province is missing, harder to standardize name",Trạm thu phí Đèo Ngang | Trạm thu phí Đèo Ngang,,,17.939489,106.477189
vn-toll-results-70491e7c25f059,toll_station,Trạm thu phí Đường chuyên dùng vận chuyển VLXD Phước Tân (Trạm Phước Tân),Trạm thu phí Đường chuyên dùng vận chuyển VLXD Phước Tân (Trạm Phước Tân),missing_province_context,low,"province is missing, harder to standardize name",Trạm thu phí Đường chuyên dùng vận chuyển VLXD Phước Tân (Trạm Phước Tân) | Trạm thu phí Đường chuyên dùng vận chuyển VLXD Phước Tân (Trạm Phước Tân),,,10.879647,106.911861
vn-toll-results-c86839a8da086c,toll_station,Trạm thu phí Đồng Giao,Trạm thu phí Đồng Giao,missing_province_context,low,"province is missing, harder to standardize name",Trạm thu phí Đồng Giao | Trạm thu phí Đồng Giao,,,20.169081,105.870207
vn-toll-results-60cc0884d97283,toll_station,Trạm thu phí đường bộ số 1 DT743,Trạm thu phí đường bộ số 1 DT743,missing_province_context,low,"province is missing, harder to standardize name",Trạm thu phí đường bộ số 1 DT743 | Trạm thu phí đường bộ số 1 DT743,,,10.977884,106.744844
vn-toll-results-3a4913bba49761,toll_station,plaza toll tam ky,plaza toll tam ky,missing_province_context,low,"province is missing, harder to standardize name",plaza toll tam ky | plaza toll tam ky,,,15.538297,108.453753
vn-toll-results-0809040f917db9,toll_station,Điểm Thu Phí Bến Hải,Điểm Thu Phí Bến Hải,missing_province_context,low,"province is missing, harder to standardize name",Điểm Thu Phí Bến Hải | Điểm Thu Phí Bến Hải,,,10.384581,107.064495
vn-toll-results-18d929834244af,toll_station,Trạm thu phí,Trạm thu phí,generic_name,high,current name is too generic,Trạm thu phí | Trạm thu phí,,,10.888675,106.700936
vn-toll-results-18d929834244af,toll_station,Trạm thu phí,Trạm thu phí,missing_province_context,low,"province is missing, harder to standardize name",Trạm thu phí | Trạm thu phí,,,10.888675,106.700936
vn-toll-results-389322d4f5b691,toll_station,Trạm thu phí,Trạm thu phí,generic_name,high,current name is too generic,Trạm thu phí | Trạm thu phí,,,10.430492,106.316667
vn-toll-results-389322d4f5b691,toll_station,Trạm thu phí,Trạm thu phí,missing_province_context,low,"province is missing, harder to standardize name",Trạm thu phí | Trạm thu phí,,,10.430492,106.316667
