object_id,object_type,current_name,suggested_name,suggested_action,issue_types,province,road,lat,lon
vn-toll-gmaps-chiju33vcouzdterplbzmsffqdo,toll_station,Trạm thu phí 319 HLD,Trạm thu phí 319 HLD,keep,osm_placeholder_name;multiple_name_variants;source_name_conflict,Đồng Nai,,10.768771,106.92285
vn-toll-gmaps-chij29z21fwxbzersldvctwexyc,toll_station,Trạm thu phí An Dân,Trạm thu phí An Dân,keep,multiple_name_variants,Đắk Lắk,QL1A,13.3493,109.208309
vn-toll-clean-089,toll_station,Trạm thu phí An Hiệp,Trạm thu phí An Hiệp,keep,,Cần Thơ,,9.6596264,105.9312819
vn-toll-gmaps-chijzau1-ogfcjer9vtfj6wdmti,toll_station,Trạm thu phí An Hữu - cao tốc Mỹ Thuận - Cần Thơ,Trạm thu phí An Hữu - cao tốc Mỹ Thuận - Cần Thơ,keep,multiple_name_variants,Đồng Tháp,Cao Tốc 8V8P,10.317215,105.885382
vn-toll-gmaps-chijuy91ddkjnterofqatacxwy8,toll_station,Trạm thu phí An Lão,Trạm thu phí An Lão,keep,,Hải Phòng,,20.799313,106.523135
vn-toll-clean-077,toll_station,Trạm thu phí An Sương - An Lạc,Trạm thu phí An Sương - An Lạc,keep,,Hồ Chí Minh,QL1A,10.7949827,106.5966321
vn-toll-gmaps-chijx-yktrabszerdy-sngzpn-c,toll_station,Trạm thu phí BOT Biên Cương,Trạm thu phí BOT Biên Cương,keep,,Quảng Ninh,,21.009102,107.354951
vn-toll-gmaps-chijs7u-3i-jcternihgdqa3bji,toll_station,Trạm thu phí BOT Quang Đức Quốc lộ 14,Trạm thu phí BOT Quang Đức Quốc lộ 14,keep,osm_placeholder_name;multiple_name_variants;source_name_conflict,Đắk Lắk,QL14,12.830902,108.248057
vn-toll-clean-046,toll_station,Trạm thu phí BOT Thanh Nê,Trạm thu phí BOT Thanh Nê,keep,,Hưng Yên,,20.3915191,106.4301286
vn-toll-gmaps-chijcvemggcxnterpqgmbpxjwbc,toll_station,Trạm thu phí Bình Giang,Trạm thu phí Bình Giang,keep,osm_placeholder_name;source_name_conflict,Hải Phòng,,20.850998,106.202547
vn-toll-gmaps-chijg7oddgr7nderqntflucdusi,toll_station,Trạm thu phí Bình Xuyên (IC3),Trạm thu phí Bình Xuyên (IC3),keep,,Phú Thọ,,21.279366,105.669267
vn-toll-clean-082,toll_station,Trạm thu phí Bù Nho,Trạm thu phí Bù Nho,keep,,Đồng Nai,ĐT741,11.7275712,106.8751126
vn-toll-gmaps-chijz0jdhhggoteru0rs7axzots,toll_station,Trạm thu phí Bạc Liêu,Trạm thu phí Bạc Liêu,keep,,Cà Mau,,9.374352,105.712277
vn-toll-gmaps-chijiredpchpaderzawuyfy43mo,toll_station,Trạm thu phí Bắc Bình Định,Trạm thu phí Bắc Bình Định,keep,,Bình Định,,14.397124,109.017843
vn-toll-gmaps-chijjz33lwwtaterpqndaejlzy4,toll_station,Trạm thu phí Bắc Quảng Ngãi,Trạm thu phí Bắc Quảng Ngãi,keep,,Quảng Ngãi,,15.15787,108.751739
vn-toll-gmaps-chijbqk091h9nder80iyuxu9ckq,toll_station,Trạm thu phí Bắc Thăng Long - Nội Bài,Trạm thu phí Bắc Thăng Long - Nội Bài,keep,osm_road_name_as_object_name;source_name_conflict,Hà Nội,,21.203178,105.77953
vn-toll-gmaps-chijn4fa8utmcjerr8zi6wu9oiu,toll_station,Trạm thu phí Bến Lức,Trạm thu phí Bến Lức,keep,osm_road_name_as_object_name;source_name_conflict;missing_road_context,Tây Ninh,,10.656005,106.473537
vn-toll-gmaps-chijny0tnjdmoterqgz5mdb3vqu,toll_station,Trạm thu phí Bến Thủy,Trạm thu phí Bến Thủy,keep,,Nghệ An,,18.648611,105.704591
vn-toll-clean-080,toll_station,Trạm thu phí Cai Chanh,Trạm thu phí Cai Chanh,keep,,Lâm Đồng,,11.9121874,107.3905139
vn-toll-gmaps-chij2q5hfmqqcjervjb8vivxgqm,toll_station,Trạm thu phí Cai Lậy,Trạm thu phí Cai Lậy,keep,,Đồng Tháp,,10.410112,106.060544
vn-toll-clean-071,toll_station,Trạm thu phí Cam Lâm,Trạm thu phí Cam Lâm,keep,,Khánh Hòa,,12.057288,109.1246321
vn-toll-clean-007,toll_station,Trạm thu phí Cam Thịnh,Trạm thu phí Cam Thịnh,keep,,Khánh Hòa,,11.8724221,109.1085221
final-ChIJ-cUWDQN3NjERssQ2fMiAUBw,toll_station,Trạm thu phí Cao Bồ,Trạm thu phí Cao Bồ,keep,osm_road_name_as_object_name;source_name_conflict;missing_province_context;missing_road_context,,,20.1664286,105.8628399
vn-toll-clean-095,toll_station,Trạm thu phí cao tốc bến lức - Long Thành (quốc lộ 51),Trạm thu phí cao tốc bến lức - Long Thành (quốc lộ 51),keep,,Đồng Nai,quốc lộ 51,10.6755667,107.0197492
vn-toll-gmaps-chijsdfrx9pxsjershfnq83hhau,toll_station,Trạm thu phí cao tốc Hà Nội - Hải Phòng - Dương Kính,Trạm thu phí cao tốc Hà Nội - Hải Phòng - Dương Kính,keep,osm_placeholder_name;multiple_name_variants;source_name_conflict,Hà Nội,Cao Tốc Hà Nội - Hải Phòng Qpc7,20.770163,106.712798
vn-toll-gmaps-chijcwi7ozglnterebneqrz056u,toll_station,Trạm thu phí cao tốc Hà Nội - Hải Phòng - Văn Giang,Trạm thu phí cao tốc Hà Nội - Hải Phòng - Văn Giang,keep,osm_placeholder_name;multiple_name_variants;source_name_conflict,Hà Nội,Cao Tốc Hà Nội - Hải Phòng Wxjc,20.931708,105.971447
vn-toll-gmaps-chijl6j3blwfszer0pcyadvep-u,toll_station,Trạm thu phí cao tốc Hạ Long - Vân Đồn,Trạm thu phí cao tốc Hạ Long - Vân Đồn,keep,multiple_name_variants,Quảng Ninh,Cao Tốc Hạ Long - Vân Đồn 39Jv,21.082426,107.392871
vn-toll-gmaps-chijzt0yfhjfsjere2wnmcahp3w,toll_station,Trạm thu phí cao tốc Hạ Long - Vân Đồn,Trạm thu phí cao tốc Hạ Long - Vân Đồn,keep,multiple_name_variants,Quảng Ninh,Cao Tốc Hạ Long - Vân Đồn Xxf8,20.974346,106.965774
vn-toll-gmaps-chij25u6y96fcjerromg4bcfto0,toll_station,Trạm thu phí cao tốc Trung Lương - Mỹ Thuận,Trạm thu phí cao tốc Trung Lương - Mỹ Thuận,keep,multiple_name_variants,Đồng Tháp,Cao Tốc Trung Lương - Mỹ Thuận 8V9J,10.317545,105.880116
vn-toll-gmaps-chijasth-dlhater8cen2kfc4v0,toll_station,Trạm thu phí Chu Lai,Trạm thu phí Chu Lai,keep,,Quảng Ngãi,,15.442239,108.593055
vn-toll-gmaps-chijk-opbj4rdzerq0sya1sjjvs,toll_station,Trạm thu phí Cà Ná,Trạm thu phí Cà Ná,keep,,Khánh Hòa,,11.373688,108.881072
vn-toll-clean-085,toll_station,Trạm thu phí Cái Bè,Trạm thu phí Cái Bè,keep,,Đồng Tháp,,10.4068739,106.0320194
vn-toll-gmaps-chijpxj0cngjodercd6xh4c4v6g,toll_station,Trạm thu phí Cần Thơ - Phụng Hiệp,Trạm thu phí Cần Thơ - Phụng Hiệp,keep,,Cần Thơ,QL1,9.972868,105.74043
final-ChIJYzm4pxZlSjEReNGpes7DV6c,toll_station,Trạm thu phí Cầu Bạch Đằng,Trạm thu phí Cầu Bạch Đằng,keep,,Quảng Ninh,Cao Tốc Hạ Long - Hải Phòng,20.8628088,106.7849049
vn-toll-gmaps-chij1ta-oypmoterd0gbiy9q6u0,toll_station,Trạm thu phí Cầu Bến Thuỷ 2,Trạm thu phí Cầu Bến Thuỷ 2,keep,,Nghệ An,,18.6408,105.699069
vn-toll-clean-079,toll_station,Trạm thu phí Cầu Cổ Chiên,Trạm thu phí Cầu Cổ Chiên,keep,multiple_name_variants,Vĩnh Long,QL60,10.0199467,106.2974383
vn-toll-gmaps-chijw3ese-vzndervabdck3egrk,toll_station,Trạm thu phí Cầu Hạc Trì,Trạm thu phí Cầu Hạc Trì,keep,,Phú Thọ,,21.294515,105.449386
vn-toll-gmaps-chijbyvfm3qkntercjpalln1y8g,toll_station,Trạm thu phí Cầu Hồ,Trạm thu phí Cầu Hồ,keep,multiple_name_variants,Bắc Ninh,QL38,21.080139,106.092165
vn-toll-clean-093,toll_station,Trạm thu phí Cầu Móng Sến,Trạm thu phí Cầu Móng Sến,keep,,Lào Cai,,22.4168543,103.9071458
final-ChIJcYnshklhoDERkLnRXydRhaw,toll_station,Trạm thu phí Cầu Phú Hữu,Trạm thu phí Cầu Phú Hữu,keep,missing_province_context,,,9.9242626,105.8540449
vn-toll-gmaps-chijq6qqj7qldter5vynvzwfjvo,toll_station,Trạm thu phí Cầu Phú Mỹ,Trạm thu phí Cầu Phú Mỹ,keep,,TP. Hồ Chí Minh,,10.760046,106.764818
vn-toll-gmaps-chijtwtfrmkvcjerobgwturjbdk,toll_station,Trạm thu phí Cầu Rạch Miễu,Trạm thu phí Cầu Rạch Miễu,keep,,Vĩnh Long,QL60,10.314707,106.348376
vn-toll-gmaps-chijcdgnmmhdnterei-tfxzxnhk,toll_station,Trạm thu phí Cầu Thái Hà,Trạm thu phí Cầu Thái Hà,keep,osm_placeholder_name;source_name_conflict,Hưng Yên,,20.590872,106.139251
vn-toll-gmaps-chijsdenahanndersdrkmfp5jxw,toll_station,Trạm thu phí Cầu Văn Lang,Trạm thu phí Cầu Văn Lang,keep,osm_placeholder_name;multiple_name_variants;source_name_conflict;missing_road_context,Hà Nội,,21.285532,105.404046
vn-toll-gmaps-chijpud-awdhnteraukymvq-3di,toll_station,Trạm thu phí Cầu Yên Lệnh,Trạm thu phí Cầu Yên Lệnh,keep,osm_placeholder_name;multiple_name_variants;source_name_conflict,Hưng Yên,QL38,20.658939,106.048984
vn-toll-gmaps-chijuf95la0bszer7kkifo99l6e,toll_station,Trạm thu phí Cẩm Phả,Trạm thu phí Cẩm Phả,keep,osm_placeholder_name;multiple_name_variants;source_name_conflict;missing_road_context,Quảng Ninh,,21.003101,107.327187
vn-toll-clean-090,toll_station,Trạm thu phí Diên Thọ,Trạm thu phí Diên Thọ,keep,,Khánh Hòa,,12.254518,109.0237874
vn-toll-gmaps-chij17nu3clusjerps6to2kbcuc,toll_station,Trạm thu phí Dương Kinh,Trạm thu phí Dương Kinh,keep,osm_placeholder_name;source_name_conflict,Hải Phòng,,20.776114,106.723902
vn-toll-gmaps-chijlwr0cgn8dderylvodvgjnrs,toll_station,Trạm thu phí Dầu Giây,Trạm thu phí Dầu Giây,keep,,Đồng Nai,,10.918303,107.163982
vn-toll-gmaps-chijgthijadfcterxe-rftdw2w4,toll_station,Trạm thu phí Ea Đar,Trạm thu phí Ea Đar,keep,,Đắk Lắk,,12.812957,108.511572
vn-toll-clean-075,toll_station,Trạm thu phí Hoà Phước,Trạm thu phí Hoà Phước,keep,,Đà Nẵng 550000,,16.0046282,108.246048
vn-toll-clean-074,toll_station,Trạm thu phí Hoàng Mai,Trạm thu phí Hoàng Mai,keep,,Nghệ An,,19.3019039,105.7242358
vn-toll-gmaps-chijxxxg8pghnterlacqozxsxpg,toll_station,Trạm thu phí Hà Nội - Bắc Giang,Trạm thu phí Hà Nội - Bắc Giang,keep,,Hà Nội,,21.090344,105.960513
vn-toll-gmaps-chijs-uxldfhmzerhgmov8hzfq0,toll_station,Trạm thu phí Hạ Hoà (IC11),Trạm thu phí Hạ Hoà (IC11),keep,source_name_conflict,Phú Thọ,,21.533157,104.972637
vn-toll-clean-078,toll_station,Trạm thu phí Hải Hà,Trạm thu phí Hải Hà,keep,,Quảng Ninh,,21.4650905,107.7058191
vn-toll-gmaps-chijzftdnjgtbzericsl5a4slsc,toll_station,Trạm thu phí hầm Cù Mông,Trạm thu phí hầm Cù Mông,keep,,Gia Lai,,13.703552,109.174479
vn-toll-gmaps-chijs3b9ocqnqjer6h3ourzbvps,toll_station,Trạm thu phí hầm Hải Vân,Trạm thu phí hầm Hải Vân,keep,,Huế,,16.228523,108.084722
vn-toll-gmaps-chijtemjolplbzery1nnypqv4gs,toll_station,Trạm thu phí Hầm Đèo Cả,Trạm thu phí Hầm Đèo Cả,keep,,Đắk Lắk,,12.903225,109.365703
vn-toll-gmaps-chij55zu7qfdnter8-nw9wailhw,toll_station,Trạm thu phí Hồ Sơn,Trạm thu phí Hồ Sơn,keep,,Lạng Sơn,,21.49101,106.371324
vn-toll-gmaps-chijz1erg79vnterj9wpxswipbo,toll_station,Trạm thu phí Km 104 cao tốc Bắc Giang - Lạng Sơn,Trạm thu phí Km 104 cao tốc Bắc Giang - Lạng Sơn,keep,multiple_name_variants,Bắc Giang,Cao Tốc Bắc Giang - Lạng Sơn 8785,21.315908,106.25888
final-ChIJu231AQC7bjERSOZYXQYdEVY,toll_station,Trạm thu phí Km 124+720 Quốc lộ 19,Trạm thu phí Km 124+720 Quốc lộ 19,keep,,Gia Lai,Quốc lộ 19,14.05472,108.3294748
vn-toll-clean-094,toll_station,Trạm thu phí Km 237 cao tốc Hà Nội - Lào Cai,Trạm thu phí Km 237 cao tốc Hà Nội - Lào Cai,keep,,Lào Cai,Cao tốc Hà Nội - Lào Cai 938J,22.3651385,104.0808228
vn-toll-gmaps-chijldcenyv9nderu0-djgbtfgm,toll_station,Trạm thu phí Km 6 cao tốc Hà Nội - Lào Cai,Trạm thu phí Km 6 cao tốc Hà Nội - Lào Cai,keep,multiple_name_variants,Hà Nội,Cao Tốc Hà Nội - Lào Cai Trạm Thu Phí Cao Tốc Nội Bài - Lào Cai,21.252714,105.739648
vn-toll-gmaps-chijfrnwdlqrsjerj0lihlazqz8,toll_station,Trạm thu phí Km 45 - cao tốc Bắc - Nam phía Đông (Bắc Giang - Lạng Sơn),Trạm thu phí Km 45 - cao tốc Bắc - Nam phía Đông (Bắc Giang - Lạng Sơn),keep,multiple_name_variants;source_name_conflict,Bắc Giang,Cao Tốc Bắc - Nam Phía Đông,21.686704,106.62769
final-ChIJEUkHFIr-czERw4PbyAJb5bw,toll_station,Trạm thu phí Liên Đầm,Trạm thu phí Liên Đầm,keep,,Lâm Đồng,QL20,11.5664985,107.9987574
vn-toll-gmaps-chijaqaaz2mhdterythzp3-iy10,toll_station,Trạm thu phí Long Phước,Trạm thu phí Long Phước,keep,,TP. Hồ Chí Minh,,10.785886,106.851826
vn-toll-gmaps-chij67wnchrrszerybguj3zatii,toll_station,Trạm thu phí Móng Cái,Trạm thu phí Móng Cái,keep,,Quảng Ninh,,21.512378,107.949864
vn-toll-gmaps-chijcw2-tmjdnteri9cqcxvfgqi,toll_station,Trạm thu phí Mỹ Lộc,Trạm thu phí Mỹ Lộc,keep,,Ninh Bình,,20.447509,106.119748
vn-toll-gmaps-chijw7x4ly4vbzerqhxh-n6qozq,toll_station,Trạm thu phí Nam Bình Định,Trạm thu phí Nam Bình Định,keep,osm_placeholder_name;source_name_conflict,Bình Định,,13.871314,109.125422
vn-toll-gmaps-chijpylvtrvjnterwkgkbtun9cs,toll_station,Trạm thu phí Nam Cầu Giẽ,Trạm thu phí Nam Cầu Giẽ,keep,,Ninh Bình,,20.665174,105.916606
vn-toll-gmaps-chijcyijxutacdera7cpbmuz5zu,toll_station,Trạm thu phí Ninh Lộc,Trạm thu phí Ninh Lộc,keep,,Khánh Hòa,,12.444329,109.120564
vn-toll-gmaps-chijheu4jpyeqjer0ieju1yy09k,toll_station,Trạm thu phí Phong Thử,Trạm thu phí Phong Thử,keep,osm_placeholder_name;source_name_conflict,Đà Nẵng,,15.890553,108.173646
vn-toll-gmaps-chij5uixooyznter1uou4imhe6q,toll_station,Trạm thu phí Pháp Vân,Trạm thu phí Pháp Vân,keep,osm_road_name_as_object_name;source_name_conflict;missing_road_context,Hà Nội,,20.907514,105.86138
vn-toll-gmaps-chij60njjc-tnderf1gktlbp6bm,toll_station,Trạm thu phí Phù Ninh (IC8),Trạm thu phí Phù Ninh (IC8),keep,osm_placeholder_name;source_name_conflict,Phú Thọ,,21.390527,105.330033
vn-toll-gmaps-chij-va6zqtergngvvjpq-fo,toll_station,Trạm thu phí Phú Bài,Trạm thu phí Phú Bài,keep,,Huế,,16.370271,107.724977
vn-toll-gmaps-chijg8s9mawqnderqdir-t0q-ia,toll_station,Trạm thu phí Phú Thọ (IC9),Trạm thu phí Phú Thọ (IC9),keep,osm_placeholder_name;source_name_conflict,Phú Thọ,,21.423543,105.230986
vn-toll-gmaps-chij-b1-qmp3nter5hrm1tmd6de,toll_station,Trạm thu phí Phả Lại,Trạm thu phí Phả Lại,keep,osm_placeholder_name;source_name_conflict,Bắc Ninh,,21.116648,106.276521
vn-toll-clean-086,toll_station,Trạm thu phí Quốc lộ 5B,Trạm thu phí Quốc lộ 5B,keep,,Hưng Yên,QL5B,20.8552617,106.120794
vn-toll-gmaps-chijvvxfgzltrzer3n0b0trghq8,toll_station,Trạm thu phí Quán Hàu,Trạm thu phí Quán Hàu,keep,,Quảng Trị,,17.39189,106.646929
vn-toll-gmaps-chijcyh3uzmtater2xoyt6row9e,toll_station,Trạm thu phí Quảng Ngãi,Trạm thu phí Quảng Ngãi,keep,,Quảng Ngãi,,15.109507,108.757688
vn-toll-clean-087,toll_station,Trạm thu phí Quốc lộ 17B,Trạm thu phí Quốc lộ 17B,keep,,Hải Phòng,Quốc lộ 17B,20.9647965,106.5191627
vn-toll-gmaps-chijmzdscgvgsjer8vf1a48ywny,toll_station,Trạm thu phí quốc lộ 18 - Đại Yên,Trạm thu phí quốc lộ 18 - Đại Yên,keep,multiple_name_variants,Quảng Ninh,QL18,20.986069,106.90282
vn-toll-clean-022,toll_station,Trạm thu phí Quốc lộ 279,Trạm thu phí Quốc lộ 279,keep,multiple_name_variants,Lạng Sơn,Quốc lộ 279,21.6205522,106.5586596
vn-toll-clean-092,toll_station,Trạm thu phí Quốc lộ 37,Trạm thu phí Quốc lộ 37,keep,,Bắc Ninh,Quốc lộ 37,21.3890365,106.3022951
vn-toll-gmaps-chijry-acdcydterl-81xybzbta,toll_station,Trạm thu phí Quốc lộ 51,Trạm thu phí Quốc lộ 51,keep,,Đồng Nai,QL51,10.765217,106.956554
vn-toll-gmaps-chijz9dylgbzcderyflmmd4qeom,toll_station,Trạm thu phí Suối Dầu,Trạm thu phí Suối Dầu,keep,osm_road_name_as_object_name;source_name_conflict;missing_road_context,Khánh Hòa,,12.178763,109.058643
vn-toll-gmaps-chijmfpu1ijrdderilkoelft8ie,toll_station,Trạm thu phí Suối Giữa,Trạm thu phí Suối Giữa,keep,,TP. Hồ Chí Minh,,11.005237,106.64563
vn-toll-clean-088,toll_station,Trạm thu phí Sân bay Pleiku,Trạm thu phí Sân bay Pleiku,keep,,Gia Lai 600000,,14.0072709,108.0048155
vn-toll-gmaps-chijm6tquru8djeran-pvwkiil0,toll_station,Trạm thu phí Sông Lũy,Trạm thu phí Sông Lũy,keep,osm_placeholder_name;source_name_conflict,Lâm Đồng,,11.203574,108.32627
vn-toll-gmaps-chijuyf92xusdderp1zo6r1ueqo,toll_station,Trạm thu phí Sông Phan,Trạm thu phí Sông Phan,keep,osm_placeholder_name;source_name_conflict,Lâm Đồng,,10.875323,107.931343
vn-toll-gmaps-chijh4ypgmglnterffp5cs-xi3k,toll_station,Trạm thu phí Số 1 - Quốc lộ 5,Trạm thu phí Số 1 - Quốc lộ 5,keep,multiple_name_variants,Hưng Yên,QL5,20.949337,106.012557
final-ChIJ4dEMbuZ4SjERLJAkCqZ65Ac,toll_station,Trạm thu phí Số 2 - Quốc lộ 5,Trạm thu phí Số 2 - Quốc lộ 5,keep,osm_placeholder_name;multiple_name_variants;source_name_conflict,Hải Phòng,QL5,20.9085704,106.5726339
vn-toll-gmaps-chijmzqjckncatervw-k6mqd6u8,toll_station,Trạm thu phí Tam Kỳ,Trạm thu phí Tam Kỳ,keep,osm_placeholder_name;multiple_name_variants;source_name_conflict,Đà Nẵng,QL1A,15.548535,108.518476
vn-toll-clean-076,toll_station,Trạm thu phí Tam Nông,Trạm thu phí Tam Nông,keep,,Phú Thọ,,21.2433177,105.3260139
vn-toll-gmaps-chij3whjiascoderoc1smos1xbs,toll_station,Trạm thu phí TASCO Quảng Bình,Trạm thu phí TASCO Quảng Bình,keep,osm_placeholder_name;source_name_conflict,Quảng Bình,,17.890216,106.450909
vn-toll-clean-083,toll_station,Trạm thu phí Thanh Lương,Trạm thu phí Thanh Lương,keep,,Đồng Nai,QL13,11.7228358,106.5832213
vn-toll-clean-081,toll_station,Trạm thu phí Thuận Phú,Trạm thu phí Thuận Phú,keep,,Đồng Nai,ĐT741,11.577385,106.8944299
vn-toll-gmaps-chijj9dxbz8nntery-h6eafxdse,toll_station,Trạm thu phí Thái Nguyên - Chợ Mới,Trạm thu phí Thái Nguyên - Chợ Mới,keep,osm_placeholder_name;source_name_conflict,Thái Nguyên,,21.644094,105.785999
vn-toll-clean-070,toll_station,Trạm thu phí Thân Cửu Nghĩa,Trạm thu phí Thân Cửu Nghĩa,keep,,Đồng Tháp,Cao Tốc TPHCM - Trung Lương,10.4310606,106.3155488
vn-toll-gmaps-chij2u3hfygxntercaydyf0qoz0,toll_station,Trạm thu phí Thường Tín,Trạm thu phí Thường Tín,keep,,Hà Nội,,20.868904,105.881732
vn-toll-gmaps-chijq6qqvpajnterc3bdyznisgo,toll_station,Trạm thu phí Tiên Cựu,Trạm thu phí Tiên Cựu,keep,osm_placeholder_name;multiple_name_variants;source_name_conflict,Hải Phòng,QL10,20.776437,106.507622
vn-toll-gmaps-chijn971o90jszer78zwgq8ytn0,toll_station,Trạm thu phí Tiên Yên,Trạm thu phí Tiên Yên,keep,,Quảng Ninh,,21.308659,107.476059
vn-toll-gmaps-chijoz7tsyhkdderuzx9tyaqzms,toll_station,Trạm thu phí Trảng Bom,Trạm thu phí Trảng Bom,keep,multiple_name_variants,Đồng Nai,QL1A,10.945377,107.057444
vn-toll-gmaps-chijcv-ebxcqddermzadhaixx-y,toll_station,Trạm thu phí Tân Khai,Trạm thu phí Tân Khai,keep,,Đồng Nai,QL13,11.569838,106.617318
vn-toll-clean-084,toll_station,Trạm thu phí Tân Lập,Trạm thu phí Tân Lập,keep,,Đồng Nai,ĐT741,11.3881366,106.8255669
vn-toll-gmaps-chiji0v06xubqjerrwh9hpq-lco,toll_station,Trạm thu phí Túy Loan,Trạm thu phí Túy Loan,keep,,Đà Nẵng,,15.972891,108.162804
vn-toll-gmaps-chij1umhywbvaderfo0oqudtkge,toll_station,Trạm thu phí Tư Nghĩa,Trạm thu phí Tư Nghĩa,keep,osm_placeholder_name;source_name_conflict,Quảng Ngãi,,15.063359,108.839193
vn-toll-gmaps-chij180vwgctndertlpjgciqgh4,toll_station,Trạm thu phí Việt Trì (IC7),Trạm thu phí Việt Trì (IC7),keep,multiple_name_variants,Phú Thọ,CT05,21.365264,105.380222
vn-toll-gmaps-chij3dxy82ftnderbrdtq0yxuy8,toll_station,Trạm thu phí Văn Quán (IC6),Trạm thu phí Văn Quán (IC6),keep,osm_placeholder_name;source_name_conflict,Phú Thọ,,21.355073,105.463963
vn-toll-clean-073,toll_station,Trạm thu phí Vĩnh Phú,Trạm thu phí Vĩnh Phú,keep,,Hồ Chí Minh,,10.886868,106.6997385
vn-toll-gmaps-chij31y5uv-3nter2gdin-t5rck,toll_station,Trạm thu phí Vạn Điểm,Trạm thu phí Vạn Điểm,keep,,Hà Nội,,20.773832,105.907281
vn-toll-gmaps-chijbzrtactinterbkvnikiwtao,toll_station,Trạm thu phí Vực Vòng,Trạm thu phí Vực Vòng,keep,,Ninh Bình,,20.645327,105.938495
vn-toll-gmaps-chijq32qgjhfnderqfmgxjirylu,toll_station,Trạm thu phí Xuân Mai - Hòa Bình,Trạm thu phí Xuân Mai - Hòa Bình,keep,multiple_name_variants,Hòa Bình,QL6,20.870306,105.513575
vn-toll-gmaps-chijy0pvdki7nterxrsufrtk7-0,toll_station,Trạm thu phí Yên Mỹ,Trạm thu phí Yên Mỹ,keep,osm_placeholder_name;source_name_conflict,Hưng Yên,,20.850209,106.027549
vn-toll-gmaps-chijizmkglgeoderl3wwuangeo8,toll_station,Trạm thu phí Ô Môn,Trạm thu phí Ô Môn,keep,osm_placeholder_name;source_name_conflict,Cần Thơ,,10.111717,105.648978
vn-toll-gmaps-chijldpaqq0aqjermirp-ousmjs,toll_station,Trạm thu phí Điện Bàn,Trạm thu phí Điện Bàn,keep,osm_placeholder_name;multiple_name_variants;source_name_conflict,Đà Nẵng,,15.930527,108.228712
vn-toll-clean-072,toll_station,Trạm thu phí ĐT741,Trạm thu phí ĐT741,keep,multiple_name_variants,Hồ Chí Minh,ĐT741,11.2218334,106.7252837
vn-toll-gmaps-chijt8y1wp3kqderg-llifzxxxm,toll_station,Trạm thu phí Đông Hà,Trạm thu phí Đông Hà,keep,,Quảng Trị,QL1A,16.785018,107.149829
vn-toll-gmaps-chijdad8b7lxnterbktsdn3mjei,toll_station,Trạm thu phí Đông Hưng,Trạm thu phí Đông Hưng,keep,,Hưng Yên,,20.55882,106.368051
vn-toll-gmaps-chijw-epzqd3njeribu-dwg-pdu,toll_station,Trạm thu phí Đông Xuân,Trạm thu phí Đông Xuân,keep,osm_placeholder_name;source_name_conflict,Thanh Hóa,,19.827931,105.69233
vn-toll-gmaps-chijosjouw5nnderljgn046zgi4,toll_station,Trạm thu phí đường Hòa Lạc - Hòa Bình,Trạm thu phí đường Hòa Lạc - Hòa Bình,keep,osm_road_name_as_object_name;missing_road_context,Hòa Bình,,20.965148,105.397958
vn-toll-clean-091,toll_station,Trạm thu phí Đầm Hà,Trạm thu phí Đầm Hà,keep,,Quảng Ninh,,21.3492254,107.5528941
vn-toll-gmaps-chijg3byqa61czersgevsyvu4he,toll_station,Trạm thu phí Đắk Song,Trạm thu phí Đắk Song,keep,multiple_name_variants,Lâm Đồng,QL14,12.188389,107.637639
vn-toll-gmaps-chij-wvfyuvcter5tonghianj4,toll_station,Trạm thu phí Định An,Trạm thu phí Định An,keep,osm_road_name_as_object_name;multiple_name_variants;source_name_conflict,Lâm Đồng,CT27,11.859578,108.457887
vn-toll-gmaps-chijockr2iv5sjerf0tgjwtc6zq,toll_station,Trạm thu phí Đồng Lá,Trạm thu phí Đồng Lá,keep,,Quảng Ninh,,21.048429,107.164898
vn-toll-gmaps-chijeeiioh71sjerasyk4vltfby,toll_station,Trạm thu phí Đồng Đăng,Trạm thu phí Đồng Đăng,keep,,Quảng Ninh,,20.992671,106.987163
vn-toll-gmaps-chijashlt8jrcjerhd6eaivj-z4,toll_station,Trạm thu phí Đức Hoà,Trạm thu phí Đức Hoà,keep,,Tây Ninh,ĐT830,10.77753,106.439493
vn-toll-results-a8c1640ca55f27,toll_station,Cầu treo thu phí,Cầu treo thu phí,keep,missing_province_context,,,21.378121,105.913552
vn-toll-results-8912940a55179a,toll_station,Trạm Thu phí Bến Lức,Trạm Thu phí Bến Lức,keep,missing_province_context,,,10.666701,106.457972
vn-toll-results-af81bbbd5539fa,toll_station,Trạm thu phí BOT Đường ven biển Thái Bình,Trạm thu phí BOT Đường ven biển Thái Bình,keep,missing_province_context,,,20.301291,106.562304
vn-toll-results-739d8616d1be53,toll_station,Trạm thu phí Bình Chánh,Trạm thu phí Bình Chánh,keep,missing_province_context,,,10.66154,106.560297
vn-toll-results-4f58e6be10a8dc,toll_station,Trạm thu phí Bình Hiệp,Trạm thu phí Bình Hiệp,keep,missing_province_context,,,13.951063,109.007743
vn-toll-results-7e5e7fa4176995,toll_station,Trạm thu phí Chư Sê,Trạm thu phí Chư Sê,keep,missing_province_context,,,13.874158,108.008176
vn-toll-results-38e15c8298ba28,toll_station,Trạm thu phí Chợ Bình Điền,Trạm thu phí Chợ Bình Điền,keep,missing_province_context,,,10.699714,106.608864
vn-toll-results-51072ce4cf0518,toll_station,Trạm thu phí Cầu Gianh - Quảng Bình,Trạm thu phí Cầu Gianh - Quảng Bình,keep,missing_province_context,,,17.747179,106.440918
vn-toll-results-3dba1c41016286,toll_station,Trạm thu phí Cầu Ông Bố,Trạm thu phí Cầu Ông Bố,keep,missing_province_context,,,10.900781,106.714263
vn-toll-results-48f39937c30d08,toll_station,Trạm thu phí Hà Trung,Trạm thu phí Hà Trung,keep,missing_province_context,,,20.083758,105.809491
vn-toll-results-dc1ebf3ae65637,toll_station,Trạm thu phí Nút Giao Ba Bàu,Trạm thu phí Nút Giao Ba Bàu,keep,missing_province_context,,,10.932586,107.967996
vn-toll-results-b452ce137aea4d,toll_station,Trạm thu phí Nút Giao Ba Bàu,Trạm thu phí Nút Giao Ba Bàu,keep,missing_province_context,,,10.934372,107.977045
vn-toll-results-41ca601e6c5f09,toll_station,Trạm thu phí Nút Giao TL765 Km 69+400,Trạm thu phí Nút Giao TL765 Km 69+400,keep,missing_province_context,,,10.88509,107.365801
vn-toll-results-69e1f994f650f1,toll_station,Trạm thu phí Phú Hài,Trạm thu phí Phú Hài,keep,missing_province_context,,,10.94037,108.141791
vn-toll-results-05580e7545bfc7,toll_station,Trạm thu phí Quốc lộ 2,Trạm thu phí Quốc lộ 2,keep,missing_province_context,,,21.230577,105.693648
vn-toll-results-7d00ba5a038ceb,toll_station,Trạm thu phí Thị Trấn Vôi,Trạm thu phí Thị Trấn Vôi,keep,missing_province_context,,,21.339235,106.270349
vn-toll-results-7c93585939dabb,toll_station,Trạm Thu Vé Thắng Cảnh Chùa Hương,Trạm Thu Vé Thắng Cảnh Chùa Hương,keep,missing_province_context,,,20.620462,105.749682
vn-toll-results-c6169ba64724d7,toll_station,Trạm thu phí BOT Cầu Chà Là,Trạm thu phí BOT Cầu Chà Là,keep,missing_province_context,,,8.954324,105.101025
vn-toll-results-369644b8378979,toll_station,Trạm thu phí BOT Cầu Hoà Trung,Trạm thu phí BOT Cầu Hoà Trung,keep,missing_province_context,,,9.094715,105.153419
vn-toll-results-2548de6c7d62ae,toll_station,Trạm thu phí Bình Thung,Trạm thu phí Bình Thung,keep,missing_province_context,,,10.907639,106.790988
vn-toll-results-740a234f764bbb,toll_station,Trạm thu phí Cai Lậy,Trạm thu phí Cai Lậy,keep,missing_province_context,,,10.412132,106.164817
vn-toll-results-1c3e261351c189,toll_station,Trạm thu phí Cam Thịnh Đông,Trạm thu phí Cam Thịnh Đông,keep,missing_province_context,,,11.880694,109.09664
vn-toll-results-99e95a3669a3f8,toll_station,Trạm thu phí Cao Bồ,Trạm thu phí Cao Bồ,keep,missing_province_context,,,20.288189,106.012548
vn-toll-results-2494ccf7f28041,toll_station,Trạm thu phí Chơn Thành,Trạm thu phí Chơn Thành,keep,missing_province_context,,,11.363849,106.62765
vn-toll-results-d29ed70a638d07,toll_station,Trạm thu phí Chợ Đệm,Trạm thu phí Chợ Đệm,keep,missing_province_context,,,10.68161,106.557509
vn-toll-results-8ff6c50876e0b4,toll_station,Trạm thu phí Cầu 110,Trạm thu phí Cầu 110,keep,missing_province_context,,,13.413567,108.092846
vn-toll-results-2d89abdd48d147,toll_station,Trạm thu phí Cầu Cái Vừng,Trạm thu phí Cầu Cái Vừng,keep,missing_province_context,,,10.743632,105.298343
vn-toll-results-01b795c3aac577,toll_station,Trạm thu phí Cầu Mỹ Lợi,Trạm thu phí Cầu Mỹ Lợi,keep,missing_province_context,,,10.462812,106.644148
vn-toll-results-ca56e8b14241e6,toll_station,Trạm thu phí Cầu Phú Cường,Trạm thu phí Cầu Phú Cường,keep,missing_province_context,,,10.983539,106.643176
vn-toll-results-6e730c62d2763e,toll_station,Trạm thu phí Cầu Qua Sông Cái Tàu,Trạm thu phí Cầu Qua Sông Cái Tàu,keep,missing_province_context,,,9.314628,105.017323
vn-toll-results-28d3bc49a698e9,toll_station,Trạm thu phí Cầu Trần Văn Thời,Trạm thu phí Cầu Trần Văn Thời,keep,missing_province_context,,,9.069026,104.967868
vn-toll-results-adcaa96d531180,toll_station,Trạm thu phí Cầu qua Sông Cái Tàu,Trạm thu phí Cầu qua Sông Cái Tàu,keep,missing_province_context,,,9.438099,104.930935
vn-toll-results-c53dfe0022532c,toll_station,Trạm thu phí Cầu treo Tân Bằng,Trạm thu phí Cầu treo Tân Bằng,keep,missing_province_context,,,9.460895,105.044275
vn-toll-results-56e61462afce7f,toll_station,Trạm thu phí Cầu Đình Bình Thủy,Trạm thu phí Cầu Đình Bình Thủy,keep,missing_province_context,,,10.516136,105.321055
vn-toll-results-4af1a34590c361,toll_station,Trạm thu phí Cẩm Vân,Trạm thu phí Cẩm Vân,keep,missing_province_context,,,20.107342,105.54336
vn-toll-results-8a1e5b19f33024,toll_station,Trạm thu phí Du Long,Trạm thu phí Du Long,keep,missing_province_context,,,11.746694,109.056815
vn-toll-results-022c2d4e049418,toll_station,Trạm thu phí Gia Lộc,Trạm thu phí Gia Lộc,keep,missing_province_context,,,20.856773,106.294329
vn-toll-results-de8a43dad059a1,toll_station,Trạm thu phí Hà Lam,Trạm thu phí Hà Lam,keep,missing_province_context,,,15.710278,108.3354
vn-toll-results-a7826df3ecbebc,toll_station,Trạm thu phí IC Cẩm Y,Trạm thu phí IC Cẩm Y,keep,missing_province_context,,,21.097299,107.353365
vn-toll-results-0c9c1042e1b704,toll_station,Trạm thu phí IC13,Trạm thu phí IC13,keep,missing_province_context,,,21.698947,104.841234
vn-toll-results-3f24069383f14c,toll_station,Trạm thu phí Km 133+770,Trạm thu phí Km 133+770,keep,missing_province_context,,,11.313348,108.724658
vn-toll-results-a521fbe8e35eee,toll_station,Trạm thu phí Km 430+500,Trạm thu phí Km 430+500,keep,missing_province_context,,,18.956451,105.561797
vn-toll-results-9dc19a42074b4a,toll_station,Trạm thu phí Km 49+550 Quốc lộ 19,Trạm thu phí Km 49+550 Quốc lộ 19,keep,missing_province_context,,,13.944457,108.857778
vn-toll-results-9fdb7bd62b601c,toll_station,Trạm thu phí Km 98+320,Trạm thu phí Km 98+320,keep,missing_province_context,,,10.335235,105.896793
vn-toll-results-f5b1c9ee7be221,toll_station,Trạm thu phí Mỹ Yên,Trạm thu phí Mỹ Yên,keep,missing_province_context,,,10.669806,106.549196
vn-toll-results-266c1e08c589a2,toll_station,Trạm thu phí Nghi Phương,Trạm thu phí Nghi Phương,keep,missing_province_context,,,18.823337,105.586381
vn-toll-results-fad32966cfa215,toll_station,Trạm thu phí Nguyễn Văn Linh,Trạm thu phí Nguyễn Văn Linh,keep,missing_province_context,,,10.695588,106.615414
vn-toll-results-bb9426cc4e67e1,toll_station,Trạm thu phí Nguyễn Văn Linh,Trạm thu phí Nguyễn Văn Linh,keep,missing_province_context,,,10.729191,106.695497
vn-toll-results-17fee3612cf4d5,toll_station,Trạm thu phí Ngã tư Gò Mây,Trạm thu phí Ngã tư Gò Mây,keep,missing_province_context,,,10.816613,106.601444
vn-toll-results-de8a81843b9749,toll_station,Trạm thu phí Ninh Xuân,Trạm thu phí Ninh Xuân,keep,missing_province_context,,,12.507261,109.068792
vn-toll-results-a300be367f4317,toll_station,Trạm thu phí Phan Rang,Trạm thu phí Phan Rang,keep,missing_province_context,,,11.630338,108.895937
vn-toll-results-d2c3a2fa53e365,toll_station,Trạm thu phí Phố Lu (IC17),Trạm thu phí Phố Lu (IC17),keep,missing_province_context,,,22.315763,104.178686
vn-toll-results-87b32e88b6f14c,toll_station,Trạm thu phí Quốc lộ 51,Trạm thu phí Quốc lộ 51,keep,missing_province_context,,,10.765087,106.961871
vn-toll-results-1c40652edb303e,toll_station,Trạm thu phí Quốc lộ 8A,Trạm thu phí Quốc lộ 8A,keep,missing_province_context,,,18.534196,105.657742
vn-toll-results-852b9a6b761f54,toll_station,Trạm thu phí Sai Nga (IC10),Trạm thu phí Sai Nga (IC10),keep,missing_province_context,,,21.438924,105.123438
vn-toll-results-cb934a0bf0ccfe,toll_station,Trạm thu phí Sân bay Buôn Ma Thuột,Trạm thu phí Sân bay Buôn Ma Thuột,keep,missing_province_context,,,12.664256,108.114946
vn-toll-results-b3e81bf484735a,toll_station,Trạm thu phí Sân bay Chu Lai,Trạm thu phí Sân bay Chu Lai,keep,missing_province_context,,,15.415423,108.703482
vn-toll-results-8da48e912d0c21,toll_station,Trạm thu phí Sân bay Cà Mau,Trạm thu phí Sân bay Cà Mau,keep,missing_province_context,,,9.175154,105.175839
vn-toll-results-812f332fb6a582,toll_station,Trạm thu phí Sân bay Côn Đảo,Trạm thu phí Sân bay Côn Đảo,keep,missing_province_context,,,8.730259,106.628381
vn-toll-results-e5947651734d79,toll_station,Trạm thu phí Sân bay Liên Khương,Trạm thu phí Sân bay Liên Khương,keep,missing_province_context,,,11.746721,108.370191
vn-toll-results-5322ec51832366,toll_station,Trạm thu phí Sân bay Phù Cát,Trạm thu phí Sân bay Phù Cát,keep,missing_province_context,,,13.953545,109.050349
vn-toll-results-9d556e8755f432,toll_station,Trạm thu phí Sân bay Phú Bài,Trạm thu phí Sân bay Phú Bài,keep,missing_province_context,,,16.394408,107.698361
vn-toll-results-89f2f678011e91,toll_station,Trạm thu phí Sân bay Phú Quốc,Trạm thu phí Sân bay Phú Quốc,keep,missing_province_context,,,10.159664,103.99769
vn-toll-results-f5cbe3fb32560c,toll_station,Trạm thu phí Sân bay Rạch Giá,Trạm thu phí Sân bay Rạch Giá,keep,missing_province_context,,,9.960942,105.133597
vn-toll-results-227af1af3afdf1,toll_station,Trạm thu phí Sân bay Thọ Xuân,Trạm thu phí Sân bay Thọ Xuân,keep,missing_province_context,,,19.892215,105.473591
vn-toll-results-87932c98aea4d2,toll_station,Trạm thu phí Sân bay Tuy Hoà,Trạm thu phí Sân bay Tuy Hoà,keep,missing_province_context,,,13.05066,109.346302
vn-toll-results-939faa49c400d0,toll_station,Trạm thu phí Sân bay Đà Nẵng,Trạm thu phí Sân bay Đà Nẵng,keep,missing_province_context,,,16.050873,108.206409
vn-toll-results-84e23a122c88c0,toll_station,Trạm thu phí Sân bay Đà Nẵng,Trạm thu phí Sân bay Đà Nẵng,keep,missing_province_context,,,16.058042,108.20406
vn-toll-results-d1f02767544d7f,toll_station,Trạm thu phí Số 1 - ĐT768,Trạm thu phí Số 1 - ĐT768,keep,missing_province_context,,,10.972717,106.800761
vn-toll-results-7d8a668438a5d0,toll_station,Trạm thu phí Số 2 - ĐT747A Km 1+670,Trạm thu phí Số 2 - ĐT747A Km 1+670,keep,missing_province_context,,,10.974075,106.771396
vn-toll-results-1c57136a69c8e5,toll_station,Trạm thu phí Số 2A - ĐT768,Trạm thu phí Số 2A - ĐT768,keep,missing_province_context,,,10.980267,106.847811
vn-toll-results-6e4533b3acd003,toll_station,Trạm thu phí Số 3 - ĐT 747A Km 9+120,Trạm thu phí Số 3 - ĐT 747A Km 9+120,keep,missing_province_context,,,11.028277,106.777486
vn-toll-results-118a315fd99ba0,toll_station,Trạm thu phí Số 3A - ĐT768,Trạm thu phí Số 3A - ĐT768,keep,missing_province_context,,,11.028268,106.913057
vn-toll-results-4d20271e734d74,toll_station,Trạm thu phí Số 3B - ĐT768,Trạm thu phí Số 3B - ĐT768,keep,missing_province_context,,,11.023644,106.899633
vn-toll-results-17bd13a8f54c64,toll_station,Trạm thu phí Tam Đảo (IC4),Trạm thu phí Tam Đảo (IC4),keep,missing_province_context,,,21.357265,105.606161
vn-toll-results-386eef74a7fe33,toll_station,Trạm thu phí Thân Cửu Nghĩa - Chốt CA kiểm tra,Trạm thu phí Thân Cửu Nghĩa - Chốt CA kiểm tra,keep,missing_province_context,,,10.435296,106.295124
vn-toll-results-1a88faa5c34efa,toll_station,Trạm thu phí Thường Tín,Trạm thu phí Thường Tín,keep,missing_province_context,,,20.87189,105.877504
vn-toll-results-832551acb9094e,toll_station,Trạm thu phí Toàn Mỹ 14 (Km 1807+500),Trạm thu phí Toàn Mỹ 14 (Km 1807+500),keep,missing_province_context,,,12.561158,107.822379
vn-toll-results-43cd4ceb51a555,toll_station,Trạm thu phí Văn Bàn (IC16),Trạm thu phí Văn Bàn (IC16),keep,missing_province_context,,,22.152732,104.343695
vn-toll-results-bb234595df3e9c,toll_station,Trạm thu phí Xa Lộ Hà Nội,Trạm thu phí Xa Lộ Hà Nội,keep,missing_province_context,,,10.81902,106.757905
vn-toll-results-b2d41027212383,toll_station,Trạm thu phí Xa lộ Hà Nội,Trạm thu phí Xa lộ Hà Nội,keep,missing_province_context,,,10.823889,106.759614
vn-toll-results-bb6920af6c9fa1,toll_station,Trạm thu phí Xuân Giao (IC18),Trạm thu phí Xuân Giao (IC18),keep,missing_province_context,,,22.343404,104.106081
vn-toll-results-e3b23ff691ff97,toll_station,Trạm thu phí Yên Bái (IC12),Trạm thu phí Yên Bái (IC12),keep,missing_province_context,,,21.648031,104.891031
vn-toll-results-4427bf100242b5,toll_station,Trạm thu phí Đường cao tốc Phan Thiết - Dầu Giây,Trạm thu phí Đường cao tốc Phan Thiết - Dầu Giây,keep,missing_province_context;missing_road_context,,,10.838926,107.147478
vn-toll-results-e9bcdc9b6ca90e,toll_station,Trạm thu phí Đường M1,Trạm thu phí Đường M1,keep,missing_province_context,,,10.824753,106.603516
vn-toll-results-77e47d2d58be12,toll_station,Trạm thu phí Đường Tân Kỳ Tân Quý,Trạm thu phí Đường Tân Kỳ Tân Quý,keep,missing_province_context,,,10.789745,106.595885
vn-toll-results-76d3e5c63fb60c,toll_station,Trạm thu phí Đường số 7,Trạm thu phí Đường số 7,keep,missing_province_context,,,10.82501,106.602115
vn-toll-results-292365965dc6de,toll_station,Trạm thu phí Đại Xuyên 2,Trạm thu phí Đại Xuyên 2,keep,missing_province_context,,,20.70211,105.912933
vn-toll-results-bbbbbeef41c550,toll_station,Trạm phát vé lối vào ga nội địa sân bay Nội Bài,Trạm phát vé lối vào ga nội địa sân bay Nội Bài,keep,missing_province_context,,,21.213758,105.801742
vn-toll-results-f4ed6158c3a30d,toll_station,Trạm thu phí Tân An,Trạm thu phí́ Tân An,keep,missing_province_context,,,10.547452,106.372365
vn-toll-results-c17a2376b0cb89,toll_station,Trạm thu phí 319 KCN CNC Long Thành,Trạm thu phí 319 KCN CNC Long Thành,keep,missing_province_context,,,10.776661,106.92935
vn-toll-results-d7533fd75a68cf,toll_station,Trạm thu phí 4,Trạm thu phí 4,keep,missing_province_context,,,10.660946,106.723442
vn-toll-results-fbc3025936ef80,toll_station,Trạm thu phí 5,Trạm thu phí 5,keep,missing_province_context,,,10.653937,106.938063
vn-toll-results-e2c61b4e755938,toll_station,Trạm thu phí 6,Trạm thu phí 6,keep,missing_province_context,,,10.663812,106.971937
vn-toll-results-bded8a9f2a57c8,toll_station,Trạm thu phí An Lạc,Trạm thu phí An Lạc,keep,missing_province_context,,,10.730745,106.610549
vn-toll-results-6ff2252e49786b,toll_station,Trạm thu phí BOT,Trạm thu phí BOT,keep,missing_province_context,,,18.706686,105.613888
vn-toll-results-3a563783bca3f4,toll_station,Trạm thu phí Bình Chánh,Trạm thu phí Bình Chánh,keep,missing_province_context,,,10.661281,106.55914
vn-toll-results-f0dbe8703fe60a,toll_station,Trạm thu phí Bắc Bỉm Sơn,Trạm thu phí Bắc Bỉm Sơn,keep,missing_province_context,,,20.124809,105.851581
vn-toll-results-f54373378a0b16,toll_station,Trạm thu phí Cầu Giẽ - Ninh Bình Cao Bồ,Trạm thu phí Cầu Giẽ - Ninh Bình Cao Bồ,keep,missing_province_context,,,20.28872,106.014311
vn-toll-results-951e281d14350c,toll_station,Trạm thu phí Cầu Mỹ Luông,Trạm thu phí Cầu Mỹ Luông,keep,missing_province_context,,,10.502437,105.494554
vn-toll-results-48248f4a436b06,toll_station,Trạm thu phí IC14,Trạm thu phí IC14,keep,missing_province_context,,,21.878211,104.675454
vn-toll-results-4b51c698d91be4,toll_station,Trạm thu phí IC4,Trạm thu phí IC4,keep,missing_province_context,,,21.35819,105.605608
vn-toll-results-df25b7187cd049,toll_station,Trạm thu phí KCN HANSSIP,Trạm thu phí KCN HANSSIP,keep,missing_province_context,,,20.707464,105.917503
vn-toll-results-b81e9e3b43b716,toll_station,Trạm thu phí Liêm Tuyền,Trạm thu phí Liêm Tuyền,keep,missing_province_context,,,20.539974,105.948268
vn-toll-results-67a6e410a10e41,toll_station,Trạm thu phí Liêm Tuyền (Hà Nội ra Phủ Lý),Trạm thu phí Liêm Tuyền (Hà Nội ra Phủ Lý),keep,missing_province_context,,,20.540081,105.947552
vn-toll-results-16c530e1f92491,toll_station,Trạm thu phí Liêm Tuyền (Lối vào đi nam),Trạm thu phí Liêm Tuyền (Lối vào đi nam),keep,missing_province_context,,,20.538149,105.947656
vn-toll-results-cf024083593b52,toll_station,Trạm thu phí Long Thới,Trạm thu phí Long Thới,keep,missing_province_context,,,10.660347,106.726839
vn-toll-results-fe4d3c24e951ab,toll_station,Trạm thu phí Long Trường,Trạm thu phí Long Trường,keep,missing_province_context,,,10.786715,106.830901
vn-toll-results-a77105c244cb59,toll_station,Trạm thu phí Nút giao Cẩm Mỹ,Trạm thu phí Nút giao Cẩm Mỹ,keep,missing_province_context,,,10.859563,107.235763
vn-toll-results-1c45c3fd6f4111,toll_station,Trạm thu phí Nút giao Xuân Lộc,Trạm thu phí Nút giao Xuân Lộc,keep,missing_province_context,,,10.896345,107.421286
vn-toll-results-c52faf9b348b92,toll_station,Trạm thu phí Phan Rang,Trạm thu phí Phan Rang,keep,missing_province_context,,,11.627912,108.898875
vn-toll-results-70c775f8a4e694,toll_station,Trạm thu phí Phú Hữu,Trạm thu phí Phú Hữu,keep,missing_province_context,,,10.791609,106.80744
vn-toll-results-44baec63600db9,toll_station,Trạm thu phí Quốc lộ 14 - BP,Trạm thu phí Quốc lộ 14 - BP,keep,missing_province_context,,,11.564076,106.953961
vn-toll-results-4e016e7a8a920c,toll_station,Trạm thu phí Quốc lộ 1A,Trạm thu phí Quốc lộ 1A,keep,missing_province_context,,,21.094946,105.964594
vn-toll-results-e34a65c079e78f,toll_station,Trạm thu phí Quốc lộ 1A,Trạm thu phí Quốc lộ 1A,keep,missing_province_context,,,10.903162,106.844208
vn-toll-results-3daee83ecd2a3e,toll_station,Trạm thu phí Quốc Lộ,Trạm thu phí Quốc Lộ,keep,missing_province_context,,,21.457198,106.295906
vn-toll-results-fa75fee205f2ec,toll_station,Trạm thu phí Tống Sơn (Hà Lĩnh cũ),Trạm thu phí Tống Sơn (Hà Lĩnh cũ),keep,missing_province_context,,,20.000406,105.770482
vn-toll-results-0e3b2adaf70013,toll_station,Trạm thu phí Vĩnh Hảo,Trạm thu phí Vĩnh Hảo,keep,missing_province_context,,,11.304399,108.725077
vn-toll-results-6783d7fc7181dc,toll_station,Trạm thu phí cầu Nguyễn Huệ,Trạm thu phí cầu Nguyễn Huệ,keep,missing_province_context,,,10.2664,105.874324
vn-toll-results-3fe3affe0cc9b6,toll_station,Trạm thu phí cầu Thanh Mỹ,Trạm thu phí cầu Thanh Mỹ,keep,missing_province_context,,,10.408434,105.859615
vn-toll-results-e676b2fb54426d,toll_station,Trạm thu phí cầu treo Huống,Trạm thu phí cầu treo Huống,keep,missing_province_context,,,21.583927,105.865876
vn-toll-results-77badfc41b20d1,toll_station,Trạm thu phí cầu Đồng Nai,Trạm thu phí cầu Đồng Nai,keep,missing_province_context,,,10.902997,106.843788
vn-toll-results-902e161ae6a10c,toll_station,Trạm thu phí nút giao ĐT.634,Trạm thu phí nút giao ĐT.634,keep,missing_province_context,,,14.043348,109.027487
vn-toll-results-50257b7477bc9a,toll_station,Trạm thu phí số 03,Trạm thu phí số 03,keep,missing_province_context,,,10.660289,106.654482
vn-toll-results-7c4a93dd56bb9f,toll_station,Trạm thu phí số 3,Trạm thu phí số 3,keep,missing_province_context,,,11.031479,106.7755
vn-toll-results-329cb8981a939e,toll_station,Trạm thu phí tuyến tránh TX Cai Lậy,Trạm thu phí tuyến tránh TX Cai Lậy,keep,missing_province_context,,,10.393306,106.143552
vn-toll-results-6539ebfe9288e9,toll_station,Trạm thu phí Đèo Ngang,Trạm thu phí Đèo Ngang,keep,missing_province_context,,,17.939489,106.477189
vn-toll-results-70491e7c25f059,toll_station,Trạm thu phí Đường chuyên dùng vận chuyển VLXD Phước Tân (Trạm Phước Tân),Trạm thu phí Đường chuyên dùng vận chuyển VLXD Phước Tân (Trạm Phước Tân),keep,missing_province_context,,,10.879647,106.911861
vn-toll-results-c86839a8da086c,toll_station,Trạm thu phí Đồng Giao,Trạm thu phí Đồng Giao,keep,missing_province_context,,,20.169081,105.870207
vn-toll-results-60cc0884d97283,toll_station,Trạm thu phí đường bộ số 1 DT743,Trạm thu phí đường bộ số 1 DT743,keep,missing_province_context,,,10.977884,106.744844
vn-toll-results-3a4913bba49761,toll_station,plaza toll tam ky,plaza toll tam ky,keep,missing_province_context,,,15.538297,108.453753
vn-toll-results-0809040f917db9,toll_station,Điểm Thu Phí Bến Hải,Điểm Thu Phí Bến Hải,keep,missing_province_context,,,10.384581,107.064495
vn-toll-results-18d929834244af,toll_station,Trạm thu phí,Trạm thu phí,keep,generic_name;missing_province_context,,,10.888675,106.700936
vn-toll-results-389322d4f5b691,toll_station,Trạm thu phí,Trạm thu phí,keep,generic_name;missing_province_context,,,10.430492,106.316667
