object_id,object_type,lat,lon,current_name,candidate_names,issue_types,rule_suggested_name,rule_suggested_action,ai_suggested_name,ai_action_original,ai_action_final,ai_confidence,ai_reason,final_review_decision,final_name,reviewer_note
vn-toll-gmaps-chiju33vcouzdterplbzmsffqdo,toll_station,10.768771,106.92285,Trạm thu phí 319 HLD,Trạm thu phí 319 HLD | OSM toll 1223191092 | Trạm Thu phí 319 HLD | Trạm Thu phí 319 HLD | TRẠM THU PHÍ BOT 319 | Trạm Thu phí 319 HLD | Trạm thu phí 319 HLD,osm_placeholder_name;multiple_name_variants;source_name_conflict,Trạm thu phí 319 HLD,keep,Trạm thu phí 319 HLD,keep,keep,0.9,"Tên hiện tại đã rõ ràng và khớp với nguồn Google/current, không có bằng chứng sai lệch.",keep,Trạm thu phí 319 HLD,
vn-toll-gmaps-chij29z21fwxbzersldvctwexyc,toll_station,13.3493,109.208309,Trạm thu phí An Dân,Trạm thu phí An Dân | Trạm Thu Phí An Dân (Thạch Bàn) | QL1A | Trạm thu phí An Dân,multiple_name_variants,Trạm thu phí An Dân,keep,Trạm thu phí An Dân,keep,keep,0.9,Tên hiện tại đã rõ và khớp với nguồn Google/current.,keep,Trạm thu phí An Dân,
vn-toll-gmaps-chijzau1-ogfcjer9vtfj6wdmti,toll_station,10.317215,105.885382,Trạm thu phí An Hữu - cao tốc Mỹ Thuận - Cần Thơ,Trạm thu phí An Hữu - cao tốc Mỹ Thuận - Cần Thơ | Trạm Thu phí An Thái Trung | Cao Tốc 8V8P | Trạm thu phí An Hữu - cao tốc Mỹ Thuận - Cần Thơ | Trạm thu phí lối vào cao tốc | Trạm Thu phí An Thái Trung ( cục vàng đứng 24/24) | Trạm Thu phí An Thái Trung ( cục vàng đứng 24/24) | Trạm thu phí An Hữu - cao tốc Mỹ Thuận - Cần Thơ,multiple_name_variants,Trạm thu phí An Hữu - cao tốc Mỹ Thuận - Cần Thơ,keep,Trạm thu phí An Hữu - cao tốc Mỹ Thuận - Cần Thơ,keep,keep,0.9,"Tên hiện tại đã rõ ràng và khớp với nguồn Google/current, không có bằng chứng nào cho thấy tên này sai.",keep,Trạm thu phí An Hữu - cao tốc Mỹ Thuận - Cần Thơ,
vn-toll-gmaps-chijs7u-3i-jcternihgdqa3bji,toll_station,12.830902,108.248057,Trạm thu phí BOT Quang Đức Quốc lộ 14,Trạm thu phí BOT Quang Đức Quốc lộ 14 | OSM toll 13077408419 | QL14 | Trạm Thu Phí BOT Quang Đức QL14 | Trạm Thu Phí BOT Quang Đức QL14 | Trạm thu phí BOT Quang Đức Quốc lộ 14,osm_placeholder_name;multiple_name_variants;source_name_conflict,Trạm thu phí BOT Quang Đức Quốc lộ 14,keep,Trạm thu phí BOT Quang Đức Quốc lộ 14,keep,keep,0.9,"Tên hiện tại đã rõ ràng và khớp với nguồn Google/current, không có bằng chứng sai lệch.",keep,Trạm thu phí BOT Quang Đức Quốc lộ 14,
vn-toll-gmaps-chijcvemggcxnterpqgmbpxjwbc,toll_station,20.850998,106.202547,Trạm thu phí Bình Giang,Trạm thu phí Bình Giang | OSM toll 11946078822 | Trạm Thu phí Bình Giang | Trạm Thu phí Bình Giang | Trạm Thu phí Bình Giang | Trạm Thu phí Bình Giang | Trạm thu phí Bình Giang,osm_placeholder_name;source_name_conflict,Trạm thu phí Bình Giang,keep,Trạm thu phí Bình Giang,keep,keep,0.9,"Tên hiện tại đã rõ ràng và khớp với nguồn Google/current, không có bằng chứng nào cho thấy tên này sai.",keep,Trạm thu phí Bình Giang,
vn-toll-gmaps-chijbqk091h9nder80iyuxu9ckq,toll_station,21.203178,105.77953,Trạm thu phí Bắc Thăng Long - Nội Bài,Trạm thu phí Bắc Thăng Long - Nội Bài | Đường Võ Văn Kiệt | Trạm Thu phí Bắc Thăng Long - Nội Bài | Trạm Thu phí Bắc Thăng Long - Nội Bài | Trạm thu phí Bắc Thăng Long - Nội Bài,osm_road_name_as_object_name;source_name_conflict,Trạm thu phí Bắc Thăng Long - Nội Bài,keep,Trạm thu phí Bắc Thăng Long - Nội Bài,keep,keep,0.95,Tên hiện tại đã rõ ràng và khớp với nguồn Google/current.,keep,Trạm thu phí Bắc Thăng Long - Nội Bài,
vn-toll-gmaps-chijn4fa8utmcjerr8zi6wu9oiu,toll_station,10.656005,106.473537,Trạm thu phí Bến Lức,Trạm thu phí Bến Lức | Đi Cao tốc Thành phố Hồ Chí Minh - Trung Lương | Trạm Thu phí Bến Lức | Trạm Thu phí Bến Lức | Trạm thu phí Bến Lức,osm_road_name_as_object_name;source_name_conflict;missing_road_context,Trạm thu phí Bến Lức,keep,Trạm thu phí Bến Lức,keep,keep,0.9,"Tên hiện tại đã rõ ràng và khớp với nguồn Google/current, không cần thay đổi.",keep,Trạm thu phí Bến Lức,
final-ChIJ-cUWDQN3NjERssQ2fMiAUBw,toll_station,20.1664286,105.8628399,Trạm thu phí Cao Bồ,Trạm thu phí Cao Bồ | Đường cao tốc Mai Sơn - Quốc lộ 45 | Trạm thu phí Cao Bồ,osm_road_name_as_object_name;source_name_conflict;missing_province_context;missing_road_context,Trạm thu phí Cao Bồ,keep,Trạm thu phí Cao Bồ,keep,keep,0.9,"Tên hiện tại đã rõ và khớp với nguồn Google/current, không cần thay đổi.",keep,Trạm thu phí Cao Bồ,
vn-toll-gmaps-chijsdfrx9pxsjershfnq83hhau,toll_station,20.770163,106.712798,Trạm thu phí cao tốc Hà Nội - Hải Phòng - Dương Kính,Trạm thu phí cao tốc Hà Nội - Hải Phòng - Dương Kính | OSM toll 8544582973 | Cao Tốc Hà Nội - Hải Phòng Qpc7 | Trạm thu phí cao tốc Hà Nội - Hải Phòng - Dương Kính | Trạm thu phí cao tốc Hà Nội - Hải Phòng | Trạm thu phí cao tốc Hà Nội - Hải Phòng | Trạm thu phí cao tốc Hà Nội - Hải Phòng | Trạm thu phí cao tốc Hà Nội - Hải Phòng - Dương Kính,osm_placeholder_name;multiple_name_variants;source_name_conflict,Trạm thu phí cao tốc Hà Nội - Hải Phòng - Dương Kính,keep,Trạm thu phí cao tốc Hà Nội - Hải Phòng - Dương Kính,keep,keep,0.9,"Tên hiện tại đã rõ ràng và khớp với nguồn Google/current, không có bằng chứng sai lệch.",keep,Trạm thu phí cao tốc Hà Nội - Hải Phòng - Dương Kính,
vn-toll-gmaps-chijcwi7ozglnterebneqrz056u,toll_station,20.931708,105.971447,Trạm thu phí cao tốc Hà Nội - Hải Phòng - Văn Giang,Trạm thu phí cao tốc Hà Nội - Hải Phòng - Văn Giang | OSM toll 1324667567 | Cao Tốc Hà Nội - Hải Phòng Wxjc | Trạm thu phí cao tốc Hà Nội - Hải Phòng - Văn Giang | Trạm Thu phí Cao tốc Hà Nội - Hải Phòng | Trạm thu phí cao tốc Hà Nội - Hải Phòng - Văn Giang,osm_placeholder_name;multiple_name_variants;source_name_conflict,Trạm thu phí cao tốc Hà Nội - Hải Phòng - Văn Giang,keep,Trạm thu phí cao tốc Hà Nội - Hải Phòng - Văn Giang,keep,keep,0.9,"Tên hiện tại đã rõ ràng và khớp với nguồn Google/current, không có bằng chứng sai lệch.",keep,Trạm thu phí cao tốc Hà Nội - Hải Phòng - Văn Giang,
vn-toll-gmaps-chijl6j3blwfszer0pcyadvep-u,toll_station,21.082426,107.392871,Trạm thu phí cao tốc Hạ Long - Vân Đồn,Trạm thu phí cao tốc Hạ Long - Vân Đồn | Trạm Thu phí Đoàn Kết | Cao Tốc Hạ Long - Vân Đồn 39Jv | TRẠM THU PHÍ HẠ LONG VÂN ĐỒN | Trạm thu phí cao tốc Hạ Long - Vân Đồn | Trạm thu phí cao tốc Hạ Long - Vân Đồn,multiple_name_variants,Trạm thu phí cao tốc Hạ Long - Vân Đồn,keep,Trạm thu phí cao tốc Hạ Long - Vân Đồn,keep,keep,0.95,"Tên hiện tại đã rõ ràng và khớp với nguồn Google/current, không có bằng chứng sai lệch.",keep,Trạm thu phí cao tốc Hạ Long - Vân Đồn,
vn-toll-gmaps-chijzt0yfhjfsjere2wnmcahp3w,toll_station,20.974346,106.965774,Trạm thu phí cao tốc Hạ Long - Vân Đồn,Trạm thu phí cao tốc Hạ Long - Vân Đồn | Trạm Thu phí Việt Hưng | Cao Tốc Hạ Long - Vân Đồn Xxf8 | Trạm thu phí cao tốc Hạ Long - Vân Đồn,multiple_name_variants,Trạm thu phí cao tốc Hạ Long - Vân Đồn,keep,Trạm thu phí cao tốc Hạ Long - Vân Đồn,keep,keep,0.95,Tên hiện tại đã rõ ràng và khớp với nguồn Google/current.,keep,Trạm thu phí cao tốc Hạ Long - Vân Đồn,
vn-toll-gmaps-chij25u6y96fcjerromg4bcfto0,toll_station,10.317545,105.880116,Trạm thu phí cao tốc Trung Lương - Mỹ Thuận,Trạm thu phí cao tốc Trung Lương - Mỹ Thuận | Trạm Thu phí An Thái Trung | Cao Tốc Trung Lương - Mỹ Thuận 8V9J | Trạm Thu phí Cao Tốc Trung Lương - Mỹ Thuận | Trạm Thu phí Cao Tốc Trung Lương - Mỹ Thuận | TRẠM THU PHÍ CAI LẬY ( CAO TỐC TRUNG LƯƠNG- MỸ THUẬN) | Trạm Thu phí Cao Tốc Trung Lương - Mỹ Thuận | Trạm thu phí cao tốc Trung Lương - Mỹ Thuận,multiple_name_variants,Trạm thu phí cao tốc Trung Lương - Mỹ Thuận,keep,Trạm thu phí cao tốc Trung Lương - Mỹ Thuận,keep,keep,0.9,"Tên hiện tại đã rõ ràng và khớp với nguồn Google/current, không có bằng chứng nào cho thấy tên này sai.",keep,Trạm thu phí cao tốc Trung Lương - Mỹ Thuận,
vn-toll-clean-079,toll_station,10.0199467,106.2974383,Trạm thu phí Cầu Cổ Chiên,Trạm thu phí Cầu Cổ Chiên | QL60 | Trạm thu phí Cổ Chiên | Trạm Thu phí Cầu Cổ Chiên | Trạm thu phí Cầu Cổ Chiên,multiple_name_variants,Trạm thu phí Cầu Cổ Chiên,keep,Trạm thu phí Cầu Cổ Chiên,keep,keep,0.95,"Tên hiện tại đã rõ ràng và khớp với nguồn Google/current, không có bằng chứng sai lệch.",keep,Trạm thu phí Cầu Cổ Chiên,
vn-toll-gmaps-chijbyvfm3qkntercjpalln1y8g,toll_station,21.080139,106.092165,Trạm thu phí Cầu Hồ,Trạm thu phí Cầu Hồ | Trạm Thu Phí Bắc Ninh Hải Dương | QL38 | Trạm Thu phí Cầu Hồ | Trạm Thu phí Cầu Hồ | Trạm Thu phí Cầu Hồ | Trạm Thu phí Cầu Hồ | Trạm thu phí Cầu Hồ,multiple_name_variants,Trạm thu phí Cầu Hồ,keep,Trạm thu phí Cầu Hồ,keep,keep,0.9,"Tên hiện tại đã rõ ràng và khớp với nguồn Google/current, không có bằng chứng nào cho thấy tên này sai.",keep,Trạm thu phí Cầu Hồ,
final-ChIJcYnshklhoDERkLnRXydRhaw,toll_station,9.9242626,105.8540449,Trạm thu phí Cầu Phú Hữu,Trạm thu phí Cầu Phú Hữu | Trạm Thu phí Cầu Phú Hữu | Trạm thu phí Cầu Phú Hữu,missing_province_context,Trạm thu phí Cầu Phú Hữu,keep,Trạm thu phí Cầu Phú Hữu,keep,keep,0.95,"Tên hiện tại đã rõ ràng và khớp với nguồn Google/current, không cần thay đổi.",keep,Trạm thu phí Cầu Phú Hữu,
vn-toll-gmaps-chijcdgnmmhdnterei-tfxzxnhk,toll_station,20.590872,106.139251,Trạm thu phí Cầu Thái Hà,Trạm thu phí Cầu Thái Hà | OSM toll 13338380133 | Trạm Thu phí Cầu Thái Hà | Trạm Thu phí Cầu Thái Hà | Trạm thu phí Cầu Thái Hà,osm_placeholder_name;source_name_conflict,Trạm thu phí Cầu Thái Hà,keep,Trạm thu phí Cầu Thái Hà,keep,keep,0.9,"Tên hiện tại đã rõ ràng và khớp với nguồn Google/current, không có bằng chứng nào cho thấy tên này sai.",keep,Trạm thu phí Cầu Thái Hà,
vn-toll-gmaps-chijsdenahanndersdrkmfp5jxw,toll_station,21.285532,105.404046,Trạm thu phí Cầu Văn Lang,Trạm thu phí Cầu Văn Lang | OSM toll 6563222996 | Trạm Thu phí Cầu Văn Lang | Trạm Thu phí Cầu Văn Lang | Trạm thu phí Cầu Văn Lang (QL32 – QL32C) | Trạm Thu phí Cầu Văn Lang | Trạm thu phí Cầu Văn Lang,osm_placeholder_name;multiple_name_variants;source_name_conflict;missing_road_context,Trạm thu phí Cầu Văn Lang,keep,Trạm thu phí Cầu Văn Lang,keep,keep,0.9,"Tên hiện tại đã rõ ràng và khớp với nguồn Google/current, không có bằng chứng sai lệch.",keep,Trạm thu phí Cầu Văn Lang,
vn-toll-gmaps-chijpud-awdhnteraukymvq-3di,toll_station,20.658939,106.048984,Trạm thu phí Cầu Yên Lệnh,Trạm thu phí Cầu Yên Lệnh | OSM toll 10198957829 | QL38 | Trạm Thu phí Cầu Yên Lệnh | Trạm Thu phí Cầu Yên Lệnh | Trạm Thu phí Cầu Yên Lệnh | Trạm Thu phí Cầu Yên Lệnh | Trạm thu phí Cầu Yên Lệnh,osm_placeholder_name;multiple_name_variants;source_name_conflict,Trạm thu phí Cầu Yên Lệnh,keep,Trạm thu phí Cầu Yên Lệnh,keep,keep,0.95,"Tên hiện tại đã rõ ràng và khớp với nguồn Google/current, không có bằng chứng sai sót.",keep,Trạm thu phí Cầu Yên Lệnh,
vn-toll-gmaps-chijuf95la0bszer7kkifo99l6e,toll_station,21.003101,107.327187,Trạm thu phí Cẩm Phả,Trạm thu phí Cẩm Phả | OSM toll 1381203335 | Trạm Thu Phí Cẩm Phả | Trạm Thu Phí Cẩm Phả | TRẠM THU PHÍ CẨM PHẢ QL 18 | Trạm Thu Phí Cẩm Phả | Trạm thu phí Cẩm Phả,osm_placeholder_name;multiple_name_variants;source_name_conflict;missing_road_context,Trạm thu phí Cẩm Phả,keep,Trạm thu phí Cẩm Phả,keep,keep,0.9,"Tên hiện tại đã rõ và khớp với nguồn Google/current, không có bằng chứng nào cho thấy tên này sai.",keep,Trạm thu phí Cẩm Phả,
vn-toll-gmaps-chij17nu3clusjerps6to2kbcuc,toll_station,20.776114,106.723902,Trạm thu phí Dương Kinh,Trạm thu phí Dương Kinh | OSM toll 1329847084 | Trạm Thu phí Dương Kinh | Trạm Thu phí Dương Kinh | Trạm Thu phí Dương Kinh | Trạm Thu phí Dương Kinh | Trạm thu phí Dương Kinh,osm_placeholder_name;source_name_conflict,Trạm thu phí Dương Kinh,keep,Trạm thu phí Dương Kinh,keep,keep,0.9,"Tên hiện tại đã rõ ràng và khớp với nguồn Google/current, không có bằng chứng nào cho thấy tên này sai.",keep,Trạm thu phí Dương Kinh,
vn-toll-gmaps-chijs-uxldfhmzerhgmov8hzfq0,toll_station,21.533157,104.972637,Trạm thu phí Hạ Hoà (IC11),Trạm thu phí Hạ Hoà (IC11) | IC11 | Trạm thu phí Hạ Hoà (IC11),source_name_conflict,Trạm thu phí Hạ Hoà (IC11),keep,Trạm thu phí Hạ Hoà,rename,keep,0.8,"Tên hiện tại có phần bổ sung '(IC11)' không cần thiết, tên chính xác hơn là 'Trạm thu phí Hạ Hoà'.",keep,Trạm thu phí Hạ Hoà (IC11),Human override: keep Google/current name; IC/parenthetical info may be useful.
vn-toll-gmaps-chijz1erg79vnterj9wpxswipbo,toll_station,21.315908,106.25888,Trạm thu phí Km 104 cao tốc Bắc Giang - Lạng Sơn,Trạm thu phí Km 104 cao tốc Bắc Giang - Lạng Sơn | Trạm Thu phí Km 104 | Cao Tốc Bắc Giang - Lạng Sơn 8785 | Trạm Thu phí Km 104 Cao tốc Bắc Giang - Lạng Sơn | Trạm Thu phí Km 104 Cao tốc Bắc Giang - Lạng Sơn | Trạm Thu phí Km 104 Cao tốc Bắc Giang - Lạng Sơn | Trạm Thu phí Km 104 Cao tốc Bắc Giang - Lạng Sơn | Trạm thu phí Km 104 cao tốc Bắc Giang - Lạng Sơn,multiple_name_variants,Trạm thu phí Km 104 cao tốc Bắc Giang - Lạng Sơn,keep,Trạm thu phí Km 104 cao tốc Bắc Giang - Lạng Sơn,keep,keep,0.95,"Tên hiện tại đã rõ ràng và khớp với nguồn Google/current, không có bằng chứng sai lệch.",keep,Trạm thu phí Km 104 cao tốc Bắc Giang - Lạng Sơn,
vn-toll-gmaps-chijldcenyv9nderu0-djgbtfgm,toll_station,21.252714,105.739648,Trạm thu phí Km 6 cao tốc Hà Nội - Lào Cai,Trạm thu phí Km 6 cao tốc Hà Nội - Lào Cai | Trạm thu phí Nội Bài | Cao Tốc Hà Nội - Lào Cai Trạm Thu Phí Cao Tốc Nội Bài - Lào Cai | Trạm Thu phí Km 6 Cao tốc Hà Nội - Lào Cai | Trạm Thu phí Km 6 Cao tốc Hà Nội - Lào Cai | Trạm Thu phí Km 6 Cao tốc Hà Nội - Lào Cai | Trạm Thu phí Km 6 Cao tốc Hà Nội - Lào Cai | Trạm thu phí Km 6 cao tốc Hà Nội - Lào Cai,multiple_name_variants,Trạm thu phí Km 6 cao tốc Hà Nội - Lào Cai,keep,Trạm thu phí Km 6 cao tốc Hà Nội - Lào Cai,keep,keep,0.9,"Tên hiện tại đã rõ ràng và khớp với nguồn Google/current, không có bằng chứng nào cho thấy tên này sai.",keep,Trạm thu phí Km 6 cao tốc Hà Nội - Lào Cai,
vn-toll-gmaps-chijfrnwdlqrsjerj0lihlazqz8,toll_station,21.686704,106.62769,Trạm thu phí Km 45 - cao tốc Bắc - Nam phía Đông (Bắc Giang - Lạng Sơn),Trạm thu phí Km 45 - cao tốc Bắc - Nam phía Đông (Bắc Giang - Lạng Sơn) | Trạm Thu phí Km 45+100 | Cao Tốc Bắc - Nam Phía Đông | Trạm Thu Phí Km 45 - Cao Tốc Bắc - Nam phía Đông (Bắc Giang - Lạng Sơn) | Trạm Thu Phí Km 45 - Cao Tốc Bắc - Nam phía Đông (Bắc Giang - Lạng Sơn) | Trạm Thu Phí Km 45 - Cao Tốc Bắc - Nam phía Đông (Bắc Giang - Lạng Sơn) | Trạm Thu Phí Km 45 - Cao Tốc Bắc - Nam phía Đông (Bắc Giang - Lạng Sơn) | Trạm thu phí Km 45 - cao tốc Bắc - Nam phía Đông (Bắc Giang - Lạng Sơn),multiple_name_variants;source_name_conflict,Trạm thu phí Km 45 - cao tốc Bắc - Nam phía Đông (Bắc Giang - Lạng Sơn),keep,Trạm thu phí Km 45 - cao tốc Bắc - Nam phía Đông (Bắc Giang - Lạng Sơn),keep,keep,0.9,"Tên hiện tại đã rõ ràng và khớp với nguồn Google/current, không cần thay đổi.",keep,Trạm thu phí Km 45 - cao tốc Bắc - Nam phía Đông (Bắc Giang - Lạng Sơn),
vn-toll-gmaps-chijw7x4ly4vbzerqhxh-n6qozq,toll_station,13.871314,109.125422,Trạm thu phí Nam Bình Định,Trạm thu phí Nam Bình Định | OSM toll 6950227536 | Trạm Thu phí Nam Bình Định | Trạm Thu phí Nam Bình Định | TRẠM THU PHÍ NAM BÌNH ĐỊNH | Trạm Thu phí Nam Bình Định | Trạm thu phí Nam Bình Định,osm_placeholder_name;source_name_conflict,Trạm thu phí Nam Bình Định,keep,Trạm thu phí Nam Bình Định,keep,keep,0.9,"Tên hiện tại đã rõ ràng và khớp với nguồn Google/current, không có bằng chứng nào cho thấy tên này sai.",keep,Trạm thu phí Nam Bình Định,
vn-toll-gmaps-chijheu4jpyeqjer0ieju1yy09k,toll_station,15.890553,108.173646,Trạm thu phí Phong Thử,Trạm thu phí Phong Thử | OSM toll 1374419135 | Trạm Thu phí Phong Thử | Trạm Thu phí Phong Thử | Trạm thu phí Phong Thử,osm_placeholder_name;source_name_conflict,Trạm thu phí Phong Thử,keep,Trạm thu phí Phong Thử,keep,keep,0.9,"Tên hiện tại đã rõ ràng và khớp với nguồn Google/current, không có bằng chứng nào cho thấy tên này sai.",keep,Trạm thu phí Phong Thử,
vn-toll-gmaps-chij5uixooyznter1uou4imhe6q,toll_station,20.907514,105.86138,Trạm thu phí Pháp Vân,Trạm thu phí Pháp Vân | Đường cao tốc Pháp Vân - Cầu Giẽ | Trạm thu phí Pháp Vân | Trạm thu phí Pháp Vân | Trạm thu phí Pháp Vân,osm_road_name_as_object_name;source_name_conflict;missing_road_context,Trạm thu phí Pháp Vân,keep,Trạm thu phí Pháp Vân,keep,keep,0.9,"Tên hiện tại đã rõ ràng và khớp với nguồn Google/current, không cần thay đổi.",keep,Trạm thu phí Pháp Vân,
vn-toll-gmaps-chij60njjc-tnderf1gktlbp6bm,toll_station,21.390527,105.330033,Trạm thu phí Phù Ninh (IC8),Trạm thu phí Phù Ninh (IC8) | OSM toll 3992131737 | Trạm Thu phí Phù Ninh (IC8) | Trạm Thu phí Phù Ninh (IC8) | Trạm thu phí Phù Ninh (IC8),osm_placeholder_name;source_name_conflict,Trạm thu phí Phù Ninh (IC8),keep,Trạm thu phí Phù Ninh (IC8),keep,keep,0.9,"Tên hiện tại đã rõ ràng và khớp với nguồn Google/current, không có bằng chứng sai lệch.",keep,Trạm thu phí Phù Ninh (IC8),
vn-toll-gmaps-chijg8s9mawqnderqdir-t0q-ia,toll_station,21.423543,105.230986,Trạm thu phí Phú Thọ (IC9),Trạm thu phí Phú Thọ (IC9) | OSM toll 6877650786 | Trạm Thu phí Phú Thọ (IC9) | Trạm Thu phí Phú Thọ (IC9) | Trạm thu phí Phú Thọ (IC9),osm_placeholder_name;source_name_conflict,Trạm thu phí Phú Thọ (IC9),keep,Trạm thu phí Phú Thọ,rename,keep,0.9,"Tên hiện tại có phần ngoặc '(IC9)' không cần thiết và không có trong nguồn Google/current, tên đã rõ ràng và khớp với nguồn chính thức.",keep,Trạm thu phí Phú Thọ (IC9),Human override: keep Google/current name; IC/parenthetical info may be useful.
vn-toll-gmaps-chij-b1-qmp3nter5hrm1tmd6de,toll_station,21.116648,106.276521,Trạm thu phí Phả Lại,Trạm thu phí Phả Lại | OSM toll 13602049340 | Trạm Thu phí Phả Lại | Trạm Thu phí Phả Lại | TRẠM THU PHÍ PHẢ LẠI | Trạm Thu phí Phả Lại | Trạm thu phí Phả Lại,osm_placeholder_name;source_name_conflict,Trạm thu phí Phả Lại,keep,Trạm thu phí Phả Lại,keep,keep,0.9,"Tên hiện tại đã rõ ràng và khớp với nguồn Google/current, không có bằng chứng nào cho thấy tên này sai.",keep,Trạm thu phí Phả Lại,
vn-toll-gmaps-chijmzdscgvgsjer8vf1a48ywny,toll_station,20.986069,106.90282,Trạm thu phí quốc lộ 18 - Đại Yên,Trạm thu phí quốc lộ 18 - Đại Yên | Trạm Thu Phí Đại Yên | QL18 | TRẠM THU PHÍ ĐẠI YÊN | Trạm thu phí Đại Yên | Trạm thu phí quốc lộ 18 - Đại Yên,multiple_name_variants,Trạm thu phí quốc lộ 18 - Đại Yên,keep,Trạm thu phí quốc lộ 18 - Đại Yên,keep,keep,0.95,Tên hiện tại đã rõ ràng và khớp với nguồn Google/current.,keep,Trạm thu phí quốc lộ 18 - Đại Yên,
vn-toll-clean-022,toll_station,21.6205522,106.5586596,Trạm thu phí Quốc lộ 279,Trạm thu phí Quốc lộ 279 | Quốc lộ 279 | Trạm thu phí 279 BGLS | Trạm Thu phí Quốc lộ 279 | Trạm thu phí Quốc lộ 279,multiple_name_variants,Trạm thu phí Quốc lộ 279,keep,Trạm thu phí Quốc lộ 279,keep,keep,0.95,Tên hiện tại đã rõ ràng và khớp với nguồn Google/current.,keep,Trạm thu phí Quốc lộ 279,
vn-toll-gmaps-chijz9dylgbzcderyflmmd4qeom,toll_station,12.178763,109.058643,Trạm thu phí Suối Dầu,Trạm thu phí Suối Dầu | Đi Cao tốc Nha Trang - Cam Lâm | Trạm Thu phí Suối Dầu | Trạm Thu phí Suối Dầu | Trạm thu phí Suối Dầu,osm_road_name_as_object_name;source_name_conflict;missing_road_context,Trạm thu phí Suối Dầu,keep,Trạm thu phí Suối Dầu,keep,keep,0.9,"Tên hiện tại đã rõ ràng và khớp với nguồn Google/current, không cần thay đổi.",keep,Trạm thu phí Suối Dầu,
vn-toll-gmaps-chijm6tquru8djeran-pvwkiil0,toll_station,11.203574,108.32627,Trạm thu phí Sông Lũy,Trạm thu phí Sông Lũy | OSM toll 10198616916 | Trạm Thu phí Sông Lũy | Trạm Thu phí Sông Lũy | Trạm thu phí Sông Lũy,osm_placeholder_name;source_name_conflict,Trạm thu phí Sông Lũy,keep,Trạm thu phí Sông Lũy,keep,keep,0.9,"Tên hiện tại đã rõ ràng và khớp với nguồn Google/current, không có bằng chứng nào cho thấy tên này sai.",keep,Trạm thu phí Sông Lũy,
vn-toll-gmaps-chijuyf92xusdderp1zo6r1ueqo,toll_station,10.875323,107.931343,Trạm thu phí Sông Phan,Trạm thu phí Sông Phan | OSM toll 1588276876 | Trạm Thu phí Sông Phan | Trạm Thu phí Sông Phan | Trạm thu phí Sông Phan | Trạm Thu phí Sông Phan | Trạm thu phí Sông Phan,osm_placeholder_name;source_name_conflict,Trạm thu phí Sông Phan,keep,Trạm thu phí Sông Phan,keep,keep,0.9,"Tên hiện tại đã rõ ràng và khớp với nguồn Google/current, không có bằng chứng nào cho thấy tên này sai.",keep,Trạm thu phí Sông Phan,
vn-toll-gmaps-chijh4ypgmglnterffp5cs-xi3k,toll_station,20.949337,106.012557,Trạm thu phí Số 1 - Quốc lộ 5,Trạm thu phí Số 1 - Quốc lộ 5 | Trạm thu phí số 1 | QL5 | Trạm Thu phí Số 1 - Quốc lộ 5 | Trạm Thu phí Số 1 - Quốc lộ 5 | Trạm thu phí Số 1 - Quốc lộ 5,multiple_name_variants,Trạm thu phí Số 1 - Quốc lộ 5,keep,Trạm thu phí Số 1 - Quốc lộ 5,keep,keep,0.95,"Tên hiện tại đã rõ ràng và khớp với nguồn Google/current, không cần thay đổi.",keep,Trạm thu phí Số 1 - Quốc lộ 5,
final-ChIJ4dEMbuZ4SjERLJAkCqZ65Ac,toll_station,20.9085704,106.5726339,Trạm thu phí Số 2 - Quốc lộ 5,Trạm thu phí Số 2 - Quốc lộ 5 | OSM toll 10185562123 | QL5 | TRẠM THU PHÍ QL 5 SỐ 2 ( TRẠM QUÁN TOAN) | Trạm Thu phí Số 2 - Quốc lộ 5 | Trạm thu phí Số 2 - Quốc lộ 5,osm_placeholder_name;multiple_name_variants;source_name_conflict,Trạm thu phí Số 2 - Quốc lộ 5,keep,Trạm thu phí Số 2 - Quốc lộ 5,keep,keep,0.9,"Tên hiện tại đã rõ ràng và khớp với nguồn Google/current, không có bằng chứng nào cho thấy tên này sai.",keep,Trạm thu phí Số 2 - Quốc lộ 5,
vn-toll-gmaps-chijmzqjckncatervw-k6mqd6u8,toll_station,15.548535,108.518476,Trạm thu phí Tam Kỳ,Trạm thu phí Tam Kỳ | OSM toll 6860284192 | QL1A | Trạm Thu phí Tam Kỳ | Trạm Thu phí Tam Kỳ | TRẠM THU PHÍ TAM KỲ | Trạm Thu phí Tam Kỳ | Trạm thu phí Tam Kỳ,osm_placeholder_name;multiple_name_variants;source_name_conflict,Trạm thu phí Tam Kỳ,keep,Trạm thu phí Tam Kỳ,keep,keep,0.95,"Tên hiện tại đã rõ ràng và khớp với nguồn Google/current, không có bằng chứng sai lệch.",keep,Trạm thu phí Tam Kỳ,
vn-toll-gmaps-chij3whjiascoderoc1smos1xbs,toll_station,17.890216,106.450909,Trạm thu phí TASCO Quảng Bình,Trạm thu phí TASCO Quảng Bình | OSM toll 668714123 | Trạm Thu Phí TASCO Quảng Bình | Trạm Thu Phí TASCO Quảng Bình | TRẠM THU PHÍ TASCO QUẢNG BÌNH | Trạm Thu Phí TASCO Quảng Bình | Trạm thu phí TASCO Quảng Bình,osm_placeholder_name;source_name_conflict,Trạm thu phí TASCO Quảng Bình,keep,Trạm thu phí TASCO Quảng Bình,keep,keep,0.95,"Tên hiện tại đã rõ ràng và khớp với nguồn Google/current, không có bằng chứng nào cho thấy tên này sai.",keep,Trạm thu phí TASCO Quảng Bình,
vn-toll-gmaps-chijj9dxbz8nntery-h6eafxdse,toll_station,21.644094,105.785999,Trạm thu phí Thái Nguyên - Chợ Mới,Trạm thu phí Thái Nguyên - Chợ Mới | OSM toll 10001978675 | Trạm Thu phí Thái Nguyên - Chợ Mới | Trạm Thu phí Thái Nguyên - Chợ Mới | Trạm thu phí Thái Nguyên - Chợ Mới,osm_placeholder_name;source_name_conflict,Trạm thu phí Thái Nguyên - Chợ Mới,keep,Trạm thu phí Thái Nguyên - Chợ Mới,keep,keep,0.9,"Tên hiện tại đã rõ ràng và khớp với nguồn Google/current, không có bằng chứng sai lệch.",keep,Trạm thu phí Thái Nguyên - Chợ Mới,
vn-toll-gmaps-chijq6qqvpajnterc3bdyznisgo,toll_station,20.776437,106.507622,Trạm thu phí Tiên Cựu,Trạm thu phí Tiên Cựu | OSM toll 6864061670 | QL10 | Trạm Thu phí Tiên Cựu | Trạm Thu phí Tiên Cựu | TRẠM THU PHÍ TIÊN CỰU | Trạm Thu phí Tiên Cựu | Trạm thu phí Tiên Cựu,osm_placeholder_name;multiple_name_variants;source_name_conflict,Trạm thu phí Tiên Cựu,keep,Trạm thu phí Tiên Cựu,keep,keep,0.95,"Tên hiện tại đã rõ và khớp với nguồn Google/current, không có bằng chứng sai lệch.",keep,Trạm thu phí Tiên Cựu,
vn-toll-gmaps-chijoz7tsyhkdderuzx9tyaqzms,toll_station,10.945377,107.057444,Trạm thu phí Trảng Bom,Trạm thu phí Trảng Bom | Trạm thu phí Trảng Bom | QL1A | TRẠM THU PHÍ TRẢNG BOM- ĐỒNG NAI | Trạm Thu phí Trảng Bom | Trạm thu phí Trảng Bom,multiple_name_variants,Trạm thu phí Trảng Bom,keep,Trạm thu phí Trảng Bom,keep,keep,0.95,"Tên hiện tại đã rõ ràng và khớp với nguồn Google/current, không có bằng chứng sai lệch.",keep,Trạm thu phí Trảng Bom,
vn-toll-gmaps-chij1umhywbvaderfo0oqudtkge,toll_station,15.063359,108.839193,Trạm thu phí Tư Nghĩa,Trạm thu phí Tư Nghĩa | OSM toll 6860315448 | Trạm Thu phí Tư Nghĩa | Trạm Thu phí Tư Nghĩa | TRẠM THU PHÍ TƯ NGHĨA | Trạm Thu phí Tư Nghĩa | Trạm thu phí Tư Nghĩa,osm_placeholder_name;source_name_conflict,Trạm thu phí Tư Nghĩa,keep,Trạm thu phí Tư Nghĩa,keep,keep,0.9,"Tên hiện tại đã rõ ràng và khớp với nguồn Google/current, không có bằng chứng nào cho thấy tên này sai.",keep,Trạm thu phí Tư Nghĩa,
vn-toll-gmaps-chij180vwgctndertlpjgciqgh4,toll_station,21.365264,105.380222,Trạm thu phí Việt Trì (IC7),Trạm thu phí Việt Trì (IC7) | Trạm thu phí Việt Trì | CT05 | Trạm thu phí Việt Trì (IC7),multiple_name_variants,Trạm thu phí Việt Trì (IC7),keep,Trạm thu phí Việt Trì,keep,keep,0.9,"Tên hiện tại đã rõ và khớp với nguồn Google/current, không cần thêm phần ngoặc IC7.",keep,Trạm thu phí Việt Trì (IC7),
vn-toll-gmaps-chij3dxy82ftnderbrdtq0yxuy8,toll_station,21.355073,105.463963,Trạm thu phí Văn Quán (IC6),Trạm thu phí Văn Quán (IC6) | OSM toll 6554465773 | Trạm Thu phí Văn Quán (IC6) | Trạm Thu phí Văn Quán (IC6) | Trạm thu phí Văn Quán (IC6),osm_placeholder_name;source_name_conflict,Trạm thu phí Văn Quán (IC6),keep,Trạm thu phí Văn Quán (IC6),keep,keep,0.9,Tên hiện tại đã rõ ràng và khớp với nguồn Google/current.,keep,Trạm thu phí Văn Quán (IC6),
vn-toll-gmaps-chijq32qgjhfnderqfmgxjirylu,toll_station,20.870306,105.513575,Trạm thu phí Xuân Mai - Hòa Bình,Trạm thu phí Xuân Mai - Hòa Bình | Trạm Thu Phí Lương Sơn | QL6 | Trạm thu phí Xuân Mai - Hòa Bình | Trạm thu phí Xuân Mai - Hòa Bình | Trạm thu phí Xuân Mai – Hòa Bình | Trạm thu phí Xuân Mai - Hòa Bình | Trạm thu phí Xuân Mai - Hòa Bình,multiple_name_variants,Trạm thu phí Xuân Mai - Hòa Bình,keep,Trạm thu phí Xuân Mai - Hòa Bình,keep,keep,0.9,"Tên hiện tại đã rõ ràng và khớp với nguồn Google/current, không có bằng chứng sai lệch.",keep,Trạm thu phí Xuân Mai - Hòa Bình,
vn-toll-gmaps-chijy0pvdki7nterxrsufrtk7-0,toll_station,20.850209,106.027549,Trạm thu phí Yên Mỹ,Trạm thu phí Yên Mỹ | OSM toll 4686546644 | Trạm Thu phí Yên Mỹ | Trạm Thu phí Yên Mỹ | Trạm Thu phí Yên Mỹ | Trạm Thu phí Yên Mỹ | Trạm thu phí Yên Mỹ,osm_placeholder_name;source_name_conflict,Trạm thu phí Yên Mỹ,keep,Trạm thu phí Yên Mỹ,keep,keep,0.95,"Tên hiện tại đã rõ ràng và khớp với nguồn Google/current, không có bằng chứng nào cho thấy tên này sai.",keep,Trạm thu phí Yên Mỹ,
vn-toll-gmaps-chijizmkglgeoderl3wwuangeo8,toll_station,10.111717,105.648978,Trạm thu phí Ô Môn,Trạm thu phí Ô Môn | OSM toll 5003536551 | Trạm Thu phí Ô Môn | Trạm Thu phí Ô Môn | Trạm thu phí Ô Môn,osm_placeholder_name;source_name_conflict,Trạm thu phí Ô Môn,keep,Trạm thu phí Ô Môn,keep,keep,0.9,"Tên hiện tại đã rõ ràng và khớp với nguồn Google/current, không có bằng chứng sai lệch.",keep,Trạm thu phí Ô Môn,
vn-toll-gmaps-chijldpaqq0aqjermirp-ousmjs,toll_station,15.930527,108.228712,Trạm thu phí Điện Bàn,Trạm thu phí Điện Bàn | OSM toll 5589299568 | Nhà đất Trạm Thu phí Điện Bàn | Nhà đất Trạm Thu phí Điện Bàn | Trạm thu phí Điện Bàn,osm_placeholder_name;multiple_name_variants;source_name_conflict,Trạm thu phí Điện Bàn,keep,Trạm thu phí Điện Bàn,keep,keep,0.9,"Tên hiện tại đã rõ ràng và khớp với nguồn Google/current, không có bằng chứng nào cho thấy tên này sai.",keep,Trạm thu phí Điện Bàn,
vn-toll-clean-072,toll_station,11.2218334,106.7252837,Trạm thu phí ĐT741,Trạm thu phí ĐT741 | ĐT741 | TRẠM THU PHÍ DT741- BÌNH DƯƠNG | Trạm Thu Phí ĐT741 | Trạm thu phí ĐT741,multiple_name_variants,Trạm thu phí ĐT741,keep,Trạm thu phí ĐT741,keep,keep,0.9,"Tên hiện tại đã rõ ràng và khớp với nguồn Google/current, không có bằng chứng sai lệch.",keep,Trạm thu phí ĐT741,
vn-toll-gmaps-chijw-epzqd3njeribu-dwg-pdu,toll_station,19.827931,105.69233,Trạm thu phí Đông Xuân,Trạm thu phí Đông Xuân | OSM toll 1359071499 | Trạm thu phí Đông Xuân | Trạm thu phí Đông Xuân | Trạm thu phí Đông Xuân,osm_placeholder_name;source_name_conflict,Trạm thu phí Đông Xuân,keep,Trạm thu phí Đông Xuân,keep,keep,0.9,"Tên hiện tại đã rõ ràng và khớp với nguồn Google/current, không có bằng chứng nào cho thấy tên này sai.",keep,Trạm thu phí Đông Xuân,
vn-toll-gmaps-chijosjouw5nnderljgn046zgi4,toll_station,20.965148,105.397958,Trạm thu phí đường Hòa Lạc - Hòa Bình,Trạm thu phí đường Hòa Lạc - Hòa Bình | Đường cao tốc Hòa Lạc – Hòa Bình | Trạm thu phí đường Hòa Lạc - Hòa Bình,osm_road_name_as_object_name;missing_road_context,Trạm thu phí đường Hòa Lạc - Hòa Bình,keep,Trạm thu phí đường Hòa Lạc - Hòa Bình,keep,keep,0.9,"Tên hiện tại đã rõ ràng và khớp với nguồn Google/current, không cần thay đổi.",keep,Trạm thu phí đường Hòa Lạc - Hòa Bình,
vn-toll-gmaps-chijg3byqa61czersgevsyvu4he,toll_station,12.188389,107.637639,Trạm thu phí Đắk Song,Trạm thu phí Đắk Song | Trạm Thu Phí Đắk Song | QL14 | TRẠM THU PHÍ ĐẮC NÔNG | Trạm Thu phí Đắk Song | Trạm thu phí Đắk Song,multiple_name_variants,Trạm thu phí Đắk Song,keep,Trạm thu phí Đắk Song,keep,keep,0.95,"Tên hiện tại đã rõ ràng và khớp với nguồn Google/current, không cần thay đổi.",keep,Trạm thu phí Đắk Song,
vn-toll-gmaps-chij-wvfyuvcter5tonghianj4,toll_station,11.859578,108.457887,Trạm thu phí Định An,Trạm thu phí Định An | Đường cao tốc Liên Khương - Prenn | CT27 | Trạm thu phí Định An,osm_road_name_as_object_name;multiple_name_variants;source_name_conflict,Trạm thu phí Định An,keep,Trạm thu phí Định An,keep,keep,0.9,"Tên hiện tại đã rõ ràng và khớp với nguồn Google/current, không cần thay đổi.",keep,Trạm thu phí Định An,
vn-toll-results-a8c1640ca55f27,toll_station,21.378121,105.913552,Cầu treo thu phí,Cầu treo thu phí | Cầu treo thu phí,missing_province_context,Cầu treo thu phí,keep,Cầu treo thu phí,keep,keep,0.9,"Tên hiện tại đã rõ ràng và khớp với nguồn Google, không cần thay đổi.",keep,Cầu treo thu phí,
vn-toll-results-8912940a55179a,toll_station,10.666701,106.457972,Trạm Thu phí Bến Lức,Trạm Thu phí Bến Lức | Trạm Thu phí Bến Lức,missing_province_context,Trạm Thu phí Bến Lức,keep,Trạm Thu phí Bến Lức,keep,keep,0.9,"Tên hiện tại đã rõ ràng và khớp với nguồn Google, không cần thay đổi.",keep,Trạm Thu phí Bến Lức,
vn-toll-results-af81bbbd5539fa,toll_station,20.301291,106.562304,Trạm thu phí BOT Đường ven biển Thái Bình,Trạm thu phí BOT Đường ven biển Thái Bình | Trạm thu phí BOT Đường ven biển Thái Bình,missing_province_context,Trạm thu phí BOT Đường ven biển Thái Bình,keep,Trạm thu phí BOT Đường ven biển Thái Bình,keep,keep,0.9,"Tên hiện tại đã rõ ràng và khớp với nguồn Google, không cần thay đổi.",keep,Trạm thu phí BOT Đường ven biển Thái Bình,
vn-toll-results-739d8616d1be53,toll_station,10.66154,106.560297,Trạm thu phí Bình Chánh,Trạm thu phí Bình Chánh | Trạm thu phí Bình Chánh,missing_province_context,Trạm thu phí Bình Chánh,keep,Trạm thu phí Bình Chánh,keep,keep,0.9,"Tên hiện tại đã rõ ràng và khớp với nguồn Google, không cần thay đổi.",keep,Trạm thu phí Bình Chánh,
vn-toll-results-4f58e6be10a8dc,toll_station,13.951063,109.007743,Trạm thu phí Bình Hiệp,Trạm thu phí Bình Hiệp | Trạm thu phí Bình Hiệp,missing_province_context,Trạm thu phí Bình Hiệp,keep,Trạm thu phí Bình Hiệp,keep,keep,0.9,"Tên hiện tại đã rõ ràng và khớp với nguồn Google, không cần thay đổi.",keep,Trạm thu phí Bình Hiệp,
vn-toll-results-7e5e7fa4176995,toll_station,13.874158,108.008176,Trạm thu phí Chư Sê,Trạm thu phí Chư Sê | Trạm thu phí Chư Sê,missing_province_context,Trạm thu phí Chư Sê,keep,Trạm thu phí Chư Sê,keep,keep,0.9,"Tên hiện tại đã rõ ràng và khớp với nguồn Google, không cần thay đổi.",keep,Trạm thu phí Chư Sê,
vn-toll-results-38e15c8298ba28,toll_station,10.699714,106.608864,Trạm thu phí Chợ Bình Điền,Trạm thu phí Chợ Bình Điền | Trạm thu phí Chợ Bình Điền,missing_province_context,Trạm thu phí Chợ Bình Điền,keep,Trạm thu phí Chợ Bình Điền,keep,keep,0.9,"Tên hiện tại đã rõ ràng và khớp với nguồn Google, không cần thay đổi.",keep,Trạm thu phí Chợ Bình Điền,
vn-toll-results-51072ce4cf0518,toll_station,17.747179,106.440918,Trạm thu phí Cầu Gianh - Quảng Bình,Trạm thu phí Cầu Gianh - Quảng Bình | Trạm thu phí Cầu Gianh - Quảng Bình,missing_province_context,Trạm thu phí Cầu Gianh - Quảng Bình,keep,Trạm thu phí Cầu Gianh - Quảng Bình,keep,keep,0.9,"Tên hiện tại đã rõ ràng và khớp với nguồn Google, không cần thay đổi.",keep,Trạm thu phí Cầu Gianh - Quảng Bình,
vn-toll-results-3dba1c41016286,toll_station,10.900781,106.714263,Trạm thu phí Cầu Ông Bố,Trạm thu phí Cầu Ông Bố | Trạm thu phí Cầu Ông Bố,missing_province_context,Trạm thu phí Cầu Ông Bố,keep,Trạm thu phí Cầu Ông Bố,keep,keep,0.9,"Tên hiện tại đã rõ ràng và khớp với nguồn Google, không cần thay đổi.",keep,Trạm thu phí Cầu Ông Bố,
vn-toll-results-48f39937c30d08,toll_station,20.083758,105.809491,Trạm thu phí Hà Trung,Trạm thu phí Hà Trung | Trạm thu phí Hà Trung,missing_province_context,Trạm thu phí Hà Trung,keep,Trạm thu phí Hà Trung,keep,keep,0.9,"Tên hiện tại đã rõ ràng và khớp với nguồn Google, không cần thay đổi.",keep,Trạm thu phí Hà Trung,
vn-toll-results-dc1ebf3ae65637,toll_station,10.932586,107.967996,Trạm thu phí Nút Giao Ba Bàu,Trạm thu phí Nút Giao Ba Bàu | Trạm thu phí Nút Giao Ba Bàu,missing_province_context,Trạm thu phí Nút Giao Ba Bàu,keep,Trạm thu phí Nút Giao Ba Bàu,keep,keep,0.9,"Tên hiện tại đã rõ ràng và khớp với nguồn Google, không cần thay đổi.",keep,Trạm thu phí Nút Giao Ba Bàu,
vn-toll-results-b452ce137aea4d,toll_station,10.934372,107.977045,Trạm thu phí Nút Giao Ba Bàu,Trạm thu phí Nút Giao Ba Bàu | Trạm thu phí Nút Giao Ba Bàu,missing_province_context,Trạm thu phí Nút Giao Ba Bàu,keep,Trạm thu phí Nút Giao Ba Bàu,keep,keep,0.9,"Tên hiện tại đã rõ ràng và khớp với nguồn Google, không cần thay đổi.",keep,Trạm thu phí Nút Giao Ba Bàu,
vn-toll-results-41ca601e6c5f09,toll_station,10.88509,107.365801,Trạm thu phí Nút Giao TL765 Km 69+400,Trạm thu phí Nút Giao TL765 Km 69+400 | Trạm thu phí Nút Giao TL765 Km 69+400,missing_province_context,Trạm thu phí Nút Giao TL765 Km 69+400,keep,Trạm thu phí Nút Giao TL765 Km 69+400,keep,keep,0.9,"Tên hiện tại đã rõ ràng và khớp với nguồn Google, không cần thay đổi.",keep,Trạm thu phí Nút Giao TL765 Km 69+400,
vn-toll-results-69e1f994f650f1,toll_station,10.94037,108.141791,Trạm thu phí Phú Hài,Trạm thu phí Phú Hài | Trạm thu phí Phú Hài,missing_province_context,Trạm thu phí Phú Hài,keep,Trạm thu phí Phú Hài,keep,keep,0.9,"Tên hiện tại đã rõ ràng và khớp với nguồn Google, không cần thay đổi.",keep,Trạm thu phí Phú Hài,
vn-toll-results-05580e7545bfc7,toll_station,21.230577,105.693648,Trạm thu phí Quốc lộ 2,Trạm thu phí Quốc lộ 2 | Trạm thu phí Quốc lộ 2,missing_province_context,Trạm thu phí Quốc lộ 2,keep,Trạm thu phí Quốc lộ 2,keep,keep,0.9,"Tên hiện tại đã rõ ràng và khớp với nguồn Google, không cần thay đổi.",keep,Trạm thu phí Quốc lộ 2,
vn-toll-results-7d00ba5a038ceb,toll_station,21.339235,106.270349,Trạm thu phí Thị Trấn Vôi,Trạm thu phí Thị Trấn Vôi | Trạm thu phí Thị Trấn Vôi,missing_province_context,Trạm thu phí Thị Trấn Vôi,keep,Trạm thu phí Thị Trấn Vôi,keep,keep,0.9,"Tên hiện tại đã rõ và khớp với nguồn Google/current, mặc dù thiếu ngữ cảnh tỉnh.",keep,Trạm thu phí Thị Trấn Vôi,
vn-toll-results-7c93585939dabb,toll_station,20.620462,105.749682,Trạm Thu Vé Thắng Cảnh Chùa Hương,Trạm Thu Vé Thắng Cảnh Chùa Hương | Trạm Thu Vé Thắng Cảnh Chùa Hương,missing_province_context,Trạm Thu Vé Thắng Cảnh Chùa Hương,keep,Trạm Thu Vé Thắng Cảnh Chùa Hương,keep,keep,0.9,"Tên hiện tại đã rõ ràng và khớp với nguồn Google, không cần thay đổi.",keep,Trạm Thu Vé Thắng Cảnh Chùa Hương,
vn-toll-results-c6169ba64724d7,toll_station,8.954324,105.101025,Trạm thu phí BOT Cầu Chà Là,Trạm thu phí BOT Cầu Chà Là | Trạm thu phí BOT Cầu Chà Là,missing_province_context,Trạm thu phí BOT Cầu Chà Là,keep,Trạm thu phí BOT Cầu Chà Là,keep,keep,0.9,"Tên hiện tại đã rõ ràng và khớp với nguồn Google, không cần thay đổi.",keep,Trạm thu phí BOT Cầu Chà Là,
vn-toll-results-369644b8378979,toll_station,9.094715,105.153419,Trạm thu phí BOT Cầu Hoà Trung,Trạm thu phí BOT Cầu Hoà Trung | Trạm thu phí BOT Cầu Hoà Trung,missing_province_context,Trạm thu phí BOT Cầu Hoà Trung,keep,Trạm thu phí BOT Cầu Hoà Trung,keep,keep,0.9,"Tên hiện tại đã rõ ràng và khớp với nguồn Google, không cần thay đổi.",keep,Trạm thu phí BOT Cầu Hoà Trung,
vn-toll-results-2548de6c7d62ae,toll_station,10.907639,106.790988,Trạm thu phí Bình Thung,Trạm thu phí Bình Thung | Trạm thu phí Bình Thung,missing_province_context,Trạm thu phí Bình Thung,keep,Trạm thu phí Bình Thung,keep,keep,0.9,"Tên hiện tại đã rõ ràng và khớp với nguồn Google, không có bằng chứng sai lệch.",keep,Trạm thu phí Bình Thung,
vn-toll-results-740a234f764bbb,toll_station,10.412132,106.164817,Trạm thu phí Cai Lậy,Trạm thu phí Cai Lậy | Trạm thu phí Cai Lậy,missing_province_context,Trạm thu phí Cai Lậy,keep,Trạm thu phí Cai Lậy,keep,keep,0.9,"Tên hiện tại đã rõ ràng và khớp với nguồn Google, không cần thay đổi.",keep,Trạm thu phí Cai Lậy,
vn-toll-results-1c3e261351c189,toll_station,11.880694,109.09664,Trạm thu phí Cam Thịnh Đông,Trạm thu phí Cam Thịnh Đông | Trạm thu phí Cam Thịnh Đông,missing_province_context,Trạm thu phí Cam Thịnh Đông,keep,Trạm thu phí Cam Thịnh Đông,keep,keep,0.9,"Tên hiện tại đã rõ ràng và khớp với nguồn Google, không cần thay đổi.",keep,Trạm thu phí Cam Thịnh Đông,
vn-toll-results-99e95a3669a3f8,toll_station,20.288189,106.012548,Trạm thu phí Cao Bồ,Trạm thu phí Cao Bồ | Trạm thu phí Cao Bồ,missing_province_context,Trạm thu phí Cao Bồ,keep,Trạm thu phí Cao Bồ,keep,keep,0.9,"Tên hiện tại đã rõ và khớp với nguồn Google/current, chỉ thiếu ngữ cảnh tỉnh.",keep,Trạm thu phí Cao Bồ,
vn-toll-results-2494ccf7f28041,toll_station,11.363849,106.62765,Trạm thu phí Chơn Thành,Trạm thu phí Chơn Thành | Trạm thu phí Chơn Thành,missing_province_context,Trạm thu phí Chơn Thành,keep,Trạm thu phí Chơn Thành,keep,keep,0.9,Tên hiện tại đã rõ và khớp với nguồn Google/current.,keep,Trạm thu phí Chơn Thành,
vn-toll-results-d29ed70a638d07,toll_station,10.68161,106.557509,Trạm thu phí Chợ Đệm,Trạm thu phí Chợ Đệm | Trạm thu phí Chợ Đệm,missing_province_context,Trạm thu phí Chợ Đệm,keep,Trạm thu phí Chợ Đệm,keep,keep,0.9,"Tên hiện tại đã rõ ràng và khớp với nguồn Google, không cần thay đổi.",keep,Trạm thu phí Chợ Đệm,
vn-toll-results-8ff6c50876e0b4,toll_station,13.413567,108.092846,Trạm thu phí Cầu 110,Trạm thu phí Cầu 110 | Trạm thu phí Cầu 110,missing_province_context,Trạm thu phí Cầu 110,keep,Trạm thu phí Cầu 110,keep,keep,0.9,"Tên hiện tại đã rõ ràng và khớp với nguồn Google, không cần thêm thông tin tỉnh.",keep,Trạm thu phí Cầu 110,
vn-toll-results-2d89abdd48d147,toll_station,10.743632,105.298343,Trạm thu phí Cầu Cái Vừng,Trạm thu phí Cầu Cái Vừng | Trạm thu phí Cầu Cái Vừng,missing_province_context,Trạm thu phí Cầu Cái Vừng,keep,Trạm thu phí Cầu Cái Vừng,keep,keep,0.9,"Tên hiện tại đã rõ ràng và khớp với nguồn Google, mặc dù thiếu ngữ cảnh tỉnh.",keep,Trạm thu phí Cầu Cái Vừng,
vn-toll-results-01b795c3aac577,toll_station,10.462812,106.644148,Trạm thu phí Cầu Mỹ Lợi,Trạm thu phí Cầu Mỹ Lợi | Trạm thu phí Cầu Mỹ Lợi,missing_province_context,Trạm thu phí Cầu Mỹ Lợi,keep,Trạm thu phí Cầu Mỹ Lợi,keep,keep,0.9,"Tên hiện tại đã rõ ràng và khớp với nguồn Google, không cần thay đổi.",keep,Trạm thu phí Cầu Mỹ Lợi,
vn-toll-results-ca56e8b14241e6,toll_station,10.983539,106.643176,Trạm thu phí Cầu Phú Cường,Trạm thu phí Cầu Phú Cường | Trạm thu phí Cầu Phú Cường,missing_province_context,Trạm thu phí Cầu Phú Cường,keep,Trạm thu phí Cầu Phú Cường,keep,keep,0.9,"Tên hiện tại đã rõ ràng và khớp với nguồn Google, không cần thay đổi.",keep,Trạm thu phí Cầu Phú Cường,
vn-toll-results-6e730c62d2763e,toll_station,9.314628,105.017323,Trạm thu phí Cầu Qua Sông Cái Tàu,Trạm thu phí Cầu Qua Sông Cái Tàu | Trạm thu phí Cầu Qua Sông Cái Tàu,missing_province_context,Trạm thu phí Cầu Qua Sông Cái Tàu,keep,Trạm thu phí Cầu Qua Sông Cái Tàu,keep,keep,0.9,"Tên hiện tại đã rõ và khớp với nguồn Google, không cần thay đổi.",keep,Trạm thu phí Cầu Qua Sông Cái Tàu,
vn-toll-results-28d3bc49a698e9,toll_station,9.069026,104.967868,Trạm thu phí Cầu Trần Văn Thời,Trạm thu phí Cầu Trần Văn Thời | Trạm thu phí Cầu Trần Văn Thời,missing_province_context,Trạm thu phí Cầu Trần Văn Thời,keep,Trạm thu phí Cầu Trần Văn Thời,keep,keep,0.9,"Tên hiện tại đã rõ ràng và khớp với nguồn Google, không cần thay đổi.",keep,Trạm thu phí Cầu Trần Văn Thời,
vn-toll-results-adcaa96d531180,toll_station,9.438099,104.930935,Trạm thu phí Cầu qua Sông Cái Tàu,Trạm thu phí Cầu qua Sông Cái Tàu | Trạm thu phí Cầu qua Sông Cái Tàu,missing_province_context,Trạm thu phí Cầu qua Sông Cái Tàu,keep,Trạm thu phí Cầu qua Sông Cái Tàu,keep,keep,0.9,"Tên hiện tại đã rõ ràng và khớp với nguồn Google, không cần thay đổi.",keep,Trạm thu phí Cầu qua Sông Cái Tàu,
vn-toll-results-c53dfe0022532c,toll_station,9.460895,105.044275,Trạm thu phí Cầu treo Tân Bằng,Trạm thu phí Cầu treo Tân Bằng | Trạm thu phí Cầu treo Tân Bằng,missing_province_context,Trạm thu phí Cầu treo Tân Bằng,keep,Trạm thu phí Cầu treo Tân Bằng,keep,keep,0.9,"Tên hiện tại đã rõ ràng và khớp với nguồn Google, không cần thay đổi.",keep,Trạm thu phí Cầu treo Tân Bằng,
vn-toll-results-56e61462afce7f,toll_station,10.516136,105.321055,Trạm thu phí Cầu Đình Bình Thủy,Trạm thu phí Cầu Đình Bình Thủy | Trạm thu phí Cầu Đình Bình Thủy,missing_province_context,Trạm thu phí Cầu Đình Bình Thủy,keep,Trạm thu phí Cầu Đình Bình Thủy,keep,keep,0.9,"Tên hiện tại đã rõ ràng và khớp với nguồn Google, không cần thay đổi.",keep,Trạm thu phí Cầu Đình Bình Thủy,
vn-toll-results-4af1a34590c361,toll_station,20.107342,105.54336,Trạm thu phí Cẩm Vân,Trạm thu phí Cẩm Vân | Trạm thu phí Cẩm Vân,missing_province_context,Trạm thu phí Cẩm Vân,keep,Trạm thu phí Cẩm Vân,keep,keep,0.9,"Tên hiện tại đã rõ và khớp với nguồn Google/current, mặc dù thiếu ngữ cảnh tỉnh.",keep,Trạm thu phí Cẩm Vân,
vn-toll-results-8a1e5b19f33024,toll_station,11.746694,109.056815,Trạm thu phí Du Long,Trạm thu phí Du Long | Trạm thu phí Du Long,missing_province_context,Trạm thu phí Du Long,keep,Trạm thu phí Du Long,keep,keep,0.9,"Tên hiện tại đã rõ ràng và khớp với nguồn Google, không cần thay đổi.",keep,Trạm thu phí Du Long,
vn-toll-results-022c2d4e049418,toll_station,20.856773,106.294329,Trạm thu phí Gia Lộc,Trạm thu phí Gia Lộc | Trạm thu phí Gia Lộc,missing_province_context,Trạm thu phí Gia Lộc,keep,Trạm thu phí Gia Lộc,keep,keep,0.9,"Tên hiện tại đã rõ ràng và khớp với nguồn Google, không cần thay đổi.",keep,Trạm thu phí Gia Lộc,
vn-toll-results-de8a43dad059a1,toll_station,15.710278,108.3354,Trạm thu phí Hà Lam,Trạm thu phí Hà Lam | Trạm thu phí Hà Lam,missing_province_context,Trạm thu phí Hà Lam,keep,Trạm thu phí Hà Lam,keep,keep,0.9,"Tên hiện tại đã rõ và khớp với nguồn Google/current, mặc dù thiếu ngữ cảnh tỉnh.",keep,Trạm thu phí Hà Lam,
vn-toll-results-a7826df3ecbebc,toll_station,21.097299,107.353365,Trạm thu phí IC Cẩm Y,Trạm thu phí IC Cẩm Y | Trạm thu phí IC Cẩm Y,missing_province_context,Trạm thu phí IC Cẩm Y,keep,Trạm thu phí IC Cẩm Y,keep,keep,0.9,"Tên hiện tại đã rõ ràng và khớp với nguồn Google, không cần thay đổi.",keep,Trạm thu phí IC Cẩm Y,
vn-toll-results-0c9c1042e1b704,toll_station,21.698947,104.841234,Trạm thu phí IC13,Trạm thu phí IC13 | Trạm thu phí IC13,missing_province_context,Trạm thu phí IC13,keep,Trạm thu phí IC13,keep,keep,0.9,"Tên hiện tại đã rõ ràng và khớp với nguồn Google, không cần thay đổi.",keep,Trạm thu phí IC13,
vn-toll-results-3f24069383f14c,toll_station,11.313348,108.724658,Trạm thu phí Km 133+770,Trạm thu phí Km 133+770 | Trạm thu phí Km 133+770,missing_province_context,Trạm thu phí Km 133+770,keep,Trạm thu phí Km 133+770,keep,keep,0.9,"Tên hiện tại đã rõ ràng và khớp với nguồn Google, không cần thay đổi.",keep,Trạm thu phí Km 133+770,
vn-toll-results-a521fbe8e35eee,toll_station,18.956451,105.561797,Trạm thu phí Km 430+500,Trạm thu phí Km 430+500 | Trạm thu phí Km 430+500,missing_province_context,Trạm thu phí Km 430+500,keep,Trạm thu phí Km 430+500,keep,keep,0.9,"Tên hiện tại đã rõ ràng và khớp với nguồn Google, không cần thay đổi.",keep,Trạm thu phí Km 430+500,
vn-toll-results-9dc19a42074b4a,toll_station,13.944457,108.857778,Trạm thu phí Km 49+550 Quốc lộ 19,Trạm thu phí Km 49+550 Quốc lộ 19 | Trạm thu phí Km 49+550 Quốc lộ 19,missing_province_context,Trạm thu phí Km 49+550 Quốc lộ 19,keep,Trạm thu phí Km 49+550 Quốc lộ 19,keep,keep,0.9,"Tên hiện tại đã rõ ràng và khớp với nguồn Google, không cần thay đổi.",keep,Trạm thu phí Km 49+550 Quốc lộ 19,
vn-toll-results-9fdb7bd62b601c,toll_station,10.335235,105.896793,Trạm thu phí Km 98+320,Trạm thu phí Km 98+320 | Trạm thu phí Km 98+320,missing_province_context,Trạm thu phí Km 98+320,keep,Trạm thu phí Km 98+320,keep,keep,0.9,"Tên hiện tại đã rõ và khớp với nguồn Google/current, không cần thay đổi.",keep,Trạm thu phí Km 98+320,
vn-toll-results-f5b1c9ee7be221,toll_station,10.669806,106.549196,Trạm thu phí Mỹ Yên,Trạm thu phí Mỹ Yên | Trạm thu phí Mỹ Yên,missing_province_context,Trạm thu phí Mỹ Yên,keep,Trạm thu phí Mỹ Yên,keep,keep,0.9,"Tên hiện tại đã rõ và khớp với nguồn Google/current, mặc dù thiếu ngữ cảnh tỉnh.",keep,Trạm thu phí Mỹ Yên,
vn-toll-results-266c1e08c589a2,toll_station,18.823337,105.586381,Trạm thu phí Nghi Phương,Trạm thu phí Nghi Phương | Trạm thu phí Nghi Phương,missing_province_context,Trạm thu phí Nghi Phương,keep,Trạm thu phí Nghi Phương,keep,keep,0.9,"Tên hiện tại đã rõ và khớp với nguồn Google/current, mặc dù thiếu ngữ cảnh tỉnh.",keep,Trạm thu phí Nghi Phương,
vn-toll-results-fad32966cfa215,toll_station,10.695588,106.615414,Trạm thu phí Nguyễn Văn Linh,Trạm thu phí Nguyễn Văn Linh | Trạm thu phí Nguyễn Văn Linh,missing_province_context,Trạm thu phí Nguyễn Văn Linh,keep,Trạm thu phí Nguyễn Văn Linh,keep,keep,0.9,"Tên hiện tại đã rõ ràng và khớp với nguồn Google, không cần thay đổi.",keep,Trạm thu phí Nguyễn Văn Linh,
vn-toll-results-bb9426cc4e67e1,toll_station,10.729191,106.695497,Trạm thu phí Nguyễn Văn Linh,Trạm thu phí Nguyễn Văn Linh | Trạm thu phí Nguyễn Văn Linh,missing_province_context,Trạm thu phí Nguyễn Văn Linh,keep,Trạm thu phí Nguyễn Văn Linh,keep,keep,0.9,"Tên hiện tại đã rõ ràng và khớp với nguồn Google, không cần thay đổi.",keep,Trạm thu phí Nguyễn Văn Linh,
vn-toll-results-17fee3612cf4d5,toll_station,10.816613,106.601444,Trạm thu phí Ngã tư Gò Mây,Trạm thu phí Ngã tư Gò Mây | Trạm thu phí Ngã tư Gò Mây,missing_province_context,Trạm thu phí Ngã tư Gò Mây,keep,Trạm thu phí Ngã tư Gò Mây,keep,keep,0.9,"Tên hiện tại đã rõ ràng và khớp với nguồn Google/current, không cần thay đổi.",keep,Trạm thu phí Ngã tư Gò Mây,
vn-toll-results-de8a81843b9749,toll_station,12.507261,109.068792,Trạm thu phí Ninh Xuân,Trạm thu phí Ninh Xuân | Trạm thu phí Ninh Xuân,missing_province_context,Trạm thu phí Ninh Xuân,keep,Trạm thu phí Ninh Xuân,keep,keep,0.9,"Tên hiện tại đã rõ ràng và khớp với nguồn Google, không cần thay đổi.",keep,Trạm thu phí Ninh Xuân,
vn-toll-results-a300be367f4317,toll_station,11.630338,108.895937,Trạm thu phí Phan Rang,Trạm thu phí Phan Rang | Trạm thu phí Phan Rang,missing_province_context,Trạm thu phí Phan Rang,keep,Trạm thu phí Phan Rang,keep,keep,0.9,"Tên hiện tại đã rõ ràng và khớp với nguồn Google, không cần thay đổi.",keep,Trạm thu phí Phan Rang,
vn-toll-results-d2c3a2fa53e365,toll_station,22.315763,104.178686,Trạm thu phí Phố Lu (IC17),Trạm thu phí Phố Lu (IC17) | Trạm thu phí Phố Lu (IC17),missing_province_context,Trạm thu phí Phố Lu (IC17),keep,Trạm thu phí Phố Lu,rename,keep,0.9,"Tên hiện tại có phần ngoặc '(IC17)' không cần thiết và không có trong nguồn Google, tên đã rõ ràng và khớp với nguồn chính thức.",keep,Trạm thu phí Phố Lu (IC17),Human override: keep Google/current name; IC/parenthetical info may be useful.
vn-toll-results-87b32e88b6f14c,toll_station,10.765087,106.961871,Trạm thu phí Quốc lộ 51,Trạm thu phí Quốc lộ 51 | Trạm thu phí Quốc lộ 51,missing_province_context,Trạm thu phí Quốc lộ 51,keep,Trạm thu phí Quốc lộ 51,keep,keep,0.9,"Tên hiện tại đã rõ và khớp với nguồn Google/current, không cần thay đổi.",keep,Trạm thu phí Quốc lộ 51,
vn-toll-results-1c40652edb303e,toll_station,18.534196,105.657742,Trạm thu phí Quốc lộ 8A,Trạm thu phí Quốc lộ 8A | Trạm thu phí Quốc lộ 8A,missing_province_context,Trạm thu phí Quốc lộ 8A,keep,Trạm thu phí Quốc lộ 8A,keep,keep,0.9,Tên hiện tại đã rõ và khớp với nguồn Google/current.,keep,Trạm thu phí Quốc lộ 8A,
vn-toll-results-852b9a6b761f54,toll_station,21.438924,105.123438,Trạm thu phí Sai Nga (IC10),Trạm thu phí Sai Nga (IC10) | Trạm thu phí Sai Nga (IC10),missing_province_context,Trạm thu phí Sai Nga (IC10),keep,Trạm thu phí Sai Nga,rename,keep,0.9,"Tên hiện tại có phần '(IC10)' không cần thiết và không có trong nguồn Google, tên đã rõ ràng và khớp với nguồn chính thức.",keep,Trạm thu phí Sai Nga (IC10),Human override: keep Google/current name; IC/parenthetical info may be useful.
vn-toll-results-cb934a0bf0ccfe,toll_station,12.664256,108.114946,Trạm thu phí Sân bay Buôn Ma Thuột,Trạm thu phí Sân bay Buôn Ma Thuột | Trạm thu phí Sân bay Buôn Ma Thuột,missing_province_context,Trạm thu phí Sân bay Buôn Ma Thuột,keep,Trạm thu phí Sân bay Buôn Ma Thuột,keep,keep,0.9,"Tên hiện tại đã rõ ràng và khớp với nguồn Google, không cần thay đổi.",keep,Trạm thu phí Sân bay Buôn Ma Thuột,
vn-toll-results-b3e81bf484735a,toll_station,15.415423,108.703482,Trạm thu phí Sân bay Chu Lai,Trạm thu phí Sân bay Chu Lai | Trạm thu phí Sân bay Chu Lai,missing_province_context,Trạm thu phí Sân bay Chu Lai,keep,Trạm thu phí Sân bay Chu Lai,keep,keep,0.9,"Tên hiện tại đã rõ và khớp với nguồn Google/current, mặc dù thiếu ngữ cảnh tỉnh.",keep,Trạm thu phí Sân bay Chu Lai,
vn-toll-results-8da48e912d0c21,toll_station,9.175154,105.175839,Trạm thu phí Sân bay Cà Mau,Trạm thu phí Sân bay Cà Mau | Trạm thu phí Sân bay Cà Mau,missing_province_context,Trạm thu phí Sân bay Cà Mau,keep,Trạm thu phí Sân bay Cà Mau,keep,keep,0.9,"Tên hiện tại đã rõ và khớp với nguồn Google/current, chỉ thiếu ngữ cảnh tỉnh.",keep,Trạm thu phí Sân bay Cà Mau,
vn-toll-results-812f332fb6a582,toll_station,8.730259,106.628381,Trạm thu phí Sân bay Côn Đảo,Trạm thu phí Sân bay Côn Đảo | Trạm thu phí Sân bay Côn Đảo,missing_province_context,Trạm thu phí Sân bay Côn Đảo,keep,Trạm thu phí Sân bay Côn Đảo,keep,keep,0.9,"Tên hiện tại đã rõ ràng và khớp với nguồn Google, không cần thay đổi.",keep,Trạm thu phí Sân bay Côn Đảo,
vn-toll-results-e5947651734d79,toll_station,11.746721,108.370191,Trạm thu phí Sân bay Liên Khương,Trạm thu phí Sân bay Liên Khương | Trạm thu phí Sân bay Liên Khương,missing_province_context,Trạm thu phí Sân bay Liên Khương,keep,Trạm thu phí Sân bay Liên Khương,keep,keep,0.9,Tên hiện tại đã rõ và khớp với nguồn Google/current.,keep,Trạm thu phí Sân bay Liên Khương,
vn-toll-results-5322ec51832366,toll_station,13.953545,109.050349,Trạm thu phí Sân bay Phù Cát,Trạm thu phí Sân bay Phù Cát | Trạm thu phí Sân bay Phù Cát,missing_province_context,Trạm thu phí Sân bay Phù Cát,keep,Trạm thu phí Sân bay Phù Cát,keep,keep,0.9,"Tên hiện tại đã rõ ràng và khớp với nguồn Google, không cần thay đổi.",keep,Trạm thu phí Sân bay Phù Cát,
vn-toll-results-9d556e8755f432,toll_station,16.394408,107.698361,Trạm thu phí Sân bay Phú Bài,Trạm thu phí Sân bay Phú Bài | Trạm thu phí Sân bay Phú Bài,missing_province_context,Trạm thu phí Sân bay Phú Bài,keep,Trạm thu phí Sân bay Phú Bài,keep,keep,0.9,"Tên hiện tại đã rõ ràng và khớp với nguồn Google, không cần thay đổi.",keep,Trạm thu phí Sân bay Phú Bài,
vn-toll-results-89f2f678011e91,toll_station,10.159664,103.99769,Trạm thu phí Sân bay Phú Quốc,Trạm thu phí Sân bay Phú Quốc | Trạm thu phí Sân bay Phú Quốc,missing_province_context,Trạm thu phí Sân bay Phú Quốc,keep,Trạm thu phí Sân bay Phú Quốc,keep,keep,0.9,"Tên hiện tại đã rõ ràng và khớp với nguồn Google, không cần thay đổi.",keep,Trạm thu phí Sân bay Phú Quốc,
vn-toll-results-f5cbe3fb32560c,toll_station,9.960942,105.133597,Trạm thu phí Sân bay Rạch Giá,Trạm thu phí Sân bay Rạch Giá | Trạm thu phí Sân bay Rạch Giá,missing_province_context,Trạm thu phí Sân bay Rạch Giá,keep,Trạm thu phí Sân bay Rạch Giá,keep,keep,0.9,"Tên hiện tại đã rõ ràng và khớp với nguồn Google, không cần thay đổi.",keep,Trạm thu phí Sân bay Rạch Giá,
vn-toll-results-227af1af3afdf1,toll_station,19.892215,105.473591,Trạm thu phí Sân bay Thọ Xuân,Trạm thu phí Sân bay Thọ Xuân | Trạm thu phí Sân bay Thọ Xuân,missing_province_context,Trạm thu phí Sân bay Thọ Xuân,keep,Trạm thu phí Sân bay Thọ Xuân,keep,keep,0.9,"Tên hiện tại đã rõ ràng và khớp với nguồn Google, không cần thay đổi.",keep,Trạm thu phí Sân bay Thọ Xuân,
vn-toll-results-87932c98aea4d2,toll_station,13.05066,109.346302,Trạm thu phí Sân bay Tuy Hoà,Trạm thu phí Sân bay Tuy Hoà | Trạm thu phí Sân bay Tuy Hoà,missing_province_context,Trạm thu phí Sân bay Tuy Hoà,keep,Trạm thu phí Sân bay Tuy Hoà,keep,keep,0.9,"Tên hiện tại đã rõ ràng và khớp với nguồn Google, không cần thay đổi.",keep,Trạm thu phí Sân bay Tuy Hoà,
vn-toll-results-939faa49c400d0,toll_station,16.050873,108.206409,Trạm thu phí Sân bay Đà Nẵng,Trạm thu phí Sân bay Đà Nẵng | Trạm thu phí Sân bay Đà Nẵng,missing_province_context,Trạm thu phí Sân bay Đà Nẵng,keep,Trạm thu phí Sân bay Đà Nẵng,keep,keep,0.9,"Tên hiện tại đã rõ ràng và khớp với nguồn Google, không cần thay đổi.",keep,Trạm thu phí Sân bay Đà Nẵng,
vn-toll-results-84e23a122c88c0,toll_station,16.058042,108.20406,Trạm thu phí Sân bay Đà Nẵng,Trạm thu phí Sân bay Đà Nẵng | Trạm thu phí Sân bay Đà Nẵng,missing_province_context,Trạm thu phí Sân bay Đà Nẵng,keep,Trạm thu phí Sân bay Đà Nẵng,keep,keep,0.9,"Tên hiện tại đã rõ ràng và khớp với nguồn Google, không cần thay đổi.",keep,Trạm thu phí Sân bay Đà Nẵng,
vn-toll-results-d1f02767544d7f,toll_station,10.972717,106.800761,Trạm thu phí Số 1 - ĐT768,Trạm thu phí Số 1 - ĐT768 | Trạm thu phí Số 1 - ĐT768,missing_province_context,Trạm thu phí Số 1 - ĐT768,keep,Trạm thu phí Số 1 - ĐT768,keep,keep,0.9,"Tên hiện tại đã rõ và khớp với nguồn Google, không cần thay đổi.",keep,Trạm thu phí Số 1 - ĐT768,
vn-toll-results-7d8a668438a5d0,toll_station,10.974075,106.771396,Trạm thu phí Số 2 - ĐT747A Km 1+670,Trạm thu phí Số 2 - ĐT747A Km 1+670 | Trạm thu phí Số 2 - ĐT747A Km 1+670,missing_province_context,Trạm thu phí Số 2 - ĐT747A Km 1+670,keep,Trạm thu phí Số 2 - ĐT747A Km 1+670,keep,keep,0.9,"Tên hiện tại đã rõ ràng và khớp với nguồn Google, không cần thay đổi.",keep,Trạm thu phí Số 2 - ĐT747A Km 1+670,
vn-toll-results-1c57136a69c8e5,toll_station,10.980267,106.847811,Trạm thu phí Số 2A - ĐT768,Trạm thu phí Số 2A - ĐT768 | Trạm thu phí Số 2A - ĐT768,missing_province_context,Trạm thu phí Số 2A - ĐT768,keep,Trạm thu phí Số 2A - ĐT768,keep,keep,0.9,"Tên hiện tại đã rõ và khớp với nguồn Google/current, không cần thay đổi.",keep,Trạm thu phí Số 2A - ĐT768,
vn-toll-results-6e4533b3acd003,toll_station,11.028277,106.777486,Trạm thu phí Số 3 - ĐT 747A Km 9+120,Trạm thu phí Số 3 - ĐT 747A Km 9+120 | Trạm thu phí Số 3 - ĐT 747A Km 9+120,missing_province_context,Trạm thu phí Số 3 - ĐT 747A Km 9+120,keep,Trạm thu phí Số 3 - ĐT 747A Km 9+120,keep,keep,0.9,"Tên hiện tại đã rõ ràng và khớp với nguồn Google, không có bằng chứng sai sót.",keep,Trạm thu phí Số 3 - ĐT 747A Km 9+120,
vn-toll-results-118a315fd99ba0,toll_station,11.028268,106.913057,Trạm thu phí Số 3A - ĐT768,Trạm thu phí Số 3A - ĐT768 | Trạm thu phí Số 3A - ĐT768,missing_province_context,Trạm thu phí Số 3A - ĐT768,keep,Trạm thu phí Số 3A - ĐT768,keep,keep,0.9,"Tên hiện tại đã rõ và khớp với nguồn Google, không cần thay đổi.",keep,Trạm thu phí Số 3A - ĐT768,
vn-toll-results-4d20271e734d74,toll_station,11.023644,106.899633,Trạm thu phí Số 3B - ĐT768,Trạm thu phí Số 3B - ĐT768 | Trạm thu phí Số 3B - ĐT768,missing_province_context,Trạm thu phí Số 3B - ĐT768,keep,Trạm thu phí Số 3B - ĐT768,keep,keep,0.9,"Tên hiện tại đã rõ và khớp với nguồn Google/current, mặc dù thiếu ngữ cảnh tỉnh.",keep,Trạm thu phí Số 3B - ĐT768,
vn-toll-results-17bd13a8f54c64,toll_station,21.357265,105.606161,Trạm thu phí Tam Đảo (IC4),Trạm thu phí Tam Đảo (IC4) | Trạm thu phí Tam Đảo (IC4),missing_province_context,Trạm thu phí Tam Đảo (IC4),keep,Trạm thu phí Tam Đảo,rename,keep,0.9,Tên hiện tại có phần ngoặc không cần thiết và không có thông tin bổ sung từ nguồn chính thức.,keep,Trạm thu phí Tam Đảo (IC4),Human override: keep Google/current name; IC/parenthetical info may be useful.
vn-toll-results-386eef74a7fe33,toll_station,10.435296,106.295124,Trạm thu phí Thân Cửu Nghĩa - Chốt CA kiểm tra,Trạm thu phí Thân Cửu Nghĩa - Chốt CA kiểm tra | Trạm thu phí Thân Cửu Nghĩa - Chốt CA kiểm tra,missing_province_context,Trạm thu phí Thân Cửu Nghĩa - Chốt CA kiểm tra,keep,Trạm thu phí Thân Cửu Nghĩa - Chốt CA kiểm tra,keep,keep,0.9,"Tên hiện tại đã rõ ràng và khớp với nguồn Google, không cần thay đổi.",keep,Trạm thu phí Thân Cửu Nghĩa - Chốt CA kiểm tra,
vn-toll-results-1a88faa5c34efa,toll_station,20.87189,105.877504,Trạm thu phí Thường Tín,Trạm thu phí Thường Tín | Trạm thu phí Thường Tín,missing_province_context,Trạm thu phí Thường Tín,keep,Trạm thu phí Thường Tín,keep,keep,0.9,"Tên hiện tại đã rõ ràng và khớp với nguồn Google, không cần thay đổi.",keep,Trạm thu phí Thường Tín,
vn-toll-results-832551acb9094e,toll_station,12.561158,107.822379,Trạm thu phí Toàn Mỹ 14 (Km 1807+500),Trạm thu phí Toàn Mỹ 14 (Km 1807+500) | Trạm thu phí Toàn Mỹ 14 (Km 1807+500),missing_province_context,Trạm thu phí Toàn Mỹ 14 (Km 1807+500),keep,Trạm thu phí Toàn Mỹ 14 (Km 1807+500),keep,keep,0.9,"Tên hiện tại đã rõ ràng và khớp với nguồn Google, không cần thay đổi.",keep,Trạm thu phí Toàn Mỹ 14 (Km 1807+500),
vn-toll-results-43cd4ceb51a555,toll_station,22.152732,104.343695,Trạm thu phí Văn Bàn (IC16),Trạm thu phí Văn Bàn (IC16) | Trạm thu phí Văn Bàn (IC16),missing_province_context,Trạm thu phí Văn Bàn (IC16),keep,Trạm thu phí Văn Bàn,rename,keep,0.9,"Tên hiện tại có phần '(IC16)' không cần thiết và không có trong nguồn Google, cần loại bỏ để chuẩn hóa tên.",keep,Trạm thu phí Văn Bàn (IC16),Human override: keep Google/current name; IC/parenthetical info may be useful.
vn-toll-results-bb234595df3e9c,toll_station,10.81902,106.757905,Trạm thu phí Xa Lộ Hà Nội,Trạm thu phí Xa Lộ Hà Nội | Trạm thu phí Xa Lộ Hà Nội,missing_province_context,Trạm thu phí Xa Lộ Hà Nội,keep,Trạm thu phí Xa Lộ Hà Nội,keep,keep,0.9,"Tên hiện tại đã rõ ràng và khớp với nguồn Google, không cần thay đổi.",keep,Trạm thu phí Xa Lộ Hà Nội,
vn-toll-results-b2d41027212383,toll_station,10.823889,106.759614,Trạm thu phí Xa lộ Hà Nội,Trạm thu phí Xa lộ Hà Nội | Trạm thu phí Xa lộ Hà Nội,missing_province_context,Trạm thu phí Xa lộ Hà Nội,keep,Trạm thu phí Xa lộ Hà Nội,keep,keep,0.9,"Tên hiện tại đã rõ ràng và khớp với nguồn Google, không có bằng chứng sai lệch.",keep,Trạm thu phí Xa lộ Hà Nội,
vn-toll-results-bb6920af6c9fa1,toll_station,22.343404,104.106081,Trạm thu phí Xuân Giao (IC18),Trạm thu phí Xuân Giao (IC18) | Trạm thu phí Xuân Giao (IC18),missing_province_context,Trạm thu phí Xuân Giao (IC18),keep,Trạm thu phí Xuân Giao,rename,keep,0.9,Tên hiện tại có phần địa danh trong ngoặc không cần thiết và không có bằng chứng từ nguồn chính xác để giữ lại.,keep,Trạm thu phí Xuân Giao (IC18),Human override: keep Google/current name; IC/parenthetical info may be useful.
vn-toll-results-e3b23ff691ff97,toll_station,21.648031,104.891031,Trạm thu phí Yên Bái (IC12),Trạm thu phí Yên Bái (IC12) | Trạm thu phí Yên Bái (IC12),missing_province_context,Trạm thu phí Yên Bái (IC12),keep,Trạm thu phí Yên Bái,rename,keep,0.9,Tên hiện tại có phần địa danh trong ngoặc không cần thiết và không có nguồn hỗ trợ rõ ràng cho phần này.,keep,Trạm thu phí Yên Bái (IC12),Human override: keep Google/current name; IC/parenthetical info may be useful.
vn-toll-results-4427bf100242b5,toll_station,10.838926,107.147478,Trạm thu phí Đường cao tốc Phan Thiết - Dầu Giây,Trạm thu phí Đường cao tốc Phan Thiết - Dầu Giây | Trạm thu phí Đường cao tốc Phan Thiết - Dầu Giây,missing_province_context;missing_road_context,Trạm thu phí Đường cao tốc Phan Thiết - Dầu Giây,keep,Trạm thu phí Đường cao tốc Phan Thiết - Dầu Giây,keep,keep,0.9,"Tên hiện tại đã rõ ràng và khớp với nguồn Google, không cần thay đổi.",keep,Trạm thu phí Đường cao tốc Phan Thiết - Dầu Giây,
vn-toll-results-e9bcdc9b6ca90e,toll_station,10.824753,106.603516,Trạm thu phí Đường M1,Trạm thu phí Đường M1 | Trạm thu phí Đường M1,missing_province_context,Trạm thu phí Đường M1,keep,Trạm thu phí Đường M1,keep,keep,0.9,"Tên hiện tại đã rõ và khớp với nguồn Google/current, chỉ thiếu ngữ cảnh tỉnh.",keep,Trạm thu phí Đường M1,
vn-toll-results-77e47d2d58be12,toll_station,10.789745,106.595885,Trạm thu phí Đường Tân Kỳ Tân Quý,Trạm thu phí Đường Tân Kỳ Tân Quý | Trạm thu phí Đường Tân Kỳ Tân Quý,missing_province_context,Trạm thu phí Đường Tân Kỳ Tân Quý,keep,Trạm thu phí Đường Tân Kỳ Tân Quý,keep,keep,0.9,"Tên hiện tại đã rõ ràng và khớp với nguồn Google, không cần thay đổi.",keep,Trạm thu phí Đường Tân Kỳ Tân Quý,
vn-toll-results-76d3e5c63fb60c,toll_station,10.82501,106.602115,Trạm thu phí Đường số 7,Trạm thu phí Đường số 7 | Trạm thu phí Đường số 7,missing_province_context,Trạm thu phí Đường số 7,keep,Trạm thu phí Đường số 7,keep,keep,0.9,"Tên hiện tại đã rõ và khớp với nguồn Google/current, mặc dù thiếu ngữ cảnh tỉnh.",keep,Trạm thu phí Đường số 7,
vn-toll-results-292365965dc6de,toll_station,20.70211,105.912933,Trạm thu phí Đại Xuyên 2,Trạm thu phí Đại Xuyên 2 | Trạm thu phí Đại Xuyên 2,missing_province_context,Trạm thu phí Đại Xuyên 2,keep,Trạm thu phí Đại Xuyên 2,keep,keep,0.9,"Tên hiện tại đã rõ ràng và khớp với nguồn Google, không cần thay đổi.",keep,Trạm thu phí Đại Xuyên 2,
vn-toll-results-bbbbbeef41c550,toll_station,21.213758,105.801742,Trạm phát vé lối vào ga nội địa sân bay Nội Bài,Trạm phát vé lối vào ga nội địa sân bay Nội Bài | Trạm phát vé lối vào ga nội địa sân bay Nội Bài,missing_province_context,Trạm phát vé lối vào ga nội địa sân bay Nội Bài,keep,Trạm phát vé lối vào ga nội địa sân bay Nội Bài,keep,keep,0.95,"Tên hiện tại đã rõ ràng và khớp với nguồn Google, không cần thay đổi.",keep,Trạm phát vé lối vào ga nội địa sân bay Nội Bài,
vn-toll-results-f4ed6158c3a30d,toll_station,10.547452,106.372365,Trạm thu phí Tân An,Trạm thu phí Tân An | Trạm thu phí Tân An,missing_province_context,Trạm thu phí́ Tân An,keep,Trạm thu phí Tân An,keep,keep,0.9,"Tên hiện tại đã rõ ràng và khớp với nguồn Google, không cần thay đổi.",keep,Trạm thu phí Tân An,
vn-toll-results-c17a2376b0cb89,toll_station,10.776661,106.92935,Trạm thu phí 319 KCN CNC Long Thành,Trạm thu phí 319 KCN CNC Long Thành | Trạm thu phí 319 KCN CNC Long Thành,missing_province_context,Trạm thu phí 319 KCN CNC Long Thành,keep,Trạm thu phí 319 KCN CNC Long Thành,keep,keep,0.9,"Tên hiện tại đã rõ ràng và khớp với nguồn Google, không cần thay đổi.",keep,Trạm thu phí 319 KCN CNC Long Thành,
vn-toll-results-d7533fd75a68cf,toll_station,10.660946,106.723442,Trạm thu phí 4,Trạm thu phí 4 | Trạm thu phí 4,missing_province_context,Trạm thu phí 4,keep,Trạm thu phí 4,keep,keep,0.9,"Tên hiện tại đã rõ ràng và khớp với nguồn Google, không cần thay đổi.",keep,Trạm thu phí 4,
vn-toll-results-fbc3025936ef80,toll_station,10.653937,106.938063,Trạm thu phí 5,Trạm thu phí 5 | Trạm thu phí 5,missing_province_context,Trạm thu phí 5,keep,Trạm thu phí 5,keep,keep,0.9,"Tên hiện tại đã rõ và khớp với nguồn Google/current, mặc dù thiếu ngữ cảnh tỉnh.",keep,Trạm thu phí 5,
vn-toll-results-e2c61b4e755938,toll_station,10.663812,106.971937,Trạm thu phí 6,Trạm thu phí 6 | Trạm thu phí 6,missing_province_context,Trạm thu phí 6,keep,Trạm thu phí 6,keep,keep,0.9,"Tên hiện tại đã rõ ràng và khớp với nguồn Google, không cần thay đổi.",keep,Trạm thu phí 6,
vn-toll-results-bded8a9f2a57c8,toll_station,10.730745,106.610549,Trạm thu phí An Lạc,Trạm thu phí An Lạc | Trạm thu phí An Lạc,missing_province_context,Trạm thu phí An Lạc,keep,Trạm thu phí An Lạc,keep,keep,0.9,"Tên hiện tại đã rõ ràng và khớp với nguồn Google, không cần thay đổi.",keep,Trạm thu phí An Lạc,
vn-toll-results-6ff2252e49786b,toll_station,18.706686,105.613888,Trạm thu phí BOT,Trạm thu phí BOT | Trạm thu phí BOT,missing_province_context,Trạm thu phí BOT,keep,Trạm thu phí BOT,keep,keep,0.9,"Tên hiện tại đã rõ ràng và khớp với nguồn Google, không có bằng chứng nào cho thấy tên này sai.",keep,Trạm thu phí BOT,
vn-toll-results-3a563783bca3f4,toll_station,10.661281,106.55914,Trạm thu phí Bình Chánh,Trạm thu phí Bình Chánh | Trạm thu phí Bình Chánh,missing_province_context,Trạm thu phí Bình Chánh,keep,Trạm thu phí Bình Chánh,keep,keep,0.9,"Tên hiện tại đã rõ và khớp với nguồn Google/current, mặc dù thiếu ngữ cảnh tỉnh.",keep,Trạm thu phí Bình Chánh,
vn-toll-results-f0dbe8703fe60a,toll_station,20.124809,105.851581,Trạm thu phí Bắc Bỉm Sơn,Trạm thu phí Bắc Bỉm Sơn | Trạm thu phí Bắc Bỉm Sơn,missing_province_context,Trạm thu phí Bắc Bỉm Sơn,keep,Trạm thu phí Bắc Bỉm Sơn,keep,keep,0.9,"Tên hiện tại đã rõ và khớp với nguồn Google/current, chỉ thiếu ngữ cảnh tỉnh.",keep,Trạm thu phí Bắc Bỉm Sơn,
vn-toll-results-f54373378a0b16,toll_station,20.28872,106.014311,Trạm thu phí Cầu Giẽ - Ninh Bình Cao Bồ,Trạm thu phí Cầu Giẽ - Ninh Bình Cao Bồ | Trạm thu phí Cầu Giẽ - Ninh Bình Cao Bồ,missing_province_context,Trạm thu phí Cầu Giẽ - Ninh Bình Cao Bồ,keep,Trạm thu phí Cầu Giẽ - Ninh Bình Cao Bồ,keep,keep,0.9,"Tên hiện tại đã rõ ràng và khớp với nguồn Google, không cần thay đổi.",keep,Trạm thu phí Cầu Giẽ - Ninh Bình Cao Bồ,
vn-toll-results-951e281d14350c,toll_station,10.502437,105.494554,Trạm thu phí Cầu Mỹ Luông,Trạm thu phí Cầu Mỹ Luông | Trạm thu phí Cầu Mỹ Luông,missing_province_context,Trạm thu phí Cầu Mỹ Luông,keep,Trạm thu phí Cầu Mỹ Luông,keep,keep,0.9,"Tên hiện tại đã rõ ràng và khớp với nguồn Google, không có bằng chứng sai lệch.",keep,Trạm thu phí Cầu Mỹ Luông,
vn-toll-results-48248f4a436b06,toll_station,21.878211,104.675454,Trạm thu phí IC14,Trạm thu phí IC14 | Trạm thu phí IC14,missing_province_context,Trạm thu phí IC14,keep,Trạm thu phí IC14,keep,keep,0.9,"Tên hiện tại đã rõ ràng và khớp với nguồn Google, không cần thay đổi.",keep,Trạm thu phí IC14,
vn-toll-results-4b51c698d91be4,toll_station,21.35819,105.605608,Trạm thu phí IC4,Trạm thu phí IC4 | Trạm thu phí IC4,missing_province_context,Trạm thu phí IC4,keep,Trạm thu phí IC4,keep,keep,0.9,"Tên hiện tại đã rõ và khớp với nguồn Google/current, không cần thay đổi.",keep,Trạm thu phí IC4,
vn-toll-results-df25b7187cd049,toll_station,20.707464,105.917503,Trạm thu phí KCN HANSSIP,Trạm thu phí KCN HANSSIP | Trạm thu phí KCN HANSSIP,missing_province_context,Trạm thu phí KCN HANSSIP,keep,Trạm thu phí KCN HANSSIP,keep,keep,0.9,"Tên hiện tại đã rõ và khớp với nguồn Google, không có bằng chứng sai lệch.",keep,Trạm thu phí KCN HANSSIP,
vn-toll-results-b81e9e3b43b716,toll_station,20.539974,105.948268,Trạm thu phí Liêm Tuyền,Trạm thu phí Liêm Tuyền | Trạm thu phí Liêm Tuyền,missing_province_context,Trạm thu phí Liêm Tuyền,keep,Trạm thu phí Liêm Tuyền,keep,keep,0.9,Tên hiện tại đã rõ và khớp với nguồn Google/current.,keep,Trạm thu phí Liêm Tuyền,
vn-toll-results-67a6e410a10e41,toll_station,20.540081,105.947552,Trạm thu phí Liêm Tuyền (Hà Nội ra Phủ Lý),Trạm thu phí Liêm Tuyền (Hà Nội ra Phủ Lý) | Trạm thu phí Liêm Tuyền (Hà Nội ra Phủ Lý),missing_province_context,Trạm thu phí Liêm Tuyền (Hà Nội ra Phủ Lý),keep,Trạm thu phí Liêm Tuyền,keep,keep,0.9,"Tên hiện tại đã rõ ràng và khớp với nguồn Google/current, không cần thêm thông tin địa danh trong ngoặc.",keep,Trạm thu phí Liêm Tuyền (Hà Nội ra Phủ Lý),
vn-toll-results-16c530e1f92491,toll_station,20.538149,105.947656,Trạm thu phí Liêm Tuyền (Lối vào đi nam),Trạm thu phí Liêm Tuyền (Lối vào đi nam) | Trạm thu phí Liêm Tuyền (Lối vào đi nam),missing_province_context,Trạm thu phí Liêm Tuyền (Lối vào đi nam),keep,Trạm thu phí Liêm Tuyền,keep,keep,0.9,"Tên hiện tại đã rõ ràng và khớp với nguồn Google, không cần thêm phần mô tả trong ngoặc.",keep,Trạm thu phí Liêm Tuyền (Lối vào đi nam),
vn-toll-results-cf024083593b52,toll_station,10.660347,106.726839,Trạm thu phí Long Thới,Trạm thu phí Long Thới | Trạm thu phí Long Thới,missing_province_context,Trạm thu phí Long Thới,keep,Trạm thu phí Long Thới,keep,keep,0.9,"Tên hiện tại đã rõ ràng và khớp với nguồn Google, không cần thay đổi.",keep,Trạm thu phí Long Thới,
vn-toll-results-fe4d3c24e951ab,toll_station,10.786715,106.830901,Trạm thu phí Long Trường,Trạm thu phí Long Trường | Trạm thu phí Long Trường,missing_province_context,Trạm thu phí Long Trường,keep,Trạm thu phí Long Trường,keep,keep,0.9,"Tên hiện tại đã rõ ràng và khớp với nguồn Google, không cần thay đổi.",keep,Trạm thu phí Long Trường,
vn-toll-results-a77105c244cb59,toll_station,10.859563,107.235763,Trạm thu phí Nút giao Cẩm Mỹ,Trạm thu phí Nút giao Cẩm Mỹ | Trạm thu phí Nút giao Cẩm Mỹ,missing_province_context,Trạm thu phí Nút giao Cẩm Mỹ,keep,Trạm thu phí Nút giao Cẩm Mỹ,keep,keep,0.9,"Tên hiện tại đã rõ và khớp với nguồn Google/current, chỉ thiếu thông tin tỉnh.",keep,Trạm thu phí Nút giao Cẩm Mỹ,
vn-toll-results-1c45c3fd6f4111,toll_station,10.896345,107.421286,Trạm thu phí Nút giao Xuân Lộc,Trạm thu phí Nút giao Xuân Lộc | Trạm thu phí Nút giao Xuân Lộc,missing_province_context,Trạm thu phí Nút giao Xuân Lộc,keep,Trạm thu phí Nút giao Xuân Lộc,keep,keep,0.9,"Tên hiện tại đã rõ ràng và khớp với nguồn Google, không cần thay đổi.",keep,Trạm thu phí Nút giao Xuân Lộc,
vn-toll-results-c52faf9b348b92,toll_station,11.627912,108.898875,Trạm thu phí Phan Rang,Trạm thu phí Phan Rang | Trạm thu phí Phan Rang,missing_province_context,Trạm thu phí Phan Rang,keep,Trạm thu phí Phan Rang,keep,keep,0.9,"Tên hiện tại đã rõ ràng và khớp với nguồn Google, không cần thay đổi.",keep,Trạm thu phí Phan Rang,
vn-toll-results-70c775f8a4e694,toll_station,10.791609,106.80744,Trạm thu phí Phú Hữu,Trạm thu phí Phú Hữu | Trạm thu phí Phú Hữu,missing_province_context,Trạm thu phí Phú Hữu,keep,Trạm thu phí Phú Hữu,keep,keep,0.9,"Tên hiện tại đã rõ ràng và khớp với nguồn Google, không cần bổ sung địa danh hoặc thông tin khác.",keep,Trạm thu phí Phú Hữu,
vn-toll-results-44baec63600db9,toll_station,11.564076,106.953961,Trạm thu phí Quốc lộ 14 - BP,Trạm thu phí Quốc lộ 14 - BP | Trạm thu phí Quốc lộ 14 - BP,missing_province_context,Trạm thu phí Quốc lộ 14 - BP,keep,Trạm thu phí Quốc lộ 14 - BP,keep,keep,0.9,"Tên hiện tại đã rõ ràng và khớp với nguồn Google, không cần thay đổi.",keep,Trạm thu phí Quốc lộ 14 - BP,
vn-toll-results-4e016e7a8a920c,toll_station,21.094946,105.964594,Trạm thu phí Quốc lộ 1A,Trạm thu phí Quốc lộ 1A | Trạm thu phí Quốc lộ 1A,missing_province_context,Trạm thu phí Quốc lộ 1A,keep,Trạm thu phí Quốc lộ 1A,keep,keep,0.9,"Tên hiện tại đã rõ và khớp với nguồn Google, không cần thay đổi.",keep,Trạm thu phí Quốc lộ 1A,
vn-toll-results-e34a65c079e78f,toll_station,10.903162,106.844208,Trạm thu phí Quốc lộ 1A,Trạm thu phí Quốc lộ 1A | Trạm thu phí Quốc lộ 1A,missing_province_context,Trạm thu phí Quốc lộ 1A,keep,Trạm thu phí Quốc lộ 1A,keep,keep,0.9,"Tên hiện tại đã rõ ràng và khớp với nguồn Google, không cần thay đổi.",keep,Trạm thu phí Quốc lộ 1A,
vn-toll-results-3daee83ecd2a3e,toll_station,21.457198,106.295906,Trạm thu phí Quốc Lộ,Trạm thu phí Quốc Lộ | Trạm thu phí Quốc Lộ,missing_province_context,Trạm thu phí Quốc Lộ,keep,Trạm thu phí Quốc Lộ,keep,keep,0.9,"Tên hiện tại đã rõ và khớp với nguồn Google/current, không cần thay đổi.",keep,Trạm thu phí Quốc Lộ,
vn-toll-results-fa75fee205f2ec,toll_station,20.000406,105.770482,Trạm thu phí Tống Sơn (Hà Lĩnh cũ),Trạm thu phí Tống Sơn (Hà Lĩnh cũ) | Trạm thu phí Tống Sơn (Hà Lĩnh cũ),missing_province_context,Trạm thu phí Tống Sơn (Hà Lĩnh cũ),keep,Trạm thu phí Tống Sơn,rename,keep,0.9,"Tên hiện tại có phần mô tả '(Hà Lĩnh cũ)' không cần thiết và không có trong nguồn Google, nên đề xuất loại bỏ để giữ tên ngắn gọn và rõ ràng hơn.",keep,Trạm thu phí Tống Sơn (Hà Lĩnh cũ),Human override: keep Google/current name; IC/parenthetical info may be useful.
vn-toll-results-0e3b2adaf70013,toll_station,11.304399,108.725077,Trạm thu phí Vĩnh Hảo,Trạm thu phí Vĩnh Hảo | Trạm thu phí Vĩnh Hảo,missing_province_context,Trạm thu phí Vĩnh Hảo,keep,Trạm thu phí Vĩnh Hảo,keep,keep,0.9,"Tên hiện tại đã rõ và khớp với nguồn Google, không cần thay đổi.",keep,Trạm thu phí Vĩnh Hảo,
vn-toll-results-6783d7fc7181dc,toll_station,10.2664,105.874324,Trạm thu phí cầu Nguyễn Huệ,Trạm thu phí cầu Nguyễn Huệ | Trạm thu phí cầu Nguyễn Huệ,missing_province_context,Trạm thu phí cầu Nguyễn Huệ,keep,Trạm thu phí cầu Nguyễn Huệ,keep,keep,0.9,"Tên hiện tại đã rõ ràng và khớp với nguồn Google, không có bằng chứng sai lệch.",keep,Trạm thu phí cầu Nguyễn Huệ,
vn-toll-results-3fe3affe0cc9b6,toll_station,10.408434,105.859615,Trạm thu phí cầu Thanh Mỹ,Trạm thu phí cầu Thanh Mỹ | Trạm thu phí cầu Thanh Mỹ,missing_province_context,Trạm thu phí cầu Thanh Mỹ,keep,Trạm thu phí cầu Thanh Mỹ,keep,keep,0.9,"Tên hiện tại đã rõ ràng và khớp với nguồn Google, không cần thay đổi.",keep,Trạm thu phí cầu Thanh Mỹ,
vn-toll-results-e676b2fb54426d,toll_station,21.583927,105.865876,Trạm thu phí cầu treo Huống,Trạm thu phí cầu treo Huống | Trạm thu phí cầu treo Huống,missing_province_context,Trạm thu phí cầu treo Huống,keep,Trạm thu phí cầu treo Huống,keep,keep,0.9,"Tên hiện tại đã rõ ràng và khớp với nguồn Google/current, mặc dù thiếu ngữ cảnh tỉnh.",keep,Trạm thu phí cầu treo Huống,
vn-toll-results-77badfc41b20d1,toll_station,10.902997,106.843788,Trạm thu phí cầu Đồng Nai,Trạm thu phí cầu Đồng Nai | Trạm thu phí cầu Đồng Nai,missing_province_context,Trạm thu phí cầu Đồng Nai,keep,Trạm thu phí cầu Đồng Nai,keep,keep,0.9,"Tên hiện tại đã rõ ràng và khớp với nguồn Google, không cần thay đổi.",keep,Trạm thu phí cầu Đồng Nai,
vn-toll-results-902e161ae6a10c,toll_station,14.043348,109.027487,Trạm thu phí nút giao ĐT.634,Trạm thu phí nút giao ĐT.634 | Trạm thu phí nút giao ĐT.634,missing_province_context,Trạm thu phí nút giao ĐT.634,keep,Trạm thu phí nút giao ĐT.634,keep,keep,0.9,"Tên hiện tại đã rõ ràng và khớp với nguồn Google, không cần thay đổi.",keep,Trạm thu phí nút giao ĐT.634,
vn-toll-results-50257b7477bc9a,toll_station,10.660289,106.654482,Trạm thu phí số 03,Trạm thu phí số 03 | Trạm thu phí số 03,missing_province_context,Trạm thu phí số 03,keep,Trạm thu phí số 03,keep,keep,0.9,"Tên hiện tại đã rõ ràng và khớp với nguồn Google, không cần thay đổi.",keep,Trạm thu phí số 03,
vn-toll-results-7c4a93dd56bb9f,toll_station,11.031479,106.7755,Trạm thu phí số 3,Trạm thu phí số 3 | Trạm thu phí số 3,missing_province_context,Trạm thu phí số 3,keep,Trạm thu phí số 3,keep,keep,0.9,"Tên hiện tại đã rõ ràng và khớp với nguồn Google, không có bằng chứng sai lệch.",keep,Trạm thu phí số 3,
vn-toll-results-329cb8981a939e,toll_station,10.393306,106.143552,Trạm thu phí tuyến tránh TX Cai Lậy,Trạm thu phí tuyến tránh TX Cai Lậy | Trạm thu phí tuyến tránh TX Cai Lậy,missing_province_context,Trạm thu phí tuyến tránh TX Cai Lậy,keep,Trạm thu phí tuyến tránh TX Cai Lậy,keep,keep,0.9,"Tên hiện tại đã rõ ràng và khớp với nguồn Google, không cần thay đổi.",keep,Trạm thu phí tuyến tránh TX Cai Lậy,
vn-toll-results-6539ebfe9288e9,toll_station,17.939489,106.477189,Trạm thu phí Đèo Ngang,Trạm thu phí Đèo Ngang | Trạm thu phí Đèo Ngang,missing_province_context,Trạm thu phí Đèo Ngang,keep,Trạm thu phí Đèo Ngang,keep,keep,0.9,"Tên hiện tại đã rõ ràng và khớp với nguồn Google, không cần thay đổi.",keep,Trạm thu phí Đèo Ngang,
vn-toll-results-70491e7c25f059,toll_station,10.879647,106.911861,Trạm thu phí Đường chuyên dùng vận chuyển VLXD Phước Tân (Trạm Phước Tân),Trạm thu phí Đường chuyên dùng vận chuyển VLXD Phước Tân (Trạm Phước Tân) | Trạm thu phí Đường chuyên dùng vận chuyển VLXD Phước Tân (Trạm Phước Tân),missing_province_context,Trạm thu phí Đường chuyên dùng vận chuyển VLXD Phước Tân (Trạm Phước Tân),keep,Trạm thu phí Đường chuyên dùng vận chuyển VLXD Phước Tân,keep,keep,0.9,"Tên hiện tại đã rõ ràng và khớp với nguồn Google, không cần thay đổi.",keep,Trạm thu phí Đường chuyên dùng vận chuyển VLXD Phước Tân (Trạm Phước Tân),
vn-toll-results-c86839a8da086c,toll_station,20.169081,105.870207,Trạm thu phí Đồng Giao,Trạm thu phí Đồng Giao | Trạm thu phí Đồng Giao,missing_province_context,Trạm thu phí Đồng Giao,keep,Trạm thu phí Đồng Giao,keep,keep,0.9,"Tên hiện tại đã rõ và khớp với nguồn Google, không cần thay đổi.",keep,Trạm thu phí Đồng Giao,
vn-toll-results-60cc0884d97283,toll_station,10.977884,106.744844,Trạm thu phí đường bộ số 1 DT743,Trạm thu phí đường bộ số 1 DT743 | Trạm thu phí đường bộ số 1 DT743,missing_province_context,Trạm thu phí đường bộ số 1 DT743,keep,Trạm thu phí đường bộ số 1 DT743,keep,keep,0.9,"Tên hiện tại đã rõ và khớp với nguồn Google/current, mặc dù thiếu ngữ cảnh tỉnh.",keep,Trạm thu phí đường bộ số 1 DT743,
vn-toll-results-3a4913bba49761,toll_station,15.538297,108.453753,plaza toll tam ky,plaza toll tam ky | plaza toll tam ky,missing_province_context,plaza toll tam ky,keep,Plaza Toll Tam Kỳ,keep,keep,0.9,"Tên hiện tại đã rõ ràng và khớp với nguồn Google, không cần thay đổi.",keep,plaza toll tam ky,
vn-toll-results-0809040f917db9,toll_station,10.384581,107.064495,Điểm Thu Phí Bến Hải,Điểm Thu Phí Bến Hải | Điểm Thu Phí Bến Hải,missing_province_context,Điểm Thu Phí Bến Hải,keep,Điểm Thu Phí Bến Hải,keep,keep,0.9,"Tên hiện tại đã rõ ràng và khớp với nguồn Google, không cần thay đổi.",keep,Điểm Thu Phí Bến Hải,
vn-toll-results-18d929834244af,toll_station,10.888675,106.700936,Trạm thu phí,Trạm thu phí | Trạm thu phí,generic_name;missing_province_context,Trạm thu phí,keep,Trạm thu phí,keep,keep,0.9,"Tên hiện tại đã rõ và khớp với nguồn Google, không có bằng chứng sai lệch.",keep,Trạm thu phí,
vn-toll-results-389322d4f5b691,toll_station,10.430492,106.316667,Trạm thu phí,Trạm thu phí | Trạm thu phí,generic_name;missing_province_context,Trạm thu phí,keep,Trạm thu phí,keep,keep,0.9,"Tên hiện tại đã rõ và khớp với nguồn Google, mặc dù có vấn đề về tính chung chung và thiếu ngữ cảnh tỉnh.",keep,Trạm thu phí,
